Timestamp,Fx,Fy,Fz,Tx,Ty,Tz,Temperature
6242322301,-5.10E-05,-6.27E-05,5.29E-04,7.85E-06,-9.01E-04,6.90E-04,23.653791
6242332486,-7.73E-05,-5.45E-05,4.99E-04,1.97E-04,-4.93E-04,0.001203611,23.653791
6242342372,2.18E-05,1.81E-05,4.40E-04,7.13E-04,-0.001597545,0.00154752,23.653791
6242352464,1.37E-04,-4.95E-05,5.22E-04,4.31E-04,-0.001569184,0.002344182,23.653791
6242362580,1.91E-04,-1.68E-04,8.54E-04,5.90E-04,-0.002608274,0.002830832,23.653791
6242372561,2.77E-04,-8.91E-05,4.18E-04,4.02E-04,-0.003207764,0.002938083,23.653791
6242382632,1.76E-04,-6.24E-05,4.18E-04,6.51E-04,-0.002573353,0.00264701,23.653791
6242392714,1.27E-04,-1.33E-04,7.72E-04,8.88E-04,-0.002650894,0.003013582,23.653791
6242402848,6.88E-05,-1.24E-04,6.59E-04,4.92E-04,-0.002568387,0.002984539,23.653618
6242412758,6.93E-05,-2.20E-04,5.52E-04,-2.64E-04,-0.002390029,0.003236535,23.653618
6242422779,1.19E-04,-2.47E-04,2.64E-04,-4.22E-04,-0.001990836,0.002531963,23.653618
6242432817,2.10E-04,-2.68E-04,4.00E-04,-8.00E-04,-0.002204492,0.00168865,23.653618
6242442875,1.17E-04,-3.46E-04,6.69E-04,-3.19E-04,-0.001693449,0.002236225,23.653618
6242452898,1.68E-05,-2.77E-04,3.73E-04,-4.37E-04,-3.80E-04,0.002244879,23.653618
6242462898,1.50E-05,-1.39E-04,3.54E-04,-3.71E-05,1.08E-04,0.002313742,23.653618
6242473028,3.75E-05,-1.11E-04,8.49E-04,-2.89E-04,7.93E-04,0.001721847,23.653618
6242482998,7.55E-05,-1.12E-04,5.89E-04,-2.92E-04,0.001115316,0.00219019,23.653618
6242493258,1.86E-05,-6.21E-05,5.26E-04,7.04E-05,0.001831683,0.001574429,23.653618
6242503245,-7.59E-05,-6.65E-06,1.28E-04,-1.37E-04,0.00197497,0.001206682,23.655073
6242513221,-4.22E-05,1.55E-05,1.50E-04,2.80E-04,0.002291761,0.001739326,23.655073
6242523138,-2.36E-05,8.47E-06,4.41E-04,9.65E-04,0.001755203,0.001468649,23.655073
6242533499,-1.27E-04,3.62E-05,-7.11E-05,6.39E-04,0.002473851,0.002075304,23.655073
6242543259,-1.81E-04,4.58E-05,-9.87E-05,2.37E-04,0.00251266,0.001560058,23.655073
6242553345,-2.32E-04,-1.09E-04,1.23E-04,-1.27E-04,0.002187562,3.64E-04,23.655073
6242563310,-2.04E-04,-1.15E-04,-1.02E-04,-6.06E-04,0.001632554,-3.50E-05,23.655073
6242573377,-1.51E-04,-1.43E-04,-2.66E-04,-3.02E-04,0.001150736,9.32E-04,23.655073
6242583395,-2.41E-04,-5.98E-05,-6.33E-04,-3.84E-04,7.62E-04,7.57E-05,23.655073
6242593463,-1.73E-04,-7.78E-05,-4.08E-04,-4.12E-04,5.55E-04,0.001409248,23.655073
6242603578,1.05E-05,-1.04E-04,-1.59E-04,-3.48E-04,-8.28E-05,0.001250174,23.654016
6242613547,-3.94E-05,-9.50E-05,-4.38E-04,-2.19E-04,-3.60E-05,2.39E-04,23.654016
6242623560,-5.00E-05,-2.09E-05,-3.61E-04,-3.89E-04,-1.42E-04,0.001412169,23.654016
6242633777,-1.19E-05,-7.18E-05,5.50E-06,-3.22E-04,2.61E-04,0.001288703,23.654016
6242643628,-9.32E-05,-5.34E-05,-4.63E-05,3.07E-04,5.59E-04,0.00100227,23.654016
6242653644,2.80E-05,-4.24E-05,3.61E-05,3.91E-04,-2.81E-04,0.001162153,23.654016
6242663731,7.85E-05,-4.16E-05,-3.07E-04,3.65E-04,-3.70E-04,4.56E-04,23.654016
6242673865,2.94E-07,-6.82E-05,-3.29E-04,-7.18E-05,-2.70E-04,2.61E-04,23.654016
6242683773,1.78E-04,-2.21E-04,2.95E-04,-3.08E-05,-7.88E-05,2.95E-04,23.654016
6242694018,2.70E-04,-2.78E-04,-1.21E-04,-9.03E-04,-0.001369591,-1.69E-05,23.654016
6242703994,2.67E-04,-2.30E-04,1.01E-04,-6.53E-04,-0.001382981,3.70E-05,23.654537
6242713913,3.25E-04,-1.46E-04,4.00E-04,-6.78E-05,-0.001335857,-3.70E-05,23.654537
6242724057,3.23E-04,-1.32E-04,3.34E-04,2.88E-04,-3.30E-04,6.81E-07,23.654537
6242733999,4.82E-04,-1.84E-04,5.09E-04,-2.00E-04,-0.001876931,6.01E-04,23.654537
6242744022,5.29E-04,-8.77E-05,1.83E-04,-3.07E-04,-0.001951942,4.13E-04,23.654537
6242754060,4.66E-04,-1.34E-04,1.88E-04,4.39E-04,-0.001014501,1.36E-04,23.654537
6242764096,4.91E-04,-1.72E-04,7.37E-04,6.04E-04,-0.001839385,0.001337206,23.654537
6242774135,5.48E-04,-9.48E-05,4.74E-04,3.78E-04,-0.0024885,1.43E-04,23.654537
6242784246,4.75E-04,-7.57E-05,5.01E-04,-1.26E-04,-0.002289086,-6.95E-04,23.654537
6242794293,3.86E-04,-9.35E-06,7.56E-04,7.72E-04,-0.001972949,-4.20E-04,23.654537
6242804379,3.59E-04,-4.72E-05,5.92E-04,0.001010485,-0.001696265,2.30E-04,23.65422
6242814333,3.06E-04,-8.25E-05,7.64E-04,-4.46E-04,-0.001867457,-1.72E-04,23.65422
6242824415,3.52E-04,-5.10E-05,3.67E-04,-5.98E-04,-0.002572196,-2.37E-04,23.65422
6242834363,2.49E-04,-6.38E-05,3.24E-04,-2.65E-04,-0.002720065,-2.27E-04,23.65422
6242844482,2.47E-04,-1.59E-04,7.23E-04,-0.001546729,-0.002605529,5.64E-05,23.65422
6242854582,2.42E-04,-3.28E-05,3.45E-04,-0.001777788,-0.003183471,0.001175092,23.65422
6242864557,3.02E-04,-4.53E-05,3.67E-04,-0.001959957,-0.002945857,0.001331961,23.65422
6242874551,2.70E-04,-6.21E-05,5.64E-04,-0.001868884,-0.0023663,0.002195027,23.65422
6242884616,3.63E-04,-2.57E-05,2.14E-04,-0.001242742,-0.002072327,0.003190277,23.65422
6242894731,4.00E-04,-2.07E-05,4.43E-05,-0.001208921,-0.002401813,0.003824341,23.65422
6242904807,3.48E-04,-1.09E-04,-3.45E-04,-0.002114335,-0.002000812,0.00338262,23.65446
6242914754,2.97E-04,-4.18E-05,-4.30E-04,-6.52E-04,-0.001670757,0.00397683,23.65446
6242924826,1.42E-04,-1.52E-04,1.90E-04,-4.67E-04,-0.001592038,0.004534347,23.65446
6242934841,6.74E-05,-1.12E-04,-1.86E-04,-0.001159918,-9.98E-04,0.004311815,23.65446
6242944870,1.92E-04,-1.32E-04,-2.16E-04,-3.99E-04,-0.001181969,0.003841436,23.65446
6242954910,2.56E-04,-1.40E-04,6.34E-05,-8.39E-04,-0.0015073,0.003509199,23.65446
6242964898,6.43E-05,-9.04E-05,-1.94E-04,-3.94E-04,4.59E-05,0.002072623,23.65446
6242974994,7.95E-05,-1.22E-04,-1.04E-04,-3.88E-04,-2.78E-04,0.00256256,23.65446
6242985090,8.44E-05,-8.66E-05,-4.10E-04,-8.08E-04,-0.001420614,0.002651609,23.65446
6242995130,6.66E-05,-2.02E-04,-1.51E-04,-0.001227951,-6.22E-04,0.002150722,23.65446
6243005249,7.52E-05,-1.61E-04,3.59E-04,-8.31E-04,-0.001124201,0.002895092,23.655205
6243015217,1.76E-04,-1.85E-04,-1.98E-05,-0.001830791,-0.001025037,0.001630008,23.655205
6243025303,1.78E-04,-1.65E-04,-8.59E-05,-0.002300787,-5.54E-04,0.001611248,23.655205
6243035211,2.98E-04,-1.77E-04,2.30E-04,-0.00175659,-0.001573295,0.00148506,23.655205
6243045306,2.75E-04,-1.58E-04,2.11E-04,-0.001248887,-0.002328371,0.001665807,23.655205
6243055307,2.33E-04,-2.39E-04,4.33E-05,-0.001651108,-0.001410134,0.001952221,23.655205
6243065374,2.64E-04,-2.18E-04,-1.54E-04,-0.002284109,-0.002320961,0.001382701,23.655205
6243075486,2.83E-04,-1.77E-04,-2.39E-04,-0.001942427,-0.002818237,0.001556342,23.655205
6243085512,2.18E-04,-2.71E-04,3.91E-04,-0.001948824,-0.001955494,0.001297857,23.655205
6243095613,1.85E-04,-1.54E-04,-2.42E-04,-0.001715245,-0.00187998,9.39E-04,23.655205
6243105676,1.69E-04,-7.06E-05,-4.44E-04,-0.001193913,-0.002024761,4.69E-04,23.65571
6243115555,7.45E-06,-1.41E-04,-1.17E-04,-5.28E-04,-0.001036808,0.001709066,23.65571
6243126488,1.18E-05,-2.16E-04,-2.82E-04,-6.31E-04,-7.11E-04,0.001339557,23.65571
6243135694,-1.20E-04,-1.85E-04,-2.33E-04,-4.75E-04,8.42E-04,0.002061413,23.65571
6243145720,-2.32E-04,-1.90E-04,-6.52E-04,-0.001129157,9.96E-04,0.001485239,23.65571
6243155749,-1.91E-04,-1.33E-04,-4.24E-04,-5.58E-04,8.58E-05,0.001209202,23.65571
6243165784,-1.07E-04,-2.43E-04,-2.82E-06,-8.66E-04,8.34E-04,0.002710685,23.65571
6243175864,-1.77E-04,-1.08E-04,-5.23E-04,-2.72E-04,0.00125832,0.001740107,23.65571
6243186080,-2.64E-04,-6.32E-05,-4.65E-04,-5.72E-05,0.001407871,0.00210797,23.65571
6243195996,-2.77E-04,-9.20E-05,1.81E-04,-4.13E-04,0.002066847,0.002998274,23.65571
6243206044,-2.16E-04,-2.45E-04,1.34E-04,-0.001010338,0.002163955,0.003246521,23.656628
6243216005,-1.09E-04,-1.94E-04,1.34E-04,-8.93E-04,6.61E-04,0.002900816,23.656628
6243226011,-4.24E-05,-8.34E-05,-2.19E-04,-5.11E-04,4.01E-04,0.002571677,23.656628
6243236066,1.06E-05,-1.03E-04,-4.17E-04,-9.17E-04,-5.44E-05,0.001682831,23.656628
6243246090,-5.59E-06,-1.37E-04,6.01E-05,-4.59E-04,0.001151227,0.002608452,23.656628
6243256215,1.55E-04,-6.28E-05,-4.28E-04,-2.73E-04,-2.77E-04,0.001388463,23.656628
6243266267,7.57E-05,1.02E-04,-5.72E-04,0.001340413,-4.82E-04,6.80E-04,23.656628
6243276213,7.15E-05,-1.16E-04,-4.36E-05,8.69E-04,-9.91E-06,6.68E-04,23.656628
6243286297,1.21E-04,-9.46E-05,-3.65E-04,6.72E-04,2.28E-04,1.33E-04,23.656628
6243296422,1.64E-04,-8.44E-05,-6.11E-04,0.001267127,-7.88E-04,-5.00E-05,23.656628
6243306476,1.57E-04,3.99E-05,-9.40E-04,0.001407516,-3.42E-04,-0.001192524,23.656103
6243316490,1.12E-04,5.76E-05,-7.45E-04,0.001507835,2.14E-04,-9.80E-04,23.656103
6243326473,2.03E-04,6.95E-06,-2.66E-04,6.28E-04,-2.56E-04,1.57E-04,23.656103
6243336464,1.88E-04,1.37E-05,-4.72E-04,-6.32E-05,2.37E-04,-5.89E-05,23.656103
6243346585,2.44E-04,1.04E-04,-5.07E-04,5.41E-04,-3.00E-04,4.77E-04,23.656103
6243356546,9.44E-05,-6.55E-05,-2.12E-04,-7.04E-04,0.001072033,0.001091372,23.656103
6243366607,4.89E-06,-1.68E-04,-2.34E-04,-0.00176452,0.001912456,0.002177391,23.656103
6243376640,1.15E-04,-7.50E-05,-2.75E-04,-0.00200953,0.001032423,0.001666342,23.656103
6243386699,7.40E-05,-9.86E-05,-5.52E-04,-0.002147411,9.75E-04,0.001948766,23.656103
6243396778,9.95E-05,-8.46E-05,-3.27E-04,-0.002216575,7.06E-04,0.001309334,23.656103
6243406875,4.37E-06,-1.41E-04,1.33E-04,-0.001894402,0.001532371,0.002049036,23.65534
6243416830,3.53E-05,-1.26E-04,-2.37E-04,-0.002277188,0.00114079,0.001482418,23.65534
6243426908,-8.10E-05,-1.59E-04,-4.29E-04,-0.002487995,0.001797901,9.62E-04,23.65534
6243437012,-5.72E-05,-2.81E-04,-9.75E-05,-0.002658815,8.97E-04,4.43E-04,23.65534
6243446897,-1.53E-04,-2.98E-04,-6.48E-05,-0.003196753,0.001157861,-7.33E-05,23.65534
6243456955,-1.53E-04,-2.26E-04,-6.71E-05,-0.002284808,1.00E-03,-3.36E-04,23.65534
6243467045,-1.18E-04,-1.37E-04,-4.40E-04,-0.00203961,2.47E-04,-0.00151539,23.65534
6243477067,-4.89E-05,-2.24E-04,-4.56E-04,-0.001582744,-2.47E-04,-3.74E-04,23.65534
6243487139,-5.50E-05,-2.99E-04,-2.57E-05,-0.001629769,7.41E-05,-1.73E-04,23.65534
6243497240,-6.93E-05,-1.67E-04,-4.37E-04,-0.002002846,-7.10E-05,-2.10E-04,23.65534
6243507316,-7.21E-05,-1.57E-04,-5.13E-04,-0.001957262,-0.001014102,2.61E-04,23.655464
6243517183,-8.01E-05,-2.23E-04,-2.44E-04,-0.001693834,-0.001464828,7.75E-04,23.655464
6243527254,-1.14E-05,-2.04E-04,-4.38E-04,-9.17E-04,-0.002230576,-4.40E-05,23.655464
6243537382,-8.42E-05,-1.28E-04,-5.58E-04,-3.93E-04,-0.001547798,9.99E-04,23.655464
6243547349,-5.81E-05,-1.40E-04,-9.59E-04,-9.01E-04,-0.001407716,9.21E-04,23.655464
6243557398,-3.99E-05,-8.35E-05,-7.70E-04,-4.63E-04,-0.00112657,8.25E-04,23.655464
6243567403,1.14E-04,-1.68E-04,-2.03E-04,-7.96E-04,-0.001702784,0.001492805,23.655464
6243577502,4.10E-05,-1.70E-04,-4.52E-04,-0.001134389,-0.001774677,9.49E-04,23.655464
6243587498,2.29E-04,-1.48E-04,-4.93E-04,-0.001420991,-0.002416875,7.48E-04,23.655464
6243597548,1.27E-04,-3.09E-04,-2.69E-04,-9.58E-04,-0.002094399,2.73E-04,23.655464
6243607707,2.06E-04,-3.11E-04,-3.68E-04,-0.001508437,-0.001545975,7.33E-04,23.655266
6243617649,3.13E-04,-2.98E-04,-4.92E-04,-0.001574634,-0.001561816,3.84E-04,23.655266
6243627690,2.41E-04,-2.77E-04,-7.16E-04,-0.001804637,-0.001482414,-3.06E-04,23.655266
6243637682,2.37E-04,-2.04E-04,-6.31E-04,-5.94E-04,-0.001784643,-3.79E-04,23.655266
6243647728,2.53E-04,-2.16E-04,-1.17E-05,-0.001029,-0.001717356,-3.30E-04,23.655266
6243657807,3.24E-04,-1.97E-04,-3.82E-04,-0.001107811,-0.002322553,-8.85E-04,23.655266
6243667986,1.64E-04,-1.47E-04,-4.30E-04,4.06E-04,-0.001629111,2.18E-04,23.655266
6243678011,1.63E-04,-5.77E-05,-7.94E-05,3.06E-04,-0.001031923,1.28E-04,23.655266
6243687896,8.12E-05,-5.95E-05,-2.41E-04,5.51E-04,-0.001044826,1.24E-04,23.655266
6243698035,1.56E-04,-3.32E-05,-3.09E-04,1.51E-04,-9.53E-04,0.00109002,23.655266
6243708222,1.42E-05,1.10E-05,-6.24E-04,4.64E-04,2.74E-04,9.48E-04,23.65331
6243718109,-7.46E-05,2.75E-05,-3.42E-04,5.59E-04,8.99E-04,0.00133943,23.65331
6243728057,-2.79E-06,7.77E-06,2.20E-04,2.50E-04,7.68E-04,0.002039253,23.65331
6243738118,5.94E-05,-2.31E-05,-1.23E-04,-6.07E-04,5.48E-04,0.00259399,23.65331
6243748145,5.84E-05,2.84E-06,-2.60E-04,3.54E-04,2.59E-04,0.002467071,23.65331
6243758261,-2.86E-05,-1.72E-04,-1.93E-05,-7.70E-04,0.001052942,0.003065604,23.65331
6243768235,-1.22E-04,-1.86E-04,-6.88E-05,-0.001305668,9.78E-04,0.00236771,23.65331
6243778269,-2.51E-04,-2.21E-04,-1.73E-04,-6.50E-04,0.001897597,0.002736822,23.65331
6243788315,-2.28E-04,-8.66E-05,-5.81E-04,-1.56E-04,0.00156635,0.002744029,23.65331
6243798394,-2.43E-04,-5.20E-05,-4.13E-04,-1.34E-04,0.001530705,0.002114983,23.65331
6243808670,-2.24E-04,-1.73E-04,1.70E-04,-8.37E-04,6.22E-04,0.002092494,23.655556
6243818495,-1.51E-04,-2.76E-04,-3.35E-04,-0.00180088,3.48E-04,0.001610147,23.655556
6243828474,-1.78E-04,-2.45E-04,-4.22E-04,-0.00121681,7.74E-04,0.002146163,23.655556
6243838549,-2.16E-04,-2.02E-04,-2.00E-04,-0.001012783,0.001102639,0.001544891,23.655556
6243848532,-2.58E-04,-1.78E-04,-4.25E-04,-9.13E-04,0.001043691,0.001860107,23.655556
6243858614,-2.00E-04,-1.63E-04,-4.55E-04,-3.99E-04,8.21E-04,0.002047396,23.655556
6243868612,-4.81E-05,-9.56E-05,-7.81E-04,-4.97E-04,2.39E-04,0.001507732,23.655556
6243878677,7.57E-05,-1.56E-04,-6.93E-04,-0.00104576,-6.19E-04,0.001612786,23.655556
6243888675,-3.41E-05,-3.46E-04,8.68E-05,-0.001800548,4.80E-04,0.00180553,23.655556
6243898832,-2.03E-05,-2.98E-04,-4.56E-04,-0.001902317,2.80E-04,9.18E-04,23.655556
6243908905,1.47E-04,-2.23E-04,-6.45E-04,-0.001515796,1.84E-04,5.99E-04,23.654287
6243918857,9.29E-05,-1.54E-04,-2.22E-04,-5.80E-04,4.51E-04,0.001223924,23.654287
6243928922,1.42E-04,-1.76E-04,-4.26E-04,-0.001545285,3.47E-04,9.70E-04,23.654287
6243938889,2.09E-04,-2.35E-04,-3.69E-04,-0.00169268,3.66E-04,2.91E-04,23.654287
6243949292,2.56E-04,-1.82E-04,-7.41E-04,-0.001736251,-1.87E-04,7.89E-05,23.654287
6243959036,3.15E-04,-7.30E-05,-7.55E-04,-0.001045685,-2.68E-04,1.42E-04,23.654287
6243969132,3.92E-04,-1.56E-04,-2.64E-04,-0.001683662,-0.001232564,6.14E-04,23.654287
6243979155,3.56E-04,-1.32E-05,-5.33E-04,-0.001859489,-0.001361291,4.45E-04,23.654287
6243989199,4.17E-04,-2.14E-05,-6.75E-04,-0.001752763,-0.001591235,5.89E-04,23.654287
6243999264,4.61E-04,3.85E-06,-2.29E-04,-0.001886655,-0.001748943,-2.24E-05,23.654287
6244009427,3.58E-04,8.26E-05,-1.71E-04,-0.001098983,-0.00159548,-2.72E-04,23.654543
6244019241,2.86E-04,7.76E-05,-2.53E-04,-0.001446501,-0.001375659,-0.001120568,23.654543
6244029425,3.04E-04,1.37E-04,-5.68E-04,-4.60E-04,-0.001334538,-9.22E-04,23.654543
6244039443,2.97E-04,1.15E-04,-5.07E-04,-5.49E-04,-0.001454267,-2.68E-04,23.654543
6244049380,2.88E-04,6.28E-05,1.20E-04,8.77E-05,-9.67E-04,-1.60E-04,23.654543
6244059410,2.76E-04,-1.97E-05,-1.16E-05,-4.87E-04,-0.001139294,-7.29E-04,23.654543
6244069572,1.16E-04,4.84E-06,4.02E-05,1.61E-04,7.08E-04,-0.001623526,23.654543
6244079623,8.32E-05,-4.41E-05,8.14E-05,7.35E-04,5.55E-04,-0.002756919,23.654543
6244089637,1.83E-04,1.89E-05,-1.57E-04,0.00119963,4.49E-04,-0.002418491,23.654543
6244099819,1.48E-04,-8.59E-05,-5.81E-05,8.58E-04,4.23E-04,-9.69E-04,23.654543
6244109731,9.76E-05,-7.46E-05,-5.10E-04,1.54E-04,3.27E-04,-0.001390385,23.65433
6244119640,7.29E-05,-1.80E-04,-4.12E-04,-2.14E-04,2.26E-04,-9.35E-04,23.65433
6244129729,6.19E-05,-2.52E-04,1.83E-05,-5.19E-04,4.19E-04,-8.98E-05,23.65433
6244140855,8.50E-05,-9.70E-05,-5.38E-04,-2.08E-04,4.27E-04,6.73E-05,23.65433
6244149818,6.48E-05,-6.33E-05,-6.28E-04,-4.71E-04,6.23E-04,2.21E-04,23.65433
6244159839,-2.84E-06,-8.26E-05,-3.40E-04,1.52E-04,0.001223869,3.01E-04,23.65433
6244169874,6.14E-05,-3.53E-05,-5.10E-04,2.37E-04,1.50E-04,2.72E-04,23.65433
6244179966,1.27E-04,-6.72E-05,-5.10E-04,-5.81E-05,-1.43E-04,-9.16E-05,23.65433
6244189959,-9.75E-05,2.98E-05,-6.77E-04,2.22E-04,3.79E-04,-4.96E-05,23.65433
6244200058,-2.78E-05,-3.77E-05,-5.89E-04,2.21E-04,3.45E-04,0.001093749,23.65433
6244210118,-1.93E-05,-7.38E-05,8.61E-06,5.25E-04,4.91E-04,0.001671113,23.65324
6244220163,9.12E-05,1.14E-04,-2.68E-04,7.31E-04,-3.67E-04,0.001183386,23.65324
6244230116,5.30E-05,6.00E-05,-3.20E-04,7.31E-04,1.79E-04,8.45E-04,23.65324
6244240111,-3.72E-06,-5.22E-05,2.85E-04,4.89E-05,4.84E-04,3.35E-05,23.65324
6244250271,2.98E-05,-1.15E-04,1.26E-04,3.54E-05,-1.40E-04,9.71E-04,23.65324
6244260256,1.64E-04,-1.00E-04,4.11E-05,-1.82E-04,-0.001549913,9.23E-05,23.65324
6244270306,2.25E-04,-6.27E-05,-3.98E-04,-9.84E-04,-0.001432585,8.30E-04,23.65324
6244280329,2.36E-04,-1.26E-04,-3.37E-04,-5.62E-04,-8.94E-04,0.001514279,23.65324
6244290367,3.47E-04,-2.47E-04,7.05E-05,-9.96E-04,-0.001813087,4.92E-04,23.65324
6244300544,2.37E-04,-9.27E-05,-4.25E-04,-5.98E-04,-0.001024027,-6.37E-04,23.65324
6244310592,3.39E-04,-1.95E-04,-4.23E-04,-0.001216505,-0.001169216,-3.76E-04,23.654545
6244320478,3.39E-04,-2.92E-04,-2.73E-04,-0.001402954,-0.001019265,-5.57E-04,23.654545
6244330629,4.41E-04,-2.45E-04,-3.60E-04,-0.001016807,-0.001971196,-3.93E-04,23.654545
6244340558,4.34E-04,-3.13E-04,-4.34E-04,-0.001057281,-0.002221812,3.97E-04,23.654545
6244350623,3.37E-04,-1.97E-04,-7.63E-04,-9.57E-04,-9.42E-04,-6.88E-05,23.654545
6244360658,2.84E-04,-2.78E-04,-5.08E-04,-0.001595198,1.60E-04,0.001084829,23.654545
6244370721,3.22E-04,-3.89E-04,-3.99E-05,-0.001823843,-5.87E-04,0.001080636,23.654545
6244380796,2.94E-04,-3.45E-04,-3.28E-04,-0.001940341,-4.25E-04,6.60E-05,23.654545
6244390797,2.47E-04,-3.50E-04,-3.31E-04,-0.002239881,1.67E-04,7.22E-04,23.654545
6244401074,2.65E-04,-5.00E-04,-1.17E-04,-0.00309255,-1.85E-04,0.001145343,23.654545
6244410926,1.91E-04,-3.60E-04,-2.92E-04,-0.00217276,-2.65E-04,2.25E-04,23.652315
6244420907,2.68E-04,-3.05E-04,-4.12E-04,-0.002160602,-8.37E-04,8.72E-04,23.652315
6244430899,1.79E-04,-2.07E-04,-5.91E-04,-0.001881109,-2.75E-04,-4.12E-04,23.652315
6244441092,2.15E-04,-1.59E-04,-2.83E-04,-0.00105004,-3.43E-04,-4.82E-04,23.652315
6244451038,2.02E-04,-3.68E-04,2.48E-04,-0.002299698,-6.34E-04,7.68E-04,23.652315
6244461025,1.38E-04,-2.26E-04,-4.37E-04,-0.001700433,-8.81E-04,-5.65E-04,23.652315
6244471153,1.36E-04,-2.11E-04,-5.88E-04,-0.001621599,-3.42E-05,-3.91E-04,23.652315
6244481144,4.40E-05,-1.72E-04,-3.66E-04,-0.001411592,7.86E-04,3.40E-04,23.652315
6244491182,1.25E-04,-9.48E-05,-5.43E-04,-7.47E-04,3.62E-04,3.64E-04,23.652315
6244501361,1.57E-04,-9.27E-05,-4.61E-04,-7.03E-04,3.55E-04,0.001200704,23.652315
6244511461,8.20E-05,-3.30E-05,-8.94E-04,-4.60E-04,0.001300319,7.07E-04,23.653996
6244521458,7.07E-05,-2.27E-05,-7.52E-04,-2.89E-04,0.001241383,-4.19E-04,23.653996
6244531363,1.08E-04,-2.10E-04,-2.84E-04,-0.001166881,0.001160109,-1.37E-04,23.653996
6244541613,6.34E-05,-2.28E-04,-9.37E-04,-0.002034641,0.001532145,-0.001084523,23.653996
6244551511,1.52E-04,-1.60E-05,-0.001048648,-7.19E-04,0.001679872,-0.002120815,23.653996
6244561518,1.95E-04,-1.71E-04,-5.04E-04,-0.001255612,0.002151259,-6.34E-04,23.653996
6244571575,1.66E-04,-7.51E-05,-5.67E-04,-0.001384477,0.001792114,-0.001619035,23.653996
6244581586,2.07E-04,-1.16E-04,-6.19E-04,-0.001860277,0.001248485,-0.001346627,23.653996
6244591616,2.26E-04,-1.20E-04,-9.28E-04,-0.002590083,6.09E-04,-6.16E-04,23.653996
6244601673,2.50E-04,-1.35E-04,-8.16E-04,-0.00224012,8.68E-04,-0.001241936,23.653996
6244611810,3.87E-04,-1.75E-04,-3.28E-04,-0.002518867,-6.75E-04,-7.53E-04,23.652813
6244621840,2.74E-04,-1.31E-04,-7.31E-04,-0.001891058,7.61E-04,2.71E-04,23.652813
6244631830,2.51E-04,-1.38E-04,-7.80E-04,-0.001792584,3.35E-04,5.90E-04,23.652813
6244641880,3.03E-04,-7.01E-05,-5.00E-04,-0.001272372,-3.77E-04,0.001314054,23.652813
6244651882,2.39E-04,-1.33E-04,-6.04E-04,-0.001453318,-8.17E-05,0.001612591,23.652813
6244661906,2.05E-04,-1.05E-04,-6.53E-04,-0.001066073,-7.08E-04,9.64E-04,23.652813
6244672018,2.88E-04,-1.42E-04,-9.60E-04,-0.001527144,-0.001612457,0.00136292,23.652813
6244681958,3.24E-04,-2.59E-04,-6.67E-04,-0.001785099,-0.001663706,0.001679209,23.652813
6244692058,2.48E-04,-2.90E-04,-1.76E-04,-0.001105686,-0.001316581,2.94E-04,23.652813
6244702106,3.18E-04,-2.94E-04,-5.71E-04,-0.001292642,-0.002073072,-1.15E-04,23.652813
6244712334,3.52E-04,-2.72E-04,-5.55E-04,-0.001719097,-0.001607862,7.03E-04,23.653185
6244722169,3.52E-04,-3.67E-04,-3.19E-04,-0.002170416,-0.001629613,6.80E-04,23.653185
6244732165,3.02E-04,-2.69E-04,-4.18E-04,-0.0021529,-9.73E-04,-4.43E-04,23.653185
6244742249,3.48E-04,-1.67E-04,-5.66E-04,-0.001666912,-0.00171617,-9.18E-04,23.653185
6244752252,2.90E-04,-1.10E-04,-0.001132728,-0.001298115,-0.001571098,-9.45E-04,23.653185
6244762382,4.33E-04,-6.42E-05,-0.001058761,-0.001460374,-0.002296511,-7.89E-04,23.653185
6244772351,4.22E-04,-3.82E-05,-6.06E-04,-0.001287202,-0.002441762,-6.00E-05,23.653185
6244782484,3.65E-04,1.13E-04,-9.84E-04,-4.50E-04,-0.002342903,-5.08E-04,23.653185
6244792585,5.41E-04,1.66E-04,-9.92E-04,-2.79E-04,-0.003542078,4.73E-04,23.653185
6244802604,4.68E-04,2.69E-04,-7.44E-04,1.16E-04,-0.003239385,0.001387516,23.653185
6244812654,3.27E-04,2.28E-04,-8.16E-04,1.54E-05,-0.003021087,0.001206964,23.651974
6244822588,4.20E-04,1.22E-04,-6.05E-04,-7.88E-04,-0.004231166,3.04E-04,23.651974
6244832679,5.16E-04,9.68E-05,-9.42E-04,-7.56E-04,-0.00494189,0.001228316,23.651974
6244842655,5.14E-04,-2.43E-05,-5.67E-04,-0.001603967,-0.004647378,0.001364329,23.651974
6244852734,5.68E-04,-1.06E-04,5.74E-05,-0.002083375,-0.004608332,0.001719516,23.651974
6244862770,4.84E-04,-8.85E-05,-4.22E-04,-0.001750741,-0.004066564,0.002194603,23.651974
6244872841,5.33E-04,-1.60E-04,-3.35E-04,-0.002107648,-0.004037924,0.001339261,23.651974
6244882824,3.83E-04,-2.23E-04,-5.61E-06,-0.002272469,-0.00396362,0.001854891,23.651974
6244892883,3.09E-04,-2.79E-04,-2.25E-04,-0.002309004,-0.003367572,0.001166534,23.651974
6244902984,2.61E-04,-3.07E-04,5.11E-06,-0.002147917,-0.002954547,0.001536385,23.651974
6244913058,2.16E-04,-2.86E-04,-1.37E-04,-0.002050417,-0.002678084,0.002032973,23.651499
6244923007,2.57E-04,-2.03E-04,-9.27E-05,-0.001160506,-0.002296597,0.003767582,23.651499
6244933048,1.69E-04,-2.57E-04,3.71E-04,-8.43E-04,-0.001849659,0.003839708,23.651499
6244943062,6.90E-05,-1.82E-04,-1.69E-04,-1.06E-04,-0.001312253,0.003686655,23.651499
6244953096,2.28E-05,-2.39E-04,-5.99E-05,-9.33E-04,-2.51E-04,0.004322535,23.651499
6244963171,-2.86E-05,-2.34E-04,1.62E-04,-0.001631273,2.12E-04,0.003333835,23.651499
6244973186,-1.30E-04,-2.08E-04,-1.12E-05,-0.001674246,0.001034343,0.003339209,23.651499
6244983327,-4.35E-05,-2.84E-04,-9.95E-05,-0.001756487,0.001544458,0.002816002,23.651499
6244993335,-5.84E-05,-2.76E-04,-5.57E-04,-0.002173944,0.001917305,0.002747967,23.651499
6245003393,-5.51E-05,-3.24E-04,-5.28E-04,-0.00269822,0.002050707,0.002546552,23.651499
6245013508,9.74E-05,-3.95E-04,-4.07E-04,-0.002615114,9.41E-04,0.0015265,23.653273
6245023560,-5.28E-05,-2.87E-04,-7.80E-04,-0.002445166,0.001452807,3.83E-04,23.653273
6245033478,-2.55E-05,-2.97E-04,-8.35E-04,-0.002369793,0.001216937,-2.89E-04,23.653273
6245043579,1.03E-05,-4.14E-04,-5.42E-04,-0.002627749,0.001165688,2.77E-05,23.653273
6245053631,8.73E-05,-3.78E-04,-7.66E-04,-0.002157782,1.35E-04,6.71E-04,23.653273
6245063591,1.92E-04,-5.02E-04,-6.98E-04,-0.002048578,-3.54E-04,3.07E-04,23.653273
6245073658,2.52E-04,-4.37E-04,-0.001100253,-0.001598677,-7.13E-04,6.21E-04,23.653273
6245083633,2.70E-04,-4.03E-04,-9.36E-04,-0.001268833,-5.84E-04,6.71E-04,23.653273
6245093913,2.43E-04,-5.10E-04,-5.82E-04,-0.001347086,-5.37E-04,0.001011941,23.653273
6245104036,2.70E-04,-5.27E-04,-9.89E-04,-0.002156223,8.27E-05,9.25E-04,23.653273
6245114048,2.27E-04,-5.29E-04,-9.07E-04,-0.003004593,3.00E-04,0.001388405,23.651672
6245123811,3.73E-04,-5.32E-04,-5.45E-04,-0.003122356,-3.20E-04,9.11E-04,23.651672
6245133908,4.14E-04,-4.86E-04,-5.02E-04,-0.003445102,-8.26E-05,9.15E-04,23.651672
6245143868,4.57E-04,-4.82E-04,-3.32E-04,-0.003412899,-5.12E-04,5.97E-04,23.651672
6245153932,4.71E-04,-3.42E-04,-7.73E-04,-0.003060531,-4.10E-04,-5.51E-04,23.651672
6245163954,4.14E-04,-2.82E-04,-6.57E-04,-0.002647418,-6.93E-04,-0.0011613,23.651672
6245174032,2.98E-04,-2.80E-04,-1.72E-04,-0.001902335,1.61E-04,-5.42E-04,23.651672
6245184058,2.64E-04,-1.82E-04,-5.72E-04,-0.001750058,-2.75E-04,-8.93E-04,23.651672
6245194193,4.21E-04,-4.83E-05,-3.57E-04,-7.57E-04,-0.001483365,-4.77E-04,23.651672
6245204225,3.79E-04,-7.58E-05,-3.92E-05,-3.23E-04,-0.001289882,-9.11E-04,23.651672
6245214279,3.37E-04,-7.68E-06,-4.44E-05,5.04E-06,-0.001058374,-8.68E-04,23.650686
6245224230,1.63E-04,-1.34E-04,-7.71E-05,-6.36E-05,-5.43E-04,9.72E-05,23.650686
6245234245,1.33E-04,-5.81E-05,-4.17E-04,-2.64E-05,-0.001173154,-5.94E-04,23.650686
6245244302,1.06E-04,-9.73E-05,-3.29E-04,-6.25E-05,-7.76E-04,-9.12E-05,23.650686
6245254333,1.48E-04,-1.48E-04,3.29E-04,-8.52E-05,-0.001294389,0.0014453,23.650686
6245264419,1.76E-04,-1.41E-04,-1.37E-04,-0.001063204,-6.83E-04,0.001348121,23.650686
6245274583,3.23E-04,-2.12E-04,6.22E-05,-0.001804017,-0.001612915,0.001120569,23.650686
6245284483,3.79E-04,-2.48E-04,2.26E-04,-0.002361667,-0.001362884,0.001762734,23.650686
6245294547,2.41E-04,-4.12E-04,2.72E-04,-0.003620975,-6.94E-04,0.001507309,23.650686
6245304630,1.36E-04,-3.08E-04,3.58E-04,-0.0027036,-6.93E-04,0.001436787,23.650686
6245314765,1.42E-04,-3.32E-04,1.63E-04,-0.002565967,-7.04E-04,9.19E-04,23.651802
6245324661,2.00E-04,-3.45E-04,3.55E-04,-0.002735947,-4.78E-04,0.001096698,23.651802
6245334644,2.10E-04,-2.67E-04,4.84E-04,-0.001898949,2.01E-04,0.001689909,23.651802
6245344676,1.46E-04,-1.99E-04,5.32E-05,-0.00248587,2.32E-04,4.72E-04,23.651802
6245354768,1.17E-04,-1.81E-04,7.75E-05,-0.002707695,5.22E-04,-6.80E-04,23.651802
6245364837,1.08E-04,-2.00E-04,3.99E-04,-0.002206419,6.99E-05,-1.33E-04,23.651802
6245374844,1.07E-04,-1.81E-04,3.35E-04,-0.00211293,5.69E-04,-1.19E-04,23.651802
6245384854,5.64E-05,-2.01E-04,3.68E-04,-0.001546998,0.001075123,-0.001561009,23.651802
6245395047,1.28E-04,-4.21E-05,-1.03E-04,-0.00122307,6.23E-04,-0.002228483,23.651802
6245404993,1.50E-04,-1.71E-04,4.71E-05,-0.002266211,5.65E-04,-0.002141376,23.651802
6245415069,2.40E-04,-1.55E-04,3.51E-04,-0.001983422,4.56E-04,-0.001265011,23.650911
6245425208,2.64E-04,-1.16E-04,9.02E-06,-0.001952545,1.15E-04,-0.001302256,23.650911
6245435129,1.33E-04,-2.86E-04,9.12E-05,-0.00250635,3.79E-04,-3.70E-04,23.650911
6245445389,1.24E-04,-3.82E-04,5.00E-04,-0.002098034,5.76E-04,1.05E-05,23.650911
6245455173,1.25E-04,-3.35E-04,2.12E-04,-0.001884562,5.99E-04,1.00E-06,23.650911
6245465196,9.51E-05,-3.51E-04,2.45E-04,-9.63E-04,0.001042195,5.58E-04,23.650911
6245475235,6.61E-05,-2.52E-04,-1.55E-04,-0.00109435,4.03E-04,-1.43E-04,23.650911
6245485316,7.51E-05,-2.57E-04,-1.21E-04,-9.52E-04,-2.94E-05,0.001012218,23.650911
6245495385,-6.13E-05,-3.67E-04,3.69E-04,-0.00117445,0.001346917,0.001888846,23.650911
6245505453,-1.14E-04,-2.00E-04,-2.45E-04,-2.77E-04,0.002260595,0.001107559,23.650911
6245515566,-1.95E-04,-2.27E-04,-2.64E-04,-1.50E-04,0.002388112,9.46E-04,23.651005
6245525493,-1.10E-04,-2.95E-04,7.56E-05,-7.35E-04,0.002195146,5.98E-04,23.651005
6245535518,4.54E-06,-1.83E-04,-1.08E-04,-6.29E-05,0.001633968,-6.92E-04,23.651005
6245545594,2.11E-05,-1.46E-04,-1.16E-04,-5.67E-04,0.001620524,-5.17E-05,23.651005
6245555680,-1.23E-04,-5.20E-05,-2.94E-04,-2.81E-04,0.002674419,-3.13E-06,23.651005
6245565725,-1.15E-04,-8.16E-05,-7.58E-05,-0.001270253,0.003223406,-6.88E-04,23.651005
6245575660,-1.05E-04,-1.85E-04,3.60E-04,-0.001588925,0.003060482,1.39E-04,23.651005
6245585786,-7.84E-05,-1.52E-04,9.37E-05,-0.002145559,0.003331452,-7.53E-05,23.651005
6245595740,7.90E-05,-1.57E-04,1.54E-04,-0.001844598,0.001822723,5.69E-04,23.651005
6245605839,2.29E-04,-1.31E-04,5.01E-04,-0.001645058,-3.26E-04,0.001896719,23.651005
6245616003,3.03E-04,-1.05E-04,2.65E-04,-0.001493297,-1.95E-04,0.002873672,23.651735
6245626087,1.73E-04,-6.66E-05,2.38E-04,-0.001033501,5.43E-04,0.003422538,23.651735
6245635935,8.90E-05,-5.10E-05,4.93E-06,-0.001818117,0.00135368,0.004035299,23.651735
6245645939,6.08E-06,-3.26E-05,1.23E-04,-0.001176297,0.001639509,0.003769997,23.651735
6245655959,1.83E-04,-1.49E-04,5.26E-04,-0.001535742,7.20E-04,0.004399767,23.651735
6245666025,1.17E-04,-1.38E-04,7.95E-05,-0.001087086,7.53E-04,0.005036834,23.651735
6245676061,1.30E-04,-1.51E-04,2.77E-04,-9.76E-04,9.16E-04,0.005561559,23.651735
6245686128,8.15E-05,-1.97E-04,4.82E-04,-0.001464983,8.47E-04,0.006371541,23.651735
6245696114,2.78E-05,-1.27E-04,1.89E-04,-7.42E-04,0.001898075,0.005430725,23.651735
6245706240,-2.08E-06,-2.06E-04,1.97E-04,-5.99E-04,0.002377227,0.004109572,23.651735
6245716310,-2.99E-05,-1.75E-04,-1.07E-04,-7.85E-04,0.001400487,0.003225845,23.65304
6245726344,7.02E-05,-1.55E-04,-1.34E-04,3.12E-04,7.88E-04,0.003107207,23.65304
6245736467,1.31E-04,-3.31E-04,2.19E-04,-3.76E-04,6.66E-04,0.003058098,23.65304
6245746333,2.32E-04,-3.00E-04,-1.79E-04,8.60E-06,-2.00E-04,0.001367651,23.65304
6245756438,1.16E-04,-2.62E-04,-3.79E-04,-1.33E-04,4.48E-04,8.69E-04,23.65304
6245766512,1.23E-04,-1.86E-04,-2.11E-04,2.23E-04,-1.29E-04,-7.22E-05,23.65304
6245776511,9.48E-05,-1.43E-04,-4.99E-04,1.06E-04,3.27E-05,-0.001086838,23.65304
6245786612,6.94E-05,-1.61E-04,-4.66E-04,0.001286301,6.04E-04,-0.00117361,23.65304
6245796612,-8.93E-06,-6.77E-05,-8.66E-04,0.001418564,5.85E-04,-0.001186344,23.65304
6245806613,6.15E-05,-6.19E-05,-8.71E-04,0.001209499,3.82E-04,1.16E-04,23.65304
6245816864,3.58E-05,-1.01E-04,-3.59E-04,0.00119081,7.11E-04,1.74E-04,23.650862
6245826730,3.85E-05,-5.51E-05,-6.58E-04,-2.82E-04,0.001030386,7.35E-04,23.650862
6245836787,2.46E-05,-2.07E-05,-6.61E-04,-2.72E-04,0.001006874,8.47E-05,23.650862
6245846782,6.68E-05,-1.05E-04,-2.91E-04,-1.89E-04,0.001508287,0.001604973,23.650862
6245856805,2.72E-05,-1.06E-04,-3.70E-04,7.27E-05,0.001413913,0.001444362,23.650862
6245866813,5.63E-05,-1.98E-04,-3.07E-04,-3.40E-04,0.001441788,0.00272268,23.650862
6245876881,1.40E-04,-1.45E-04,-5.98E-04,-8.24E-05,0.001010141,0.002704101,23.650862
6245887147,1.35E-04,-1.35E-04,-5.46E-04,-7.73E-04,0.001068058,0.001355927,23.650862
6245897001,3.20E-04,-2.75E-04,-4.38E-06,-0.002097668,5.81E-05,0.001445041,23.650862
6245907030,2.22E-04,-2.27E-04,-3.20E-04,-0.00176516,8.68E-04,9.65E-04,23.650862
6245917174,2.85E-04,-1.45E-04,-2.78E-04,-0.001490724,0.001071609,6.80E-04,23.652271
6245927168,2.47E-04,-1.93E-04,-1.52E-04,-8.98E-04,9.50E-04,5.42E-05,23.652271
6245937332,1.56E-04,-1.42E-04,-2.58E-04,-6.52E-04,5.04E-04,0.001052835,23.652271
6245947148,1.13E-04,-7.50E-05,-4.36E-04,-6.15E-04,9.24E-04,0.001392461,23.652271
6245957182,1.74E-04,-7.88E-06,-5.87E-04,-9.81E-04,3.53E-04,0.001852542,23.652271
6245967269,2.81E-04,3.75E-05,-5.07E-04,-8.89E-04,-5.11E-04,0.001362248,23.652271
6245977324,3.10E-04,-5.24E-05,7.10E-05,-7.06E-04,-8.71E-04,0.0020688,23.652271
6245987336,1.92E-04,4.46E-05,-4.08E-04,-8.54E-04,-0.0013151,0.002189003,23.652271
6245997356,1.13E-04,1.11E-04,-5.75E-04,2.81E-04,-0.001182107,0.00159665,23.652271
6246007480,1.95E-04,4.30E-05,-2.32E-04,2.59E-04,-0.001347649,0.001281427,23.652271
6246017721,2.18E-04,-9.01E-05,-2.52E-04,-2.54E-04,-0.001061474,0.001053855,23.651648
6246027522,3.21E-04,-1.20E-04,-8.53E-05,-5.12E-04,-0.001404171,0.001040098,23.651648
6246037798,3.48E-04,-9.25E-05,-4.36E-04,-2.62E-04,-6.30E-04,3.75E-04,23.651648
6246047690,3.89E-04,-4.17E-05,-3.87E-04,-2.84E-04,-8.73E-04,3.87E-04,23.651648
6246057579,4.30E-04,-1.12E-04,-1.27E-04,-3.23E-04,-9.57E-04,2.29E-04,23.651648
6246067639,3.57E-04,-1.18E-04,-3.82E-04,-9.62E-04,-5.49E-04,-3.23E-04,23.651648
6246077729,4.39E-04,-8.88E-05,-4.48E-04,-0.001366057,-8.36E-04,-2.49E-05,23.651648
6246087712,5.63E-04,-1.41E-04,-5.04E-05,-8.29E-04,-0.001117523,0.001347998,23.651648
6246097814,5.82E-04,-1.76E-04,3.14E-05,-0.001688293,-9.89E-04,0.001797137,23.651648
6246107890,5.31E-04,-2.00E-04,6.91E-06,-0.002074419,-8.52E-04,0.002925607,23.651648
6246117942,5.00E-04,-3.62E-05,-3.19E-04,-0.001597707,-8.33E-04,0.002134776,23.65179
6246127882,3.53E-04,-6.18E-05,-3.68E-04,-0.001043344,2.47E-04,0.002181667,23.65179
6246137928,3.31E-04,-7.10E-05,2.59E-04,-0.001201635,-1.28E-04,0.001909185,23.65179
6246147996,2.94E-04,-2.85E-05,-1.13E-04,-0.00102727,2.80E-04,0.001730722,23.65179
6246158003,2.66E-04,-1.34E-04,-9.94E-05,-0.001387866,2.23E-04,0.002672794,23.65179
6246168064,2.85E-04,-8.92E-05,-9.04E-05,-1.89E-04,-7.70E-04,0.002401029,23.65179
6246178063,1.77E-04,-9.79E-05,-2.55E-04,-2.96E-04,-3.41E-04,0.001066235,23.65179
6246188235,1.04E-04,-1.07E-04,-1.73E-04,-9.32E-04,3.47E-04,2.31E-04,23.65179
6246198276,1.39E-04,-2.75E-05,-5.18E-04,-8.20E-04,-2.84E-04,0.001192073,23.65179
6246208261,1.39E-04,-2.69E-05,-5.12E-04,2.31E-05,-4.33E-04,9.07E-04,23.65179
6246218334,2.07E-04,-8.92E-05,-8.20E-05,-2.16E-04,-9.98E-04,0.002068524,23.651188
6246228344,2.19E-04,3.33E-07,-2.87E-04,-1.86E-04,-0.001436902,0.003214948,23.651188
6246238381,1.99E-04,1.32E-05,-2.29E-04,-2.66E-04,-0.001580143,0.00321869,23.651188
6246248324,1.58E-04,-1.26E-04,3.02E-04,-6.54E-04,-0.00206682,0.002883988,23.651188
6246258410,1.38E-04,-2.04E-05,2.09E-04,-5.41E-06,-0.002028741,0.002774843,23.651188
6246268459,1.66E-04,-2.18E-05,2.07E-04,5.87E-04,-0.001659978,0.003804067,23.651188
6246278463,1.34E-04,2.02E-05,-2.51E-04,7.42E-04,-0.001283219,0.003118269,23.651188
6246288562,2.14E-04,-2.54E-05,-1.33E-04,0.001666456,-0.001390054,0.002836368,23.651188
6246298584,1.86E-04,-1.83E-04,2.50E-04,0.001347887,-0.001006834,0.00332574,23.651188
6246308657,2.86E-04,-6.40E-05,-1.39E-04,0.001328589,-0.001075153,0.001820321,23.651188
6246318728,2.27E-04,-1.03E-04,-2.13E-04,0.001814838,-9.80E-04,0.001337113,23.650972
6246328678,3.08E-04,-1.01E-04,-4.58E-05,0.002413418,-0.001115756,0.001055589,23.650972
6246338751,3.07E-04,-1.28E-04,-2.43E-04,0.002555488,-7.48E-04,0.001205076,23.650972
6246348829,4.03E-04,-1.82E-05,-4.32E-04,0.002978792,-6.79E-04,0.001893876,23.650972
6246358841,4.37E-04,-1.27E-04,-6.00E-04,0.0017139,-4.60E-04,0.001116178,23.650972
6246368869,4.00E-04,-2.26E-04,-4.53E-04,6.60E-04,-1.24E-04,8.91E-04,23.650972
6246378881,4.56E-04,-2.60E-04,5.67E-05,6.86E-04,-2.50E-04,9.41E-04,23.650972
6246388935,4.13E-04,-1.90E-04,-2.94E-04,-1.11E-04,2.66E-05,0.001870338,23.650972
6246399055,5.06E-04,-9.31E-05,-3.65E-04,3.49E-04,-1.90E-04,5.86E-04,23.650972
6246409115,3.36E-04,-2.20E-04,-1.49E-04,-5.57E-04,4.18E-04,0.001371206,23.650972
6246419254,4.19E-04,-1.58E-04,-3.03E-04,-9.97E-04,9.36E-07,-4.82E-04,23.651789
6246429205,3.81E-04,-2.75E-04,-1.80E-04,-0.00270088,-1.45E-04,-2.66E-04,23.651789
6246439133,3.67E-04,-1.91E-04,-8.11E-04,-0.002760507,-2.50E-04,-3.25E-04,23.651789
6246449196,3.19E-04,-2.95E-04,-7.89E-04,-0.00289646,-8.99E-04,-0.001690571,23.651789
6246459265,2.87E-04,-1.92E-04,-3.75E-04,-0.002206891,-5.19E-04,-0.001068746,23.651789
6246469299,3.17E-04,-1.75E-04,-7.39E-04,-0.001746667,-0.001058573,-0.001920529,23.651789
6246479349,2.90E-04,-1.80E-04,-6.21E-04,-0.002457456,-0.001652813,-9.69E-04,23.651789
6246489396,2.09E-04,-2.37E-04,-3.28E-04,-0.001893941,-0.001065739,-0.001561869,23.651789
6246499395,1.81E-05,-2.82E-04,-3.20E-04,-0.002838019,-2.51E-04,-6.12E-04,23.651789
6246509488,2.02E-04,-2.13E-04,-3.00E-04,-0.001480277,-0.001015023,-0.001032496,23.651789
6246519564,1.66E-04,-1.87E-04,-6.94E-04,-0.001676459,-0.001265107,-0.001088407,23.651392
6246529558,1.00E-04,-1.81E-04,-5.52E-04,-0.001499224,-8.32E-04,-8.83E-04,23.651392
6246539625,1.16E-04,-3.34E-04,1.68E-04,-0.002336887,-9.17E-04,-7.22E-04,23.651392
6246549552,2.37E-04,-1.91E-04,-1.17E-04,-0.002458029,-5.89E-04,-2.26E-04,23.651392
6246559725,2.43E-04,-2.10E-04,-1.39E-04,-0.002570609,-0.001119776,-7.47E-04,23.651392
6246569668,1.99E-04,-9.87E-05,7.25E-05,-0.002293212,-4.22E-04,-6.58E-04,23.651392
6246579769,9.11E-05,-5.13E-05,-1.57E-04,-0.001657651,6.23E-04,-2.81E-04,23.651392
6246589740,1.30E-04,5.35E-06,-1.84E-04,-0.001091802,-2.31E-04,-9.18E-05,23.651392
6246599868,1.12E-04,1.37E-04,-5.86E-04,-5.84E-05,-4.97E-04,-3.81E-04,23.651392
6246609957,9.09E-05,1.26E-04,-4.74E-04,-8.12E-04,-4.84E-04,-8.21E-05,23.651392
6246619967,6.59E-05,2.76E-05,9.86E-05,-9.25E-04,1.28E-04,0.001947924,23.650812
6246629916,9.80E-05,1.09E-04,-3.65E-04,-4.32E-04,2.30E-04,9.53E-04,23.650812
6246640023,9.36E-05,2.46E-04,-3.81E-04,5.32E-04,7.45E-04,0.001054113,23.650812
6246649995,-4.36E-05,1.10E-04,-1.32E-04,-2.65E-05,8.98E-04,3.64E-04,23.650812
6246660109,-4.51E-05,6.58E-05,-1.81E-04,-2.43E-04,5.95E-04,6.57E-04,23.650812
6246670301,7.75E-05,2.29E-05,-7.16E-05,-4.21E-04,3.96E-04,6.40E-04,23.650812
6246680115,2.05E-04,1.49E-04,-4.58E-04,-8.89E-05,-1.15E-04,4.65E-04,23.650812
6246690178,2.71E-04,-4.10E-06,-2.53E-04,-0.001244161,-1.01E-04,2.16E-04,23.650812
6246700441,3.65E-04,-1.07E-04,2.62E-04,-0.001262869,-2.55E-04,5.72E-04,23.650812
6246710259,2.84E-04,6.91E-06,-2.83E-04,-7.51E-04,9.32E-05,7.42E-04,23.650812
6246720433,2.40E-04,1.95E-05,-4.31E-04,-4.12E-04,0.00118059,9.36E-04,23.650654
6246730335,2.27E-04,-8.14E-05,-1.13E-04,-2.98E-04,0.001900787,0.001794532,23.650654
6246740383,1.42E-04,-1.54E-04,-3.52E-04,-1.16E-04,0.001941114,0.00225468,23.650654
6246750474,4.01E-05,-1.22E-04,-6.03E-04,-1.35E-04,0.002124242,0.002404645,23.650654
6246760478,-6.20E-07,-8.72E-05,-0.001060881,0.001130365,0.003238807,0.002125291,23.650654
6246770771,-6.66E-05,-1.95E-04,-0.001050238,-9.77E-05,0.00336781,0.003023295,23.650654
6246780769,-7.43E-05,-2.89E-04,-5.60E-04,-5.18E-04,0.003365493,0.003528439,23.650654
6246790749,-2.71E-05,-2.08E-04,-0.001159738,-7.21E-04,0.00251206,0.003611288,23.650654
6246800633,-4.69E-05,-1.25E-04,-0.001189328,3.76E-04,0.00238257,0.00319494,23.650654
6246810747,-6.80E-05,-2.81E-04,-8.09E-04,-7.90E-04,0.002535099,0.003301902,23.650654
6246820949,-9.23E-05,-2.32E-04,-8.34E-04,-3.20E-04,0.001985092,0.001512971,23.651245
6246830766,-8.21E-05,-2.07E-04,-8.09E-04,-7.80E-04,0.001729852,6.66E-04,23.651245
6246840792,7.59E-06,-2.69E-04,-0.001064773,-0.002220925,0.001082444,6.85E-04,23.651245
6246850858,1.84E-04,-2.69E-04,-7.03E-04,-0.002008718,3.24E-04,0.001212756,23.651245
6246860867,1.33E-04,-2.45E-04,-7.78E-05,-0.001847809,2.04E-04,0.001633628,23.651245
6246870910,2.28E-04,-2.38E-04,-3.36E-04,-0.002118585,-4.73E-04,7.46E-04,23.651245
6246880975,2.29E-04,-2.85E-04,-3.82E-04,-0.001513422,-6.20E-04,4.28E-04,23.651245
6246890966,9.87E-05,-2.75E-04,7.01E-05,-0.001168323,5.38E-04,5.35E-04,23.651245
6246901075,1.30E-04,-3.12E-04,6.96E-05,-0.001509081,5.87E-04,-4.84E-04,23.651245
6246911136,2.24E-04,-3.60E-04,1.30E-04,-0.001846875,-1.68E-04,4.61E-04,23.651245
6246921315,3.15E-04,-3.62E-04,-1.85E-04,-0.002243819,-6.79E-04,0.002200004,23.65033
6246931205,3.90E-04,-4.25E-04,-9.53E-06,-0.002514067,-0.001264478,0.002833154,23.65033
6246941222,4.06E-04,-3.85E-04,5.03E-04,-0.001579238,-0.001814426,0.002616401,23.65033
6246951212,3.31E-04,-2.99E-04,9.50E-05,-0.001769616,-0.001049465,0.002269323,23.65033
6246961264,3.31E-04,-1.78E-04,5.42E-05,-0.001739891,-0.001219823,0.002460738,23.65033
6246971311,2.89E-04,-2.56E-04,2.32E-04,-0.001558686,-6.78E-04,0.002154254,23.65033
6246981411,3.95E-04,-3.14E-04,2.81E-04,-0.002524641,-5.48E-04,0.002088945,23.65033
6246991575,5.04E-04,-3.40E-04,1.98E-04,-0.002512948,-0.001389381,0.001555104,23.65033
6247001468,4.76E-04,-3.12E-04,-2.40E-04,-0.003355315,-4.38E-04,0.002969183,23.65033
6247011580,4.75E-04,-2.91E-04,-1.25E-04,-0.002127102,-2.76E-04,0.002401225,23.65033
6247021614,3.40E-04,-3.50E-04,3.35E-04,-0.002108904,7.64E-04,0.003129273,23.65056
6247031716,2.45E-04,-3.41E-04,-1.96E-04,-0.002267275,7.76E-04,0.002897357,23.65056
6247041612,2.66E-04,-3.32E-04,-2.29E-04,-0.002079322,0.001070756,0.002747031,23.65056
6247051604,2.82E-04,-4.60E-04,1.19E-05,-0.002260361,8.97E-04,0.003056307,23.65056
6247061692,3.22E-04,-5.29E-04,1.43E-05,-0.002868331,8.41E-04,0.00333071,23.65056
6247071726,2.58E-04,-5.13E-04,1.66E-04,-0.002652415,2.87E-04,0.003520935,23.65056
6247081852,7.71E-05,-4.94E-04,-3.44E-04,-0.00276423,0.001588723,0.003493156,23.65056
6247091781,-3.07E-05,-3.01E-04,-7.49E-05,-0.001395185,0.002226379,0.003343628,23.65056
6247101872,-1.36E-06,-3.73E-04,3.12E-04,-0.001332593,9.45E-04,0.002190305,23.65056
6247111954,-3.67E-05,-3.90E-04,-2.57E-04,-0.002491216,0.001070341,4.06E-04,23.65056
6247122060,3.40E-05,-4.41E-04,-1.09E-04,-0.002886358,2.35E-04,-4.58E-04,23.651384
6247131922,8.78E-05,-3.37E-04,2.15E-04,-0.001909013,6.37E-04,-3.28E-04,23.651384
6247141990,2.82E-05,-3.51E-04,1.57E-04,-0.002979083,8.76E-04,-6.17E-05,23.651384
6247152073,-2.70E-05,-2.81E-04,3.34E-05,-0.002243824,0.001915262,-9.81E-04,23.651384
6247162139,-8.58E-05,-3.65E-04,-4.32E-04,-0.002277767,0.001907695,-8.96E-04,23.651384
6247172273,-6.13E-05,-4.29E-04,-5.45E-04,-0.002457364,0.00235604,-0.001258634,23.651384
6247182184,3.93E-05,-3.82E-04,-3.79E-05,-0.002041556,0.001324013,-0.001516911,23.651384
6247192312,1.11E-04,-4.13E-04,-6.39E-04,-0.003492938,0.001056469,-0.001523054,23.651384
6247202218,8.94E-05,-5.03E-04,-6.12E-04,-0.004631518,0.001906689,-0.001094327,23.651384
6247212376,1.37E-04,-5.35E-04,-2.66E-04,-0.003748924,0.001719744,-3.58E-04,23.651384
6247222509,1.21E-04,-5.46E-04,-4.91E-04,-0.004247682,0.001581619,-4.18E-04,23.650148
6247232403,1.32E-04,-5.79E-04,-4.01E-04,-0.003958311,0.001460854,4.22E-04,23.650148
6247242389,1.39E-04,-4.63E-04,-6.96E-04,-0.003417938,0.001602333,-2.09E-04,23.650148
6247252485,2.57E-04,-5.40E-04,-7.13E-04,-0.003766946,1.57E-04,5.37E-04,23.650148
6247262478,2.74E-04,-4.57E-04,-3.23E-04,-0.00290754,9.78E-05,3.24E-04,23.650148
6247272626,2.73E-04,-3.15E-04,-8.43E-04,-0.001679265,1.70E-04,3.70E-04,23.650148
6247282592,2.07E-04,-3.81E-04,-8.65E-04,-0.001862678,8.01E-04,8.50E-04,23.650148
6247292638,7.29E-05,-4.61E-04,-4.21E-04,-8.30E-04,0.001364809,0.001121771,23.650148
6247302725,1.57E-04,-4.08E-04,-4.53E-04,-3.38E-06,9.05E-04,6.71E-04,23.650148
6247312765,3.62E-05,-4.38E-04,-4.72E-04,-1.80E-04,0.001245887,4.97E-04,23.650148
6247322810,-1.73E-05,-3.41E-04,-9.93E-04,3.83E-04,0.001997395,-1.49E-04,23.650131
6247332825,-1.26E-05,-4.10E-04,-9.85E-04,3.02E-05,0.001803659,-5.22E-04,23.650131
6247342810,5.88E-07,-5.36E-04,-4.89E-04,-4.04E-04,0.001445742,-3.40E-05,23.650131
6247352896,2.61E-05,-4.14E-04,-7.42E-04,-5.21E-04,0.002365589,-3.48E-04,23.650131
6247362907,1.75E-06,-2.91E-04,-7.36E-04,-8.89E-04,0.003214639,1.80E-04,23.650131
6247372935,9.41E-05,-4.10E-04,-1.61E-04,-0.001822621,0.002406209,0.001133528,23.650131
6247383040,5.31E-05,-3.90E-04,-2.19E-04,-0.001732024,0.002638975,0.001143912,23.650131
6247393261,4.36E-05,-3.59E-04,-3.94E-04,-0.001756526,0.002931442,1.47E-04,23.650131
6247403047,6.14E-05,-3.20E-04,-8.24E-04,-0.00199827,0.002810119,9.13E-04,23.650131
6247413186,9.29E-05,-2.22E-04,-6.35E-04,-0.001199508,0.002625555,0.001497751,23.650131
6247423275,1.67E-04,-2.41E-04,-7.02E-05,-0.00122909,0.00231862,0.001879994,23.649164
6247433225,1.49E-04,-2.50E-04,-3.77E-04,-0.001441419,0.00204835,0.001988058,23.649164
6247443258,1.52E-04,-1.83E-04,-4.67E-04,-2.86E-04,0.002365947,0.001242006,23.649164
6247453313,9.16E-05,-3.78E-04,-2.07E-04,-8.26E-04,0.001465979,0.00117233,23.649164
6247463300,8.99E-05,-4.69E-04,-1.38E-04,-0.001267831,0.001152514,0.001453839,23.649164
6247473546,7.20E-05,-4.59E-04,-3.36E-04,-0.001094958,0.001193107,0.00127911,23.649164
6247483396,-2.17E-05,-3.55E-04,-6.78E-04,-7.85E-04,0.001159294,6.27E-04,23.649164
6247493489,3.30E-05,-3.35E-04,-3.68E-04,-7.89E-04,5.81E-04,0.001149674,23.649164
6247503449,4.85E-05,-4.46E-04,6.18E-05,-0.00115039,0.001025601,0.001325115,23.649164
6247513598,4.24E-05,-4.57E-04,-4.21E-04,-0.002243914,8.41E-04,7.04E-04,23.649164
6247523767,7.51E-05,-4.26E-04,-3.93E-04,-0.002068201,3.46E-04,0.001538247,23.650887
6247533706,2.00E-05,-3.53E-04,-2.65E-04,-0.00214911,0.001174553,7.65E-04,23.650887
6247543617,4.06E-05,-2.41E-04,-5.27E-04,-0.001750681,6.80E-04,9.40E-04,23.650887
6247553766,-6.94E-05,-1.76E-04,-6.09E-04,-0.001210704,7.80E-04,-5.01E-04,23.650887
6247563732,-4.51E-05,-1.75E-05,-0.001077517,-8.85E-04,4.40E-04,-5.04E-04,23.650887
6247573848,-4.59E-05,-1.72E-06,-8.04E-04,-7.89E-04,0.001218421,-7.74E-04,23.650887
6247583859,1.61E-04,-9.42E-05,-5.49E-04,-0.001001969,5.00E-04,0.001010949,23.650887
6247593867,1.94E-04,1.72E-05,-0.001151577,-6.54E-04,-4.60E-05,1.50E-04,23.650887
6247604064,1.35E-04,7.83E-05,-0.001118134,4.56E-05,-4.61E-04,-2.92E-04,23.650887
6247614087,1.11E-04,9.07E-05,-8.88E-04,5.41E-04,-5.89E-04,-2.34E-04,23.650887
6247624121,1.59E-04,1.43E-04,-0.001172376,0.001054506,-0.001158396,-9.00E-04,23.649668
6247634084,2.05E-04,7.45E-05,-0.001249249,0.001270455,-0.001394046,-0.001417785,23.649668
6247644179,1.04E-04,2.36E-05,-0.001425479,1.45E-05,6.60E-05,-0.001158042,23.649668
6247654109,2.13E-04,5.78E-06,-0.001291203,-2.88E-04,-3.49E-05,3.15E-04,23.649668
6247664149,1.63E-04,-1.57E-04,-8.69E-04,-4.93E-04,-4.26E-04,9.63E-04,23.649668
6247674162,8.75E-05,-4.34E-05,-0.001499012,-2.47E-08,-1.09E-04,6.25E-04,23.649668
6247684195,2.86E-05,-8.15E-05,-0.00123601,-5.29E-05,-6.61E-05,1.52E-04,23.649668
6247694244,6.61E-06,-1.46E-04,-9.21E-04,-2.13E-04,4.27E-04,9.75E-06,23.649668
6247704366,1.07E-05,-2.17E-04,-0.001086003,-8.58E-04,4.22E-04,-6.62E-05,23.649668
6247714478,-1.50E-05,-1.37E-04,-9.51E-04,-3.08E-04,6.32E-04,1.74E-04,23.649668
6247724617,-1.57E-04,-8.85E-05,-0.001266503,-5.37E-04,0.001527158,3.26E-04,23.649818
6247734485,5.43E-06,4.46E-05,-0.00114287,-4.07E-04,4.35E-04,5.20E-04,23.649818
6247744475,4.31E-05,-6.81E-05,-5.89E-04,-3.58E-04,-1.51E-04,3.80E-04,23.649818
6247754563,-1.65E-05,-1.36E-04,-0.001039167,-8.65E-04,6.48E-04,6.28E-04,23.649818
6247764575,-1.74E-05,-2.12E-04,-8.67E-04,-0.001222342,0.001124939,6.18E-04,23.649818
6247774603,4.02E-05,-2.14E-04,-4.91E-04,-4.98E-04,2.03E-04,5.16E-04,23.649818
6247784677,4.74E-05,-1.43E-04,-7.54E-04,-4.61E-04,1.74E-04,1.01E-05,23.649818
6247794722,1.17E-04,-1.15E-04,-5.65E-04,-5.50E-04,1.10E-04,0.001186679,23.649818
6247804695,1.74E-05,3.10E-05,-8.55E-04,8.25E-04,6.09E-04,6.23E-04,23.649818
6247815016,1.44E-04,-9.80E-05,-8.47E-04,-6.34E-04,-4.26E-04,8.10E-04,23.649818
6247824894,2.79E-04,-2.70E-04,-3.30E-04,-0.001260368,-6.36E-04,0.001440304,23.648174
6247834846,7.41E-05,-4.27E-04,-5.60E-04,-0.001516904,3.86E-04,0.001549531,23.648174
6247844929,4.78E-05,-3.47E-04,-5.98E-04,-0.001258472,7.84E-04,0.002085924,23.648174
6247854907,9.07E-05,-3.37E-04,-2.50E-04,-6.33E-04,-3.13E-04,0.001480646,23.648174
6247865056,2.16E-04,-9.62E-05,-4.28E-04,-2.83E-04,-3.66E-04,0.001374337,23.648174
6247875126,2.25E-04,-1.27E-04,-5.52E-04,-0.001576243,3.83E-04,9.64E-04,23.648174
6247885047,1.88E-04,-1.23E-04,-9.65E-04,-0.001037559,-1.67E-04,7.70E-04,23.648174
6247895086,6.28E-05,-1.53E-04,-8.12E-04,-6.39E-04,1.89E-04,6.50E-04,23.648174
6247905199,1.83E-04,-2.66E-04,-4.45E-04,-0.001981874,-3.60E-05,0.001073646,23.648174
6247915234,6.27E-05,-2.06E-04,-8.73E-04,-0.001457402,8.46E-04,9.26E-04,23.648174
6247925311,-3.92E-05,-1.53E-04,-9.36E-04,-0.002199026,0.001316837,0.001236006,23.649593
6247935284,6.23E-05,-3.65E-05,-5.21E-04,-0.001449414,4.47E-04,8.43E-04,23.649593
6247945350,1.12E-04,-5.27E-05,-7.16E-04,-0.001833693,-3.12E-04,2.80E-04,23.649593
6247955371,7.02E-05,3.63E-05,-8.69E-04,-0.001688816,2.58E-04,4.73E-04,23.649593
6247965438,2.06E-05,2.34E-05,-0.001006767,-0.002218928,1.14E-04,-4.03E-04,23.649593
6247975402,-9.74E-05,-8.50E-05,-8.14E-04,-0.002026757,2.23E-04,9.28E-04,23.649593
6247985477,-1.43E-04,-1.83E-04,-2.42E-04,-0.0030372,5.67E-04,0.001252524,23.649593
6247995515,3.67E-05,-1.88E-04,-7.00E-04,-0.004489256,-0.001063118,7.42E-04,23.649593
6248005782,-4.69E-05,-1.91E-04,-6.07E-04,-0.00395558,-9.29E-04,6.24E-04,23.649593
6248015734,3.31E-05,-1.87E-04,-3.55E-04,-0.003621869,-0.001235803,5.00E-04,23.649593
6248025748,-1.86E-05,-1.30E-04,-5.76E-04,-0.00241168,-0.00133868,-7.64E-04,23.649103
6248035688,-6.79E-05,-1.63E-04,-6.07E-04,-0.002556961,-3.90E-04,6.24E-05,23.649103
6248045742,-2.37E-04,-8.59E-05,-8.36E-04,-0.001368685,0.001075465,1.60E-04,23.649103
6248055992,-1.09E-04,-1.53E-04,-5.85E-04,-0.001948462,8.13E-04,-3.65E-04,23.649103
6248065831,-1.35E-04,-3.29E-04,-3.08E-04,-0.002372708,7.10E-04,8.92E-05,23.649103
6248075866,-1.03E-04,-2.72E-04,-5.44E-04,-0.002262148,7.80E-04,-9.07E-04,23.649103
6248085893,-3.89E-05,-1.90E-04,-6.73E-04,-0.001999901,9.96E-04,-0.001212777,23.649103
6248095963,-1.81E-04,-2.30E-04,-3.52E-04,-4.75E-04,0.002457125,-2.38E-04,23.649103
6248105960,-1.60E-04,-2.39E-04,-5.79E-04,-9.49E-04,0.002281228,3.11E-05,23.649103
6248116020,-1.48E-04,-3.17E-04,-2.89E-04,-0.001713764,0.001950461,9.84E-04,23.649103
6248126174,-1.54E-04,-4.09E-04,-4.78E-04,-0.002440523,0.001868671,0.002048412,23.64827
6248136096,-8.66E-05,-4.48E-04,-3.12E-04,-0.002202716,0.002198863,0.001085913,23.64827
6248146208,7.00E-05,-5.71E-04,2.12E-04,-0.002735459,6.37E-04,0.001705768,23.64827
6248156126,-1.36E-04,-6.53E-04,-1.94E-04,-0.00291369,0.001357832,0.00214224,23.64827
6248166251,-4.29E-05,-5.41E-04,-1.22E-04,-0.001900056,0.001094619,0.002724347,23.64827
6248176220,-1.30E-05,-5.20E-04,6.74E-05,-0.001750836,0.001575121,0.003595702,23.64827
6248186283,5.40E-05,-5.53E-04,-1.78E-05,-0.001780716,0.00145403,0.003074241,23.64827
6248196296,1.22E-04,-4.63E-04,-5.61E-05,-0.001766216,8.15E-04,0.002583954,23.64827
6248206416,1.33E-04,-3.68E-04,-3.77E-04,-0.00161795,6.02E-04,0.001749946,23.64827
6248216467,2.22E-04,-3.18E-04,-4.15E-04,-0.001376286,4.18E-04,9.40E-04,23.64827
6248226545,3.36E-04,-2.70E-04,1.41E-04,5.09E-05,5.51E-04,7.70E-04,23.648539
6248236526,2.36E-04,-1.60E-04,-3.68E-04,1.13E-04,9.73E-05,0.001065387,23.648539
6248246633,2.54E-04,-1.25E-04,-4.61E-04,-1.26E-04,2.56E-04,0.001548226,23.648539
6248256589,3.74E-04,-1.18E-04,-2.14E-04,-3.32E-04,-1.17E-04,0.001720859,23.648539
6248266619,3.74E-04,-9.30E-05,-3.57E-04,-2.14E-04,-2.57E-04,0.001879105,23.648539
6248276730,2.81E-04,-1.11E-04,-4.06E-04,-2.08E-04,-7.67E-07,8.88E-04,23.648539
6248286684,1.84E-04,-9.77E-05,-7.68E-04,-8.96E-04,-3.32E-04,9.70E-04,23.648539
6248296748,1.15E-04,-2.12E-04,-6.75E-04,-0.001584265,4.64E-04,0.001756255,23.648539
6248306794,1.39E-04,-3.43E-04,-1.85E-04,-0.002345063,5.10E-04,0.001242082,23.648539
6248316872,8.08E-05,-3.10E-04,-5.25E-04,-0.002358651,6.24E-04,0.001213945,23.648539
6248326980,-3.11E-05,-2.94E-04,-4.98E-04,-0.003166869,0.001037245,3.65E-04,23.646416
6248336944,1.16E-04,-3.71E-04,-2.19E-04,-0.003931708,7.46E-04,-7.32E-06,23.646416
6248346944,1.41E-04,-3.78E-04,-2.71E-04,-0.003834777,2.07E-04,-3.53E-04,23.646416
6248357036,1.20E-04,-3.72E-04,-1.34E-04,-0.003938611,7.03E-04,-4.94E-04,23.646416
6248367027,1.15E-04,-3.61E-04,-3.35E-04,-0.004355218,6.41E-04,-0.001694202,23.646416
6248377073,1.63E-04,-4.40E-04,-1.29E-04,-0.004267056,4.71E-04,-5.37E-04,23.646416
6248387100,2.12E-04,-4.23E-04,4.39E-04,-0.003418387,6.77E-05,-9.63E-05,23.646416
6248397196,1.77E-04,-4.49E-04,1.56E-04,-0.004141312,2.86E-04,-1.72E-04,23.646416
6248407248,1.23E-04,-4.30E-04,1.87E-04,-0.003184177,7.81E-04,7.28E-04,23.646416
6248417397,5.01E-05,-4.50E-04,5.54E-04,-0.003384891,0.001562465,0.001600461,23.646416
6248427389,1.31E-04,-4.65E-04,1.02E-04,-0.003466044,0.001024479,0.002181878,23.646961
6248437331,8.35E-05,-4.64E-04,2.58E-05,-0.002898547,8.30E-04,0.002697225,23.646961
6248447396,6.10E-05,-3.23E-04,-3.25E-04,-0.002555974,6.21E-04,0.001059441,23.646961
6248457372,8.66E-05,-3.42E-04,-1.82E-04,-0.002601486,4.95E-04,0.002549929,23.646961
6248467495,8.93E-05,-4.96E-04,3.69E-04,-0.003141382,7.01E-04,0.004033208,23.646961
6248477579,1.43E-04,-5.34E-04,-2.37E-05,-0.004209479,-2.25E-04,0.003563363,23.646961
6248487620,1.44E-04,-4.44E-04,-7.15E-06,-0.003490473,2.48E-04,0.003145646,23.646961
6248497556,2.44E-04,-4.26E-04,2.18E-04,-0.002667725,-2.44E-04,0.002879516,23.646961
6248507562,2.69E-04,-4.38E-04,-1.27E-05,-0.003163591,-1.17E-04,0.002822228,23.646961
6248517658,3.60E-04,-4.49E-04,-1.20E-04,-0.003229239,-0.001436991,0.002110756,23.646961
6248527848,4.08E-04,-4.65E-04,-3.11E-04,-0.003050033,-0.00216888,0.001580288,23.64588
6248538313,4.04E-04,-4.70E-04,-1.44E-04,-0.002775442,-0.001673898,0.001625452,23.64588
6248547784,3.68E-04,-5.57E-04,3.19E-04,-0.002442499,-0.00124122,0.002676989,23.64588
6248557891,2.97E-04,-4.87E-04,-2.72E-04,-0.001893077,-0.001446798,0.001828586,23.64588
6248567892,3.46E-04,-3.68E-04,-3.13E-04,-0.001043444,-0.001574765,7.45E-04,23.64588
6248577920,2.92E-04,-3.44E-04,-1.46E-04,-2.42E-04,-7.34E-04,-4.83E-04,23.64588
6248587930,3.15E-04,-3.02E-04,-4.04E-04,-4.76E-04,-0.00124682,-3.63E-04,23.64588
6248597980,3.08E-04,-2.78E-04,-3.76E-04,-6.25E-05,-0.001196104,1.66E-04,23.64588
6248608061,2.67E-04,-1.65E-04,-5.84E-04,7.57E-04,-7.82E-04,6.37E-05,23.64588
6248618171,2.57E-04,-1.71E-04,-5.04E-04,7.58E-04,-6.75E-05,9.13E-04,23.64588
6248628207,2.40E-04,-2.46E-04,1.08E-05,0.00101451,4.88E-04,0.001971239,23.646717
6248638174,1.87E-04,-1.42E-04,-2.58E-04,2.20E-04,6.97E-04,0.001764479,23.646717
6248648136,2.26E-04,-1.44E-04,-9.37E-05,2.35E-04,9.51E-04,0.001788882,23.646717
6248658323,2.29E-04,-9.80E-05,2.95E-04,1.92E-04,0.001025994,0.001187979,23.646717
6248668217,1.70E-04,-8.80E-05,1.83E-04,-2.04E-04,0.001108502,0.001158936,23.646717
6248678545,2.32E-04,-1.61E-04,1.36E-04,-6.94E-04,2.09E-04,0.001413947,23.646717
6248688402,2.33E-04,-1.62E-04,-2.06E-04,-9.98E-04,4.09E-04,0.001689264,23.646717
6248698333,1.98E-04,-1.64E-04,5.10E-05,-0.001016791,3.91E-04,8.95E-04,23.646717
6248708369,2.72E-04,-2.74E-04,5.14E-04,-0.00150051,-2.17E-04,0.001537579,23.646717
6248718477,2.23E-04,-1.96E-04,1.41E-04,-0.001037375,-7.97E-06,3.91E-04,23.646717
6248728615,1.86E-04,-1.96E-04,5.91E-05,-0.001338884,-1.30E-04,1.98E-04,23.645897
6248738559,1.13E-04,-1.90E-04,3.78E-04,-2.25E-05,3.46E-04,4.90E-04,23.645897
6248748549,8.32E-05,-2.85E-04,1.80E-05,-0.001375367,2.12E-04,1.78E-04,23.645897
6248758698,1.06E-04,-2.70E-04,-1.22E-05,-0.001449817,-9.98E-07,3.65E-06,23.645897
6248768654,1.01E-04,-2.18E-04,-5.03E-04,-0.00139055,4.67E-04,-0.001182465,23.645897
6248778686,1.13E-04,-1.97E-04,-1.90E-04,-0.001677031,-2.02E-04,-3.45E-04,23.645897
6248788756,1.61E-04,-2.51E-04,2.98E-04,-0.00145388,-5.79E-04,5.27E-04,23.645897
6248798922,1.81E-04,-1.59E-04,-7.44E-05,-0.001440654,-0.001384998,9.84E-04,23.645897
6248808818,2.12E-04,-9.45E-05,-2.20E-04,-0.00129388,-0.001965813,1.54E-04,23.645897
6248818915,2.79E-04,-2.05E-04,1.56E-04,-0.002050221,-0.002354538,0.0016006,23.645897
6248829083,2.19E-04,-1.52E-04,9.56E-05,-0.001666418,-0.001942017,0.001310802,23.646124
6248838975,2.67E-04,-2.10E-04,-6.34E-05,-0.002531856,-0.003175621,0.001198427,23.646124
6248849039,1.99E-04,-1.27E-05,-3.04E-04,-0.001153367,-0.002843185,0.001640701,23.646124
6248858997,1.09E-04,-1.86E-04,-3.12E-04,-0.00143941,-0.002141651,0.00241914,23.646124
6248869102,1.10E-04,-2.00E-04,3.98E-04,-4.44E-04,-0.001784683,0.003389669,23.646124
6248879211,3.28E-05,-1.39E-04,-1.17E-04,8.55E-05,-9.72E-04,0.003064252,23.646124
6248889103,3.38E-05,-6.99E-05,-2.10E-04,4.19E-04,-8.10E-04,0.002929328,23.646124
6248899162,-3.42E-06,-2.26E-04,1.40E-04,5.01E-04,3.38E-04,0.001969636,23.646124
6248909262,-1.22E-04,-3.33E-04,2.05E-04,-3.33E-04,0.001300154,0.001596676,23.646124
6248919355,-1.66E-04,-1.96E-04,1.10E-04,8.93E-04,0.001721256,0.001537344,23.646124
6248929391,-1.81E-04,-1.64E-04,-2.39E-04,3.19E-04,0.002073697,0.001480063,23.645231
6248939359,-1.88E-04,-2.20E-04,-4.44E-05,7.35E-05,0.003081192,0.001991388,23.645231
6248949372,-7.33E-05,-3.06E-04,4.43E-04,1.87E-06,0.002410604,0.002499077,23.645231
6248959482,-4.91E-05,-2.39E-04,-1.26E-04,-1.27E-04,0.00176975,0.002756285,23.645231
6248969595,3.46E-05,-2.54E-04,-1.51E-04,8.90E-05,9.88E-04,0.002576181,23.645231
6248979620,1.38E-04,-3.33E-04,2.16E-04,-6.81E-04,7.67E-04,0.00238214,23.645231
6248989657,1.03E-04,-3.84E-04,8.13E-05,-6.79E-04,9.77E-04,0.001862776,23.645231
6248999566,1.68E-04,-4.35E-04,-1.16E-04,-0.001915115,3.90E-04,0.002235235,23.645231
6249009724,1.66E-04,-4.07E-04,-4.26E-04,-0.00178823,-4.23E-05,0.002698311,23.645231
6249020014,1.91E-04,-4.35E-04,-3.35E-04,-0.002350741,-7.73E-04,0.002488258,23.645231
6249029816,1.35E-04,-5.79E-04,3.61E-04,-0.002717838,-5.13E-04,0.003509838,23.64546
6249039726,2.49E-04,-4.66E-04,-8.07E-05,-0.002614211,-0.00104618,0.002652602,23.64546
6249049759,1.95E-04,-4.59E-04,-2.91E-05,-0.003583039,-6.99E-04,0.002286313,23.64546
6249061479,1.13E-04,-5.12E-04,5.22E-04,-0.00299268,-4.72E-04,0.001554656,23.64546
6249070135,1.65E-04,-5.28E-04,3.24E-04,-0.003940445,-0.001258724,9.59E-04,23.64546
6249079968,6.00E-05,-4.29E-04,2.37E-04,-0.002772856,-7.39E-04,8.92E-04,23.64546
6249089946,1.02E-04,-3.27E-04,-1.68E-04,-0.002571677,-0.001249568,0.001199127,23.64546
6249099983,1.13E-04,-3.18E-04,5.69E-05,-0.001788959,-9.08E-04,0.001609681,23.64546
6249110005,1.84E-04,-3.90E-04,5.63E-04,-0.00207351,-5.31E-04,0.002300745,23.64546
6249120158,1.49E-04,-2.95E-04,8.18E-05,-0.001092878,-7.67E-04,0.001824745,23.64546
6249130230,2.64E-04,-2.28E-04,-6.91E-05,-9.23E-04,-0.001498851,6.59E-04,23.6453
6249140244,2.67E-04,-2.94E-04,3.67E-04,-0.00123706,-0.002064398,1.69E-04,23.6453
6249150226,2.46E-04,-2.39E-04,1.34E-04,-8.41E-04,-0.001677516,1.87E-04,23.6453
6249160186,3.43E-04,-1.68E-04,7.12E-05,-6.05E-04,-0.002606155,8.49E-04,23.6453
6249170252,2.63E-04,-1.27E-04,-2.14E-04,-4.36E-04,-0.002128492,8.48E-04,23.6453
6249180312,2.72E-04,-2.69E-04,-1.19E-04,-0.001707408,-0.002207976,2.53E-04,23.6453
6249190354,3.80E-04,-3.37E-04,4.70E-04,-0.002232378,-0.002040169,0.001430215,23.6453
6249200434,3.70E-04,-2.06E-04,-1.93E-04,-0.002073249,-0.002177234,8.97E-04,23.6453
6249210481,3.26E-04,-1.37E-04,-2.80E-04,-0.001458376,-0.002077871,0.001109103,23.6453
6249220588,3.84E-04,-1.74E-04,3.91E-04,-0.00228498,-0.00176366,0.001138705,23.6453
6249230619,3.91E-04,-2.11E-04,3.91E-04,-0.002289789,-0.001361036,0.002456459,23.645016
6249240604,3.04E-04,-2.61E-04,2.59E-04,-0.002543641,-0.001165273,0.003244941,23.645016
6249250626,3.12E-04,-1.64E-04,-1.43E-04,-0.002108946,-0.0015105,0.002579556,23.645016
6249260708,2.64E-04,-2.67E-04,1.65E-06,-0.00287446,-5.92E-04,0.003372397,23.645016
6249271479,2.97E-04,-2.91E-04,4.78E-04,-0.003222672,-3.38E-04,0.003903228,23.645016
6249280757,3.04E-04,-2.19E-04,-3.68E-05,-0.002910778,-4.87E-04,0.003544668,23.645016
6249290832,2.02E-04,-2.34E-04,-1.65E-04,-0.002312374,-4.63E-04,0.003397808,23.645016
6249300808,1.09E-04,-4.05E-04,4.18E-04,-0.003390207,3.11E-06,0.004364566,23.645016
6249310893,6.35E-05,-3.23E-04,1.30E-04,-0.003475903,-1.63E-04,0.003025688,23.645016
6249320991,1.03E-04,-4.18E-04,1.08E-04,-0.00365009,-3.86E-05,0.003153129,23.645016
6249331081,1.00E-04,-3.12E-04,-3.25E-04,-0.003335854,-2.55E-04,0.001658188,23.644789
6249340961,1.53E-04,-3.28E-04,-4.82E-05,-0.002944815,3.34E-04,0.002049976,23.644789
6249350972,1.46E-04,-5.43E-04,4.83E-04,-0.003394579,5.02E-04,0.002363705,23.644789
6249361089,1.78E-04,-4.34E-04,1.29E-04,-0.003600287,2.52E-04,0.001672918,23.644789
6249371214,2.15E-04,-3.84E-04,1.48E-05,-0.002507166,7.65E-05,0.001728647,23.644789
6249381178,2.17E-04,-3.45E-04,5.22E-04,-0.002105392,-4.65E-05,0.003140591,23.644789
6249391181,1.65E-04,-3.58E-04,3.88E-04,-0.002072018,-1.63E-04,0.002297011,23.644789
6249401195,2.60E-04,-3.24E-04,3.28E-04,-0.002484863,-0.001208472,0.001259954,23.644789
6249411251,2.06E-04,-3.24E-04,-3.24E-06,-0.00163869,-0.001144325,0.002590369,23.644789
6249421372,9.00E-05,-3.05E-04,-1.40E-04,-0.001874052,-9.96E-04,0.002078495,23.644789
6249431468,1.52E-04,-4.06E-04,2.92E-04,-0.002478229,-0.001474812,0.00189156,23.645052
6249441378,5.77E-05,-3.75E-04,-2.15E-04,-0.002528457,-0.001311118,0.001513059,23.645052
6249451438,8.65E-05,-2.18E-04,-3.46E-04,-0.002484128,-0.001574326,8.76E-04,23.645052
6249461525,9.32E-05,-3.14E-04,-1.08E-04,-0.002397955,-0.001643917,-1.08E-04,23.645052
6249471619,5.71E-05,-4.11E-04,-4.55E-05,-0.003728924,-0.001467344,-1.97E-04,23.645052
6249481612,9.80E-05,-4.14E-04,-1.30E-04,-0.002618152,-0.001177987,-6.36E-04,23.645052
6249491576,1.08E-05,-2.95E-04,-4.54E-04,-0.002242703,-4.53E-04,-0.002087049,23.645052
6249501622,4.21E-05,-2.95E-04,-2.86E-04,-0.001922103,-2.99E-04,-0.001386689,23.645052
6249511673,1.28E-04,-2.91E-04,-1.25E-04,-0.002450494,-4.90E-04,-0.001733044,23.645052
6249521816,2.17E-04,-2.34E-04,-4.95E-04,-0.001910565,-0.001432717,-0.002250576,23.645052
6249531866,9.05E-05,-1.91E-04,-4.31E-04,-0.001156589,-0.001217971,-0.00217953,23.643515
6249541805,1.37E-04,-2.97E-04,-8.61E-05,-0.001465466,-0.001071121,-8.63E-04,23.643515
6249551924,2.15E-04,-4.09E-04,-4.79E-05,-0.001708692,-0.001483421,-4.20E-04,23.643515
6249561891,2.61E-04,-4.18E-04,-1.90E-04,-0.001292011,-0.001434832,0.00106798,23.643515
6249571922,2.16E-04,-3.80E-04,-4.80E-04,-8.36E-04,-4.88E-04,0.001420885,23.643515
6249582001,2.80E-04,-3.85E-04,-3.74E-04,-0.002109078,-9.56E-04,0.001678644,23.643515
6249592037,3.44E-04,-5.03E-04,2.48E-04,-0.00315678,-5.42E-04,0.00331917,23.643515
6249602042,2.90E-04,-4.27E-04,-1.25E-04,-0.002409685,-1.30E-04,0.002522944,23.643515
6249612157,1.64E-04,-5.35E-04,2.80E-04,-0.002934854,0.00101153,0.002542243,23.643515
6249622215,1.76E-04,-6.23E-04,6.50E-04,-0.003181595,0.001651293,0.003057301,23.643515
6249632295,2.18E-04,-6.48E-04,4.44E-04,-0.004142046,0.001926625,0.003471191,23.644064
6249642296,2.87E-04,-5.11E-04,3.76E-04,-0.003345304,0.001282233,0.002538777,23.644064
6249652220,2.68E-04,-4.32E-04,8.25E-05,-0.003118152,0.001660841,0.002546704,23.644064
6249662272,1.94E-04,-3.63E-04,2.53E-04,-0.002806406,0.001538876,0.001614203,23.644064
6249672361,1.95E-04,-4.50E-04,7.48E-04,-0.003493283,6.50E-04,0.001427739,23.644064
6249682461,5.77E-05,-3.47E-04,4.94E-04,-0.003188222,6.86E-04,9.53E-04,23.644064
6249692497,-1.81E-06,-3.18E-04,3.24E-04,-0.002647694,0.001118785,6.53E-04,23.644064
6249702556,3.04E-05,-2.86E-04,6.89E-04,-0.003011091,5.73E-04,0.001497174,23.644064
6249712561,1.27E-04,-2.65E-04,4.92E-04,-0.002184259,-1.55E-04,0.002000947,23.644064
6249722641,7.24E-05,-1.25E-04,4.82E-04,-0.001197399,1.69E-04,0.003092492,23.644064
6249732813,7.01E-05,-8.95E-05,9.95E-05,-2.03E-04,-0.001050477,0.003414994,23.643923
6249742677,-6.68E-06,-1.50E-04,2.14E-04,-5.17E-04,9.95E-07,0.002760517,23.643923
6249752637,-2.73E-05,-1.91E-04,7.26E-04,-2.77E-04,4.58E-04,0.002175351,23.643923
6249762790,-3.94E-05,-2.32E-04,3.04E-04,-3.76E-04,8.16E-04,0.001620736,23.643923
6249772802,3.70E-05,-1.32E-04,2.36E-04,4.16E-04,5.74E-04,0.002006076,23.643923
6249782774,3.18E-05,-2.08E-04,5.81E-04,6.34E-04,0.001066173,0.002049957,23.643923
6249792838,5.43E-05,-2.34E-04,3.37E-04,6.32E-04,8.34E-05,0.002156018,23.643923
6249802863,1.19E-04,-2.41E-04,2.78E-05,0.001005833,-3.10E-04,0.001961425,23.643923
6249812969,2.73E-05,-1.24E-04,-3.01E-04,8.22E-04,7.67E-04,0.001145541,23.643923
6249822985,1.36E-04,-2.49E-04,-1.54E-04,8.15E-05,3.83E-04,5.80E-04,23.643923
6249833142,1.51E-04,-3.08E-04,4.95E-04,-0.001135643,4.55E-04,0.001070493,23.642824
6249843025,1.91E-04,-2.76E-04,1.58E-05,-7.17E-04,-1.78E-04,0.001524091,23.642824
6249853068,2.16E-04,-3.79E-04,-1.44E-04,-0.001375261,-5.40E-04,0.001430732,23.642824
6249863105,2.45E-04,-2.76E-04,2.22E-04,-2.63E-04,-0.001215903,0.002044818,23.642824
6249873153,2.26E-04,-3.12E-04,2.21E-04,-0.001423894,-0.001209467,0.002300932,23.642824
6249883170,2.64E-04,-3.16E-04,2.98E-04,-0.001423468,-6.08E-04,0.002485576,23.642824
6249893236,2.20E-04,-3.17E-04,9.16E-05,-0.001903207,3.55E-04,9.71E-04,23.642824
6249903268,2.33E-04,-3.05E-04,3.99E-04,-0.001948844,4.97E-04,0.00150679,23.642824
6249913265,2.91E-04,-3.31E-04,8.32E-04,-0.001619518,-4.44E-04,0.001383068,23.642824
6249923437,1.96E-04,-2.51E-04,5.50E-04,-0.001140183,-4.70E-04,7.41E-04,23.642824
6249933483,1.94E-04,-2.31E-04,4.05E-04,-7.60E-04,-1.03E-04,9.23E-04,23.643478
6249943399,9.38E-05,-2.75E-04,8.38E-04,-5.63E-04,4.73E-04,1.66E-04,23.643478
6249953498,9.12E-05,-1.53E-04,7.15E-04,-2.47E-04,1.70E-04,5.26E-04,23.643478
6249963481,8.78E-05,-2.46E-04,7.75E-04,-0.001811319,1.81E-04,0.001410052,23.643478
6249973531,1.18E-04,-1.87E-04,4.57E-04,-0.00141433,1.20E-04,5.83E-04,23.643478
6249983809,9.27E-05,-2.69E-04,6.65E-04,-0.001938555,-1.69E-06,0.001049303,23.643478
6249993615,1.88E-04,-2.64E-04,9.53E-04,-0.00200919,-0.001452175,0.001706606,23.643478
6250003632,9.91E-05,-2.61E-04,4.16E-04,-0.002210678,-8.32E-04,8.23E-04,23.643478
6250013691,-2.12E-06,-2.37E-04,4.95E-04,-0.002527891,1.10E-04,6.81E-04,23.643478
6250023834,7.54E-05,-2.56E-04,7.14E-04,-0.003424859,-2.39E-05,0.001305794,23.643478
6250033906,1.64E-04,-1.11E-04,6.10E-04,-0.002719689,-1.98E-04,5.41E-04,23.642887
6250043853,2.80E-04,-1.08E-04,5.14E-04,-0.002944953,-1.67E-04,0.001338579,23.642887
6250053974,2.41E-04,-4.62E-05,2.48E-04,-0.00266491,7.28E-04,0.001194903,23.642887
6250063902,2.56E-04,-4.92E-05,2.47E-04,-0.002432938,7.81E-04,-4.42E-04,23.642887
6250073956,1.65E-04,-9.77E-05,6.29E-04,-0.0023707,7.64E-04,9.21E-05,23.642887
6250084001,1.14E-04,-5.12E-05,2.23E-04,-0.002054391,0.001808788,-8.92E-04,23.642887
6250094169,1.30E-04,-1.15E-04,3.62E-04,-0.002482234,0.00245241,-4.08E-04,23.642887
6250104110,1.87E-04,-2.12E-04,7.10E-04,-0.003621435,0.001685611,1.84E-04,23.642887
6250114096,2.07E-04,-2.19E-04,4.06E-04,-0.002966303,0.001229149,3.37E-04,23.642887
6250124258,7.84E-05,-2.27E-04,4.99E-04,-0.002452642,0.001780566,5.56E-04,23.642887
6250134327,2.49E-05,-2.19E-04,1.29E-04,-0.003159419,0.002019483,3.16E-04,23.64231
6250144334,9.16E-05,-1.72E-04,2.14E-04,-0.003069495,8.90E-04,-1.77E-04,23.64231
6250154264,3.27E-05,-2.55E-04,5.16E-04,-0.002782063,6.14E-04,-8.11E-04,23.64231
6250164366,2.70E-05,-8.96E-05,1.85E-04,-0.002534431,8.46E-04,3.83E-05,23.64231
6250174404,-6.48E-06,-1.31E-04,2.70E-04,-0.002566157,0.001621854,0.001208197,23.64231
6250184501,5.22E-05,-1.97E-04,4.84E-04,-0.003007236,5.91E-05,0.00165006,23.64231
6250194491,-6.33E-05,-1.56E-04,3.77E-04,-0.002291443,2.11E-04,7.06E-04,23.64231
6250204611,-3.35E-05,-6.01E-05,4.85E-04,-6.64E-04,2.25E-04,0.001166084,23.64231
6250214566,-2.60E-05,-1.07E-05,3.64E-04,-0.001286112,5.46E-06,7.95E-04,23.64231
6250224634,1.64E-05,-1.05E-04,3.39E-04,-0.002023785,1.02E-04,8.90E-04,23.64231
6250234799,6.62E-05,-1.33E-04,9.45E-04,-8.35E-04,-6.20E-04,0.00117018,23.643248
6250244688,4.71E-05,-7.40E-05,5.43E-04,-9.93E-04,-5.52E-04,0.0014609,23.643248
6250254737,3.78E-05,-1.25E-04,6.55E-04,-0.001493622,-8.29E-06,0.002434395,23.643248
6250264730,8.37E-05,-2.14E-04,8.99E-04,-8.02E-04,-7.71E-04,0.001469986,23.643248
6250274772,7.06E-05,-2.01E-04,7.01E-04,-9.13E-04,-9.34E-04,9.45E-04,23.643248
6250284830,2.53E-04,-2.10E-04,7.15E-04,-0.001048291,-8.85E-04,0.001096292,23.643248
6250295625,2.43E-04,-1.26E-04,1.69E-04,-0.001114821,-0.001032771,5.52E-04,23.643248
6250304916,2.66E-04,-1.34E-04,1.14E-04,-0.001297415,-0.001396645,5.24E-04,23.643248
6250314955,2.42E-04,-2.40E-04,6.38E-04,-0.001647441,-0.001565495,5.36E-04,23.643248
6250325036,1.14E-04,-1.89E-04,7.02E-05,-0.00191259,-0.001068456,-5.08E-04,23.643248
6250335126,2.49E-05,-3.16E-04,-6.17E-05,-0.002815984,-2.08E-04,5.67E-04,23.642347
6250345049,-3.48E-05,-3.83E-04,2.56E-04,-0.003001015,3.24E-04,9.57E-05,23.642347
6250355149,-2.75E-05,-3.30E-04,6.17E-05,-0.002213839,-3.53E-04,-7.09E-04,23.642347
6250365181,-5.32E-05,-3.92E-04,-4.52E-05,-0.002370334,-9.51E-05,-8.14E-05,23.642347
6250375212,-4.85E-05,-2.90E-04,-5.33E-04,-0.002470664,-7.28E-04,3.30E-05,23.642347
6250385219,-2.44E-04,-2.91E-04,-3.84E-04,-0.002336351,2.73E-04,9.12E-04,23.642347
6250395329,-1.71E-04,-4.53E-04,2.36E-05,-0.002795515,1.73E-04,0.001546114,23.642347
6250405379,-3.35E-04,-4.54E-04,-2.98E-04,-0.003118883,0.002420597,0.001708715,23.642347
6250415504,-2.65E-04,-4.05E-04,-2.51E-04,-0.002548173,0.002547063,0.00274997,23.642347
6250425545,-1.37E-04,-3.81E-04,2.30E-04,-0.001648136,0.001732505,0.003667502,23.642347
6250435563,-1.36E-04,-3.12E-04,1.37E-04,-0.001314332,0.001894675,0.003532577,23.643051
6250445542,-1.05E-04,-2.60E-04,1.92E-04,-4.67E-04,0.001579224,0.00425298,23.643051
6250455559,-3.97E-05,-2.45E-04,-9.88E-05,-8.28E-04,0.001485283,0.004196968,23.643051
6250465578,-1.06E-04,-3.39E-04,1.06E-04,-8.52E-04,0.002415991,0.004382424,23.643051
6250475620,-2.52E-05,-5.04E-04,7.69E-04,-0.001047575,0.002388266,0.003907671,23.643051
6250485669,1.66E-04,-4.08E-04,3.01E-04,-7.24E-04,0.001452814,0.003537906,23.643051
6250495690,1.03E-04,-3.23E-04,3.59E-04,-1.74E-04,0.001061391,0.003593207,23.643051
6250505737,1.26E-04,-4.22E-04,6.33E-04,4.98E-05,1.80E-04,0.003096705,23.643051
6250515732,4.59E-05,-3.52E-04,2.93E-04,3.51E-04,1.69E-04,0.003094348,23.643051
6250525869,2.78E-05,-3.95E-04,2.93E-04,2.74E-04,8.38E-04,0.002763368,23.643051
6250535929,-6.71E-05,-3.63E-04,1.23E-04,-3.15E-04,9.50E-04,0.002394715,23.643452
6250545880,-1.03E-04,-4.64E-04,1.85E-04,-0.001104207,0.001458326,0.002012647,23.643452
6250555910,-9.46E-05,-5.02E-04,8.62E-04,-0.001365782,0.001912997,0.002738968,23.643452
6250566034,-1.46E-05,-3.62E-04,3.72E-04,-8.75E-04,7.54E-04,0.001232924,23.643452
6250576053,-1.29E-04,-2.53E-04,2.51E-04,-3.91E-04,0.001375964,3.03E-04,23.643452
6250586027,-3.09E-04,-3.86E-04,6.41E-04,1.04E-04,0.002534055,0.001198351,23.643452
6250596086,-3.22E-04,-4.47E-04,5.31E-04,-6.42E-04,0.0026889,8.00E-04,23.643452
6250606155,-2.74E-04,-4.67E-04,4.12E-04,-0.001871797,0.00241342,7.04E-04,23.643452
6250616284,-2.10E-04,-4.23E-04,2.43E-04,-0.001245231,0.001670963,3.82E-04,23.643452
6250626318,-3.28E-04,-3.87E-04,2.97E-04,-0.001097857,0.002465979,-2.32E-04,23.643452
6250636521,-1.85E-04,-4.83E-04,5.60E-04,-0.001106272,0.001571654,-4.16E-04,23.643774
6250646354,-1.63E-04,-4.04E-04,1.77E-04,-0.001153285,0.002056767,-2.69E-04,23.643774
6250656296,-2.09E-04,-2.85E-04,-1.10E-04,-2.63E-05,0.00203486,1.23E-04,23.643774
6250666356,-2.49E-04,-3.99E-04,2.32E-04,-9.39E-04,0.002988052,0.002084325,23.643774
6250676433,-1.67E-04,-4.39E-04,8.92E-05,-0.001688682,0.002550929,0.002496212,23.643774
6250686492,-9.40E-05,-2.57E-04,-1.85E-04,-9.65E-04,0.00206169,0.001385704,23.643774
6250696465,-7.46E-05,-2.19E-04,-5.27E-04,-6.50E-04,0.001924092,0.001698454,23.643774
6250706580,-6.53E-05,-1.57E-04,-5.02E-04,1.03E-04,0.001812945,0.00258284,23.643774
6250716568,-1.20E-04,-2.28E-04,-1.05E-04,-3.90E-04,0.002780125,0.001616889,23.643774
6250726646,6.53E-06,-9.78E-05,-4.85E-04,2.43E-04,0.001789919,0.001451006,23.643774
6250736798,-2.92E-05,-1.01E-04,-4.01E-04,-6.78E-05,0.001959836,9.53E-04,23.64255
6250746729,-4.43E-05,-1.57E-04,-1.62E-04,-2.09E-04,0.001434883,2.88E-04,23.64255
6250756808,-1.79E-05,-2.09E-04,-3.52E-04,-6.27E-04,7.37E-04,4.61E-05,23.64255
6250766858,-7.14E-05,-1.48E-04,-4.03E-04,5.37E-05,2.91E-04,-9.03E-04,23.64255
6250776794,-1.09E-04,1.60E-05,-6.44E-04,5.50E-04,3.41E-04,-0.001186395,23.64255
6250786840,-9.59E-05,-9.11E-05,-2.11E-04,2.09E-04,4.81E-04,-6.85E-04,23.64255
6250796897,-9.21E-08,-5.20E-05,3.75E-04,8.85E-04,2.92E-04,-7.38E-04,23.64255
6250806980,-4.54E-05,4.47E-05,2.45E-05,0.00143476,9.56E-04,-0.002356633,23.64255
6250817168,-3.41E-05,6.10E-05,-8.74E-05,0.001672733,6.87E-04,-0.001368832,23.64255
6250827108,-1.01E-04,-2.84E-05,1.18E-04,0.001106936,0.001286076,-8.90E-04,23.64255
6250837217,-1.24E-04,4.78E-05,7.67E-05,0.001343809,0.001987963,-6.79E-04,23.64335
6250847157,-1.72E-04,-5.11E-05,5.73E-05,8.67E-04,0.002438926,1.01E-04,23.64335
6250857182,-1.20E-04,6.72E-05,-1.59E-04,8.62E-04,0.002471512,-7.19E-04,23.64335
6250867196,-7.68E-05,7.36E-05,-7.44E-05,6.17E-04,0.001882927,-9.00E-04,23.64335
6250877222,-1.23E-06,3.65E-05,3.89E-04,0.00132452,9.41E-04,-8.38E-04,23.64335
6250887293,-1.28E-05,1.45E-04,-1.34E-04,5.45E-04,7.89E-04,-9.18E-04,23.64335
6250897421,-1.24E-04,1.75E-04,-3.07E-04,-1.42E-05,0.001355173,3.74E-04,23.64335
6250907358,-7.26E-06,9.03E-05,1.78E-04,-6.49E-04,6.57E-04,8.50E-04,23.64335
6250917374,-4.85E-05,1.41E-04,1.51E-04,-6.91E-04,2.30E-04,0.001015431,23.64335
6250927631,9.36E-05,1.65E-04,2.00E-04,-9.62E-04,-6.46E-04,0.001318535,23.64335
6250937641,3.75E-05,1.79E-04,-2.46E-04,-0.001081078,-0.001019364,0.001255611,23.643078
6250947584,1.02E-04,1.95E-04,-1.94E-04,-0.001137979,-0.001313413,9.24E-04,23.643078
6250957639,-1.66E-05,2.00E-04,2.94E-04,-3.71E-04,-7.64E-04,0.00186914,23.643078
6250967815,1.98E-05,1.85E-04,1.48E-05,-7.23E-04,-0.001404357,0.002785997,23.643078
6250977851,1.61E-05,4.21E-05,-5.96E-05,-0.001696697,-0.001193176,0.003512535,23.643078
6250987702,3.28E-05,1.53E-04,1.03E-04,-9.97E-04,-0.001552546,0.003593514,23.643078
6250997758,1.44E-04,1.28E-04,2.31E-05,-7.06E-04,-0.00257021,0.002742093,23.643078
6251007782,9.18E-05,1.17E-04,-1.90E-04,-1.06E-04,-0.002994826,0.001749556,23.643078
6251017814,3.70E-05,5.08E-05,-6.40E-04,-8.97E-04,-0.002398832,0.001647453,23.643078
6251027962,7.62E-05,5.17E-05,-5.55E-04,-3.16E-04,-0.002452879,0.001522898,23.643078
6251038023,6.42E-05,2.59E-05,-1.52E-04,7.25E-04,-0.002238178,0.001957949,23.643064
6251047929,6.95E-05,1.55E-04,-4.36E-04,0.001325725,-0.003387349,0.001637662,23.643064
6251058111,2.59E-04,9.11E-05,-5.70E-04,0.001165594,-0.004986413,0.001387882,23.643064
6251068011,2.22E-04,1.04E-04,-2.06E-04,0.001794033,-0.004186495,3.35E-04,23.643064
6251078095,1.66E-04,1.32E-04,-4.64E-04,0.002035944,-0.003609289,-1.55E-04,23.643064
6251088401,1.20E-04,-1.29E-05,-3.63E-04,0.001613191,-0.003345045,2.95E-04,23.643064
6251098142,9.45E-05,2.76E-05,-4.47E-04,0.001392931,-0.003756709,0.001100892,23.643064
6251108173,1.27E-04,-4.87E-05,-2.83E-04,5.01E-04,-0.002965704,0.00205562,23.643064
6251118295,1.87E-04,2.14E-05,2.98E-04,0.001499883,-0.002521073,0.003363679,23.643064
6251128364,1.29E-04,1.68E-06,-1.03E-04,6.68E-04,-0.001750493,0.003611948,23.643064
6251138394,1.54E-04,-5.56E-05,3.65E-05,-8.70E-04,-0.001844677,0.003689055,23.642475
6251148366,1.71E-04,-1.22E-04,5.16E-04,-0.001015353,-0.001097318,0.003571325,23.642475
6251158460,2.12E-05,-1.21E-04,5.73E-04,-0.001439166,-1.93E-04,0.004240098,23.642475
6251168495,1.42E-04,-1.17E-04,5.62E-04,-0.001671333,-2.06E-04,0.00455184,23.642475
6251178470,1.84E-04,-8.68E-05,3.32E-04,-0.002090387,-7.47E-04,0.004825532,23.642475
6251188526,2.03E-04,-1.02E-04,5.23E-04,-0.002564343,-3.08E-04,0.004991879,23.642475
6251198674,1.87E-04,-3.32E-04,9.11E-04,-0.003541326,-1.78E-05,0.004432884,23.642475
6251208552,2.72E-04,-1.56E-04,5.83E-04,-0.00297414,-7.96E-04,0.004288139,23.642475
6251218738,2.44E-04,-1.74E-04,4.82E-04,-0.003108704,-0.001623676,0.003256543,23.642475
6251228792,2.61E-04,-1.80E-04,8.57E-04,-0.00268878,-0.002331936,0.003143205,23.642475
6251238782,3.06E-04,-2.38E-04,7.07E-04,-0.002147723,-0.003686535,0.002778081,23.643383
6251248772,2.89E-04,-2.25E-04,4.25E-04,-0.002251908,-0.003805511,0.00273956,23.643383
6251258865,3.23E-04,-1.89E-04,1.61E-04,-0.002812977,-0.003913652,0.001857734,23.643383
6251268836,1.69E-04,-2.34E-04,2.58E-04,-0.002612537,-0.003125108,0.002715884,23.643383
6251278812,2.13E-04,-1.89E-04,8.14E-04,-0.002361226,-0.002971953,0.001821804,23.643383
6251288915,7.93E-05,-8.50E-05,3.92E-04,-0.001788828,-0.00310014,0.001008659,23.643383
6251298952,1.11E-04,1.27E-04,2.83E-04,-4.45E-04,-0.002764113,0.001630208,23.643383
6251309012,-1.66E-05,-2.33E-05,5.60E-04,-6.21E-04,-0.00223319,0.00179372,23.643383
6251319015,-5.59E-05,-7.79E-05,6.72E-04,-0.001451481,-0.00155076,0.001762024,23.643383
6251329145,4.87E-05,-1.37E-04,5.53E-04,-0.001866138,-0.001381226,0.001707999,23.643383
6251339215,-2.04E-05,-1.52E-07,-5.78E-05,-0.002391876,-9.68E-04,0.001158794,23.643173
6251349211,-5.07E-05,-2.02E-05,3.07E-04,-0.002310173,-9.70E-05,0.001717029,23.643173
6251359263,-8.42E-05,-5.64E-05,5.70E-04,-0.001749103,1.12E-05,0.002598855,23.643173
6251369253,-9.84E-05,-7.11E-05,1.75E-04,-0.001718121,2.16E-04,0.002223618,23.643173
6251379382,-1.69E-04,-1.65E-04,1.23E-04,-0.002026802,0.001378846,0.003191725,23.643173
6251389384,5.45E-05,-2.81E-04,5.23E-04,-0.00238779,3.46E-04,0.003157191,23.643173
6251399393,-5.68E-05,-3.34E-04,4.73E-04,-0.003542001,6.09E-04,0.002421864,23.643173
6251409558,-3.16E-05,-2.93E-04,4.76E-04,-0.002927697,-1.08E-04,0.001791721,23.643173
6251419499,-4.85E-06,-1.44E-04,8.96E-05,-0.001804799,3.47E-04,0.001032835,23.643173
6251429565,-9.89E-05,-1.48E-04,2.68E-04,-9.68E-04,7.17E-04,0.001771448,23.643173
6251439693,-9.67E-05,-1.86E-04,0.001035931,-3.68E-04,0.001054653,0.002719939,23.643389
6251449682,-4.59E-05,-2.03E-04,5.04E-04,-2.13E-04,3.47E-04,0.002147207,23.643389
6251459738,-1.98E-06,-1.29E-04,5.81E-04,1.53E-04,8.02E-05,0.001695072,23.643389
6251469671,2.46E-05,-2.25E-04,9.78E-04,-5.36E-04,5.63E-04,0.003007271,23.643389
6251479697,1.38E-04,-1.38E-04,8.49E-04,-5.38E-04,1.59E-04,0.002012921,23.643389
6251489723,5.92E-05,-1.20E-04,6.22E-04,-7.64E-04,6.18E-04,0.001990521,23.643389
6251499736,1.46E-04,-2.25E-05,2.11E-04,-3.02E-04,5.01E-04,0.00165764,23.643389
6251509792,6.90E-05,3.11E-05,2.33E-04,-1.52E-04,0.001195783,0.003186294,23.643389
6251519819,7.79E-05,-9.71E-05,7.23E-04,-0.00114511,0.001189553,0.004309202,23.643389
6251529928,3.32E-05,-7.00E-05,2.95E-04,-9.41E-04,0.001703626,0.002804226,23.643389
6251540031,6.42E-05,1.24E-05,1.75E-04,-1.45E-04,0.001605377,0.00153382,23.643661
6251549981,-3.42E-05,-1.01E-04,6.98E-04,-8.45E-04,0.001991761,8.79E-04,23.643661
6251560005,-1.10E-04,-1.39E-04,5.79E-04,-0.001618414,0.003222936,5.10E-04,23.643661
6251570034,-7.39E-05,-9.40E-05,4.12E-04,-0.00158422,0.002111716,-8.41E-04,23.643661
6251580108,-1.39E-04,-1.08E-04,1.08E-04,-0.001253079,0.002285752,-3.62E-04,23.643661
6251590160,-4.91E-05,-4.91E-05,1.28E-04,3.49E-04,0.002558335,2.44E-04,23.643661
6251600152,-1.42E-04,-1.50E-04,6.24E-04,4.48E-04,0.003038096,7.90E-04,23.643661
6251610219,-1.36E-04,-7.08E-05,3.30E-04,3.39E-04,0.003062907,-0.001538662,23.643661
6251620257,-2.60E-04,1.24E-06,3.42E-04,0.001504449,0.002613846,-0.001787192,23.643661
6251630360,-2.48E-04,-5.46E-05,6.57E-04,8.48E-04,0.002434374,-9.81E-04,23.643661
6251640491,-2.38E-04,-8.49E-05,5.75E-04,3.04E-04,0.002170314,4.49E-04,23.643465
6251650393,-1.70E-04,-1.77E-05,3.86E-04,6.76E-04,0.002983596,0.001800705,23.643465
6251660473,-1.38E-04,-2.50E-05,7.94E-05,7.42E-04,0.002424446,9.27E-04,23.643465
6251670503,-1.64E-04,-8.32E-05,2.30E-04,6.12E-04,0.002322303,0.001415546,23.643465
6251680509,-1.00E-04,-1.62E-04,5.17E-04,1.04E-04,0.002006503,0.001060895,23.643465
6251690574,-3.17E-04,-1.87E-04,1.31E-04,-5.20E-04,0.002827592,6.68E-04,23.643465
6251700720,-1.71E-04,-9.08E-05,5.05E-06,-4.55E-04,0.001777642,6.55E-04,23.643465
6251710679,-4.02E-05,-2.35E-04,2.10E-04,-0.00123383,0.001311526,0.002066142,23.643465
6251720662,3.10E-05,-2.69E-04,-4.79E-05,-0.001839384,0.001175144,0.001491135,23.643465
6251730865,1.65E-04,-1.82E-04,-1.41E-04,-0.001987463,-2.45E-04,6.35E-04,23.643465
6251740839,9.72E-05,-2.59E-04,-5.61E-04,-0.003271302,1.57E-04,7.00E-06,23.644161
6251750849,1.21E-04,-1.93E-04,-5.36E-04,-0.003370306,-5.64E-04,-1.59E-04,23.644161
6251760893,2.01E-04,-1.54E-04,-3.69E-05,-0.002941189,-4.58E-04,0.001585846,23.644161
6251770890,1.39E-04,-5.26E-05,-4.70E-04,-0.002337012,2.10E-05,0.00177278,23.644161
6251780928,1.83E-04,1.72E-06,-3.35E-04,-0.002907505,-5.96E-04,0.001592155,23.644161
6251790994,2.92E-04,-9.51E-05,-7.27E-05,-0.003503856,-0.001480227,0.001045746,23.644161
6251801005,4.24E-04,-1.68E-04,-4.54E-05,-0.004226427,-0.001943743,0.002458176,23.644161
6251811123,4.23E-04,-7.09E-05,-1.90E-04,-0.003196967,-0.002242113,0.002353672,23.644161
6251821108,3.24E-04,9.48E-06,-5.57E-04,-0.00271073,-0.002223954,0.002197717,23.644161
6251831198,2.57E-04,-1.13E-04,-3.03E-04,-0.003709781,-6.57E-04,0.002670333,23.644161
6251841216,2.97E-04,-1.40E-04,3.04E-04,-0.002494825,-0.001304064,0.003943691,23.643064
6251851272,2.32E-04,-1.17E-04,-2.55E-04,-0.002190154,-0.001552084,0.002576292,23.643064
6251861231,2.43E-04,-2.59E-04,-3.24E-04,-0.002631076,-0.001767855,0.001674132,23.643064
6251871347,2.00E-04,-3.57E-04,-8.60E-05,-0.002822885,-0.001548566,0.001671573,23.643064
6251881320,1.11E-04,-3.20E-04,-2.83E-04,-0.001529374,-6.81E-04,0.001917414,23.643064
6251891706,1.26E-04,-3.06E-04,-2.25E-04,-0.001021246,-8.34E-04,0.002282804,23.643064
6251901416,-6.78E-05,-2.48E-04,-6.44E-04,-2.66E-04,-5.24E-05,0.001159441,23.643064
6251911485,-7.71E-06,-2.97E-04,-4.11E-04,-9.00E-04,-9.84E-04,0.001446337,23.643064
6251921499,8.98E-05,-4.04E-04,9.51E-05,-0.001783444,-6.86E-04,0.001761626,23.643064
6251931563,1.05E-05,-3.17E-04,-3.92E-04,-0.001123909,-2.58E-05,0.001615586,23.643064
6251941711,7.64E-05,-3.51E-04,-3.13E-04,-0.001984611,-1.06E-05,0.001400421,23.645199
6251951594,9.19E-05,-3.91E-04,1.08E-04,-0.002277466,4.25E-04,0.001598277,23.645199
6251961646,1.06E-04,-2.10E-04,9.25E-05,-0.001236896,2.71E-04,0.002030535,23.645199
6251971673,7.59E-05,-1.53E-04,3.28E-05,-5.23E-04,5.45E-04,0.002745928,23.645199
6251981766,3.79E-05,-1.02E-04,-3.34E-04,-5.90E-04,1.43E-04,0.002869394,23.645199
6251991936,6.49E-05,-4.44E-05,-6.03E-05,-4.42E-04,1.77E-04,0.001936792,23.645199
6252001777,3.37E-05,-7.31E-05,2.52E-04,-8.78E-04,4.43E-04,7.94E-04,23.645199
6252011874,-6.73E-05,-4.82E-05,-2.58E-04,-3.82E-04,0.001317535,7.90E-04,23.645199
6252021982,-6.65E-05,-6.47E-05,-2.74E-04,9.08E-05,5.11E-04,6.27E-04,23.645199
6252032021,-3.28E-05,-1.50E-04,-3.26E-05,-1.34E-05,-3.32E-04,0.001267658,23.645199
6252042080,-7.36E-05,-8.19E-05,-2.08E-04,3.03E-04,-8.87E-05,0.001289703,23.644741
6252052035,-1.61E-04,-3.77E-05,-3.17E-04,0.001069095,1.00E-04,0.00166885,23.644741
6252062045,-1.87E-04,-9.77E-05,-6.76E-04,0.001186839,2.38E-04,0.002444112,23.644741
6252072093,5.42E-06,-1.42E-04,-4.51E-04,5.74E-04,-9.58E-04,0.001731633,23.644741
6252082108,4.63E-05,-2.14E-04,5.49E-05,-5.82E-04,-7.73E-04,0.001711053,23.644741
6252092238,-5.60E-05,-1.17E-04,-5.51E-04,-5.74E-04,1.07E-04,0.002182783,23.644741
6252102224,-4.68E-05,-1.53E-04,-5.48E-04,-2.99E-04,3.34E-04,0.003182957,23.644741
6252112295,1.05E-05,-2.29E-04,-8.45E-05,-2.10E-04,-2.70E-04,0.003207814,23.644741
6252122317,1.13E-04,-1.44E-04,-3.01E-04,-2.00E-04,-2.52E-04,0.003367243,23.644741
6252132382,7.09E-05,-4.92E-05,-2.76E-04,5.37E-04,-3.49E-04,0.003272217,23.644741
6252142595,1.43E-04,8.08E-05,-6.05E-04,0.001285605,-3.30E-04,0.00215295,23.64478
6252152611,2.43E-04,6.74E-06,-3.17E-04,8.23E-04,-9.87E-04,0.002453494,23.64478
6252162615,3.50E-04,-2.30E-05,1.02E-04,7.08E-06,-0.001412891,0.00194225,23.64478
6252172526,1.14E-04,3.04E-05,-3.20E-04,1.79E-04,-2.42E-04,0.001124814,23.64478
6252182558,1.34E-04,-2.92E-05,-2.55E-04,8.76E-04,-2.58E-04,8.24E-04,23.64478
6252192678,1.41E-04,-1.12E-04,3.60E-05,9.37E-04,-5.39E-05,0.001833891,23.64478
6252202625,1.68E-04,-1.43E-04,-1.29E-04,6.27E-04,-6.01E-04,0.001445367,23.64478
6252212650,6.64E-05,-8.93E-05,-1.92E-04,-1.14E-04,-1.30E-04,0.001755043,23.64478
6252222894,-4.11E-05,-7.91E-05,-5.89E-04,-1.40E-04,8.10E-04,4.13E-04,23.64478
6252232766,-1.91E-05,-1.34E-04,-5.27E-04,-5.48E-04,4.36E-04,3.73E-04,23.64478
6252242886,-2.61E-05,-2.27E-04,-1.21E-04,-0.00124552,2.74E-04,0.001014691,23.643599
6252252888,-9.79E-05,-1.89E-04,-7.52E-04,-0.001685935,0.001052073,6.14E-04,23.643599
6252262914,-2.36E-04,-2.33E-04,-8.26E-04,-0.001807637,0.001574218,1.07E-04,23.643599
6252272904,-3.76E-05,-2.41E-04,-5.19E-04,-0.001778024,4.52E-04,6.07E-04,23.643599
6252282969,-7.95E-05,-2.44E-04,-7.80E-04,-0.002930295,8.69E-04,0.001345621,23.643599
6252292957,-6.61E-05,-4.11E-04,-7.09E-04,-0.004052218,7.67E-04,2.53E-04,23.643599
6252303030,-4.62E-05,-2.82E-04,-9.56E-04,-0.004126253,0.001078821,5.90E-04,23.643599
6252313109,-3.64E-05,-3.17E-04,-7.80E-04,-0.003559824,0.001117625,0.001294062,23.643599
6252323108,1.09E-05,-4.66E-04,-2.30E-04,-0.004079705,9.06E-04,0.002439,23.643599
6252333187,-6.16E-05,-4.66E-04,-5.64E-04,-0.00469491,6.75E-04,0.002031818,23.643599
6252343266,-1.63E-05,-5.11E-04,-5.31E-04,-0.004635686,4.19E-04,0.001524475,23.64472
6252353207,-2.18E-05,-5.33E-04,-4.61E-05,-0.004707265,2.31E-04,0.001734455,23.64472
6252363314,-8.53E-06,-5.18E-04,-7.60E-05,-0.00475572,9.35E-05,0.002553633,23.64472
6252373320,-3.44E-05,-5.61E-04,5.85E-06,-0.005092966,9.70E-04,0.003047568,23.64472
6252383602,2.32E-05,-4.60E-04,-3.12E-04,-0.00464516,1.64E-04,0.001557637,23.64472
6252393408,8.45E-05,-3.45E-04,-1.50E-04,-0.003925283,-6.12E-04,0.001300274,23.64472
6252403484,2.06E-04,-4.52E-04,2.25E-04,-0.004687603,-0.00149302,0.001414798,23.64472
6252413483,2.80E-04,-3.47E-04,-2.19E-04,-0.004625548,-0.001305061,5.70E-04,23.64472
6252423569,2.17E-04,-4.09E-04,-1.50E-04,-0.004514781,-0.001197731,5.72E-04,23.64472
6252433981,1.69E-04,-3.23E-04,1.18E-04,-0.004347995,-3.16E-04,9.89E-04,23.64472
6252443752,5.92E-05,-2.98E-04,2.79E-05,-0.004651402,7.14E-04,0.001818996,23.642578
6252453982,1.01E-04,-3.43E-04,-3.01E-05,-0.005428284,6.50E-04,0.002083022,23.642578
6252463697,1.33E-04,-2.62E-04,-4.93E-04,-0.00493534,7.52E-04,0.001087933,23.642578
6252473813,1.63E-04,-2.86E-04,-4.82E-04,-0.005215859,-4.90E-04,3.79E-04,23.642578
6252483787,7.26E-05,-2.36E-04,1.38E-04,-0.003905426,5.59E-04,0.002217178,23.642578
6252493798,1.46E-05,-1.62E-04,-2.40E-04,-0.00371738,0.001323069,0.002056113,23.642578
6252503971,-1.53E-04,-1.97E-04,-2.56E-04,-0.003350969,0.002108508,0.00225333,23.642578
6252513879,-2.30E-04,-3.64E-04,7.75E-05,-0.004184994,0.002000131,0.001706467,23.642578
6252523976,-2.53E-04,-3.20E-04,-8.34E-05,-0.003559777,0.001104635,0.002045459,23.642578
6252534038,-2.84E-04,-3.84E-04,6.75E-05,-0.00286354,0.00153703,0.002590569,23.642578
6252544127,-3.83E-04,-4.03E-04,-6.96E-05,-0.003129705,0.002013129,0.002402911,23.64385
6252554163,-3.25E-04,-4.14E-04,1.28E-04,-0.002456675,0.002090191,0.002295746,23.64385
6252564128,-3.09E-04,-5.70E-04,5.90E-04,-0.003321182,0.002364516,0.002595733,23.64385
6252574191,-3.00E-04,-5.38E-04,3.27E-04,-0.003004374,0.002941442,0.003757431,23.64385
6252584221,-2.41E-04,-6.15E-04,1.90E-04,-0.003788035,0.002565603,0.004490263,23.64385
6252594335,-1.59E-04,-6.98E-04,5.96E-04,-0.004445103,0.00156995,0.00445493,23.64385
6252604474,-1.01E-04,-6.59E-04,6.75E-04,-0.004088341,0.001326617,0.004652974,23.64385
6252614324,-7.28E-05,-5.89E-04,6.65E-04,-0.003427034,0.001685849,0.005704613,23.64385
6252624371,-6.38E-05,-5.33E-04,4.25E-04,-0.004493889,0.001664086,0.003321015,23.64385
6252634486,2.10E-05,-6.04E-04,5.07E-04,-0.00510587,0.001830797,0.003112486,23.64385
6252644644,2.34E-04,-5.67E-04,6.96E-04,-0.004618626,7.72E-04,0.00198693,23.643484
6252654495,2.63E-04,-5.08E-04,2.90E-04,-0.00477822,7.26E-04,0.001613346,23.643484
6252664501,8.89E-05,-4.40E-04,3.81E-04,-0.004456483,8.74E-04,0.002495657,23.643484
6252674575,6.51E-05,-4.12E-04,7.16E-04,-0.003876498,0.001536889,0.00226177,23.643484
6252684644,3.02E-05,-3.93E-04,4.94E-04,-0.002697112,0.00176137,0.001322317,23.643484
6252694621,2.85E-05,-3.51E-04,3.73E-04,-0.002209051,0.00227936,0.00135801,23.643484
6252704639,9.39E-06,-2.92E-04,-2.93E-05,-0.002367101,0.002347103,0.00164873,23.643484
6252714753,-3.20E-05,-3.13E-04,2.09E-04,-0.001909367,0.001901326,0.001359387,23.643484
6252724808,7.23E-05,-1.20E-04,4.98E-04,-4.41E-05,0.001969975,0.002374464,23.643484
6252734904,1.43E-04,-5.07E-05,1.05E-05,-4.39E-04,0.001044384,0.002124707,23.643484
6252744915,1.08E-04,-6.52E-05,3.81E-05,-6.18E-04,0.001508071,0.003610184,23.644278
6252754863,8.56E-05,-4.78E-05,2.71E-04,-3.85E-04,8.73E-04,0.00364344,23.644278
6252764924,1.06E-04,-4.99E-05,-6.59E-05,1.02E-04,7.74E-04,0.001646516,23.644278
6252775095,2.12E-04,-1.31E-04,4.58E-05,-4.15E-04,7.37E-04,0.001274005,23.644278
6252785220,2.00E-04,-1.49E-04,-4.46E-04,-0.001805344,0.001410393,0.001311758,23.644278
6252795048,1.91E-04,-1.21E-04,-2.48E-04,-0.001921419,0.001117706,0.002155809,23.644278
6252805080,2.75E-04,-3.03E-04,2.23E-04,-0.002500067,4.44E-04,0.001782477,23.644278
6252815151,3.07E-04,-2.69E-04,-3.80E-04,-0.002801553,5.63E-04,0.001208383,23.644278
6252825125,2.87E-04,-4.50E-04,-4.52E-04,-0.004114744,9.36E-04,0.001579909,23.644278
6252835250,2.79E-04,-4.25E-04,-8.19E-05,-0.003397179,7.87E-04,0.001833964,23.644278
6252845312,2.64E-04,-5.34E-04,-2.41E-04,-0.003817517,9.70E-04,0.001435404,23.643307
6252855454,3.18E-04,-5.18E-04,-3.56E-04,-0.003297126,7.91E-04,0.002108896,23.643307
6252865373,3.63E-04,-4.94E-04,-5.10E-04,-0.004303691,8.62E-04,0.002205583,23.643307
6252875330,3.42E-04,-4.51E-04,-5.89E-04,-0.003964901,9.85E-05,0.002375953,23.643307
6252885389,2.71E-04,-5.52E-04,1.16E-04,-0.003720587,-6.25E-04,0.002764119,23.643307
6252895504,2.95E-04,-5.64E-04,-1.09E-04,-0.003373442,-6.45E-04,0.002421666,23.643307
6252905481,2.40E-04,-5.55E-04,-1.36E-04,-0.003776318,-6.07E-04,0.00190642,23.643307
6252915552,1.73E-04,-4.50E-04,1.98E-04,-0.003108732,-5.23E-04,0.002017639,23.643307
6252925687,1.95E-04,-4.39E-04,8.05E-05,-0.003197837,-3.89E-04,0.00200352,23.643307
6252935663,1.89E-04,-4.83E-04,-5.36E-05,-0.003407223,-6.47E-04,0.002782894,23.643307
6252945735,1.41E-04,-3.59E-04,-2.92E-04,-0.002992668,-3.08E-04,0.001500842,23.643324
6252955702,1.84E-05,-3.64E-04,-3.17E-05,-0.003314265,1.04E-06,0.001359188,23.643324
6252965748,2.87E-05,-5.13E-04,4.37E-04,-0.004135655,-3.32E-04,0.0023111,23.643324
6252975741,8.64E-05,-4.18E-04,-5.96E-05,-0.004280645,-4.70E-04,0.001109236,23.643324
6252985800,8.94E-05,-3.74E-04,-1.80E-04,-0.004076544,-1.56E-04,7.95E-04,23.643324
6252995874,4.64E-05,-2.43E-04,-2.94E-05,-0.003426132,8.65E-04,5.80E-04,23.643324
6253005892,1.33E-05,-1.23E-04,-1.47E-04,-0.002596939,5.52E-04,-3.51E-04,23.643324
6253015883,-3.34E-05,-1.74E-04,-1.11E-04,-0.002556185,8.26E-04,1.45E-04,23.643324
6253026040,-1.26E-04,-1.39E-04,-5.30E-04,-0.002591757,6.42E-04,-3.94E-04,23.643324
6253036039,-1.02E-04,-9.99E-05,-4.48E-04,-0.002543406,2.34E-04,-8.75E-04,23.643324
6253046178,-1.11E-04,-2.16E-04,-1.43E-04,-0.001677282,-2.88E-05,-4.97E-04,23.644121
6253056089,-9.85E-05,-1.48E-04,-7.43E-04,-8.43E-04,1.22E-04,-0.001656805,23.644121
6253066325,-1.80E-04,1.29E-05,-8.11E-04,-7.50E-05,4.01E-04,-0.001898409,23.644121
6253076156,-2.59E-04,-4.97E-05,-5.72E-04,3.58E-04,7.75E-04,-5.32E-04,23.644121
6253086240,-2.31E-04,-7.47E-06,-5.72E-04,4.09E-04,3.03E-05,-0.001194213,23.644121
6253096320,-2.72E-04,-7.84E-05,-7.31E-04,4.51E-05,-3.83E-05,-9.23E-04,23.644121
6253106262,-1.74E-04,-1.10E-04,-0.00115887,4.13E-05,-9.76E-05,-1.64E-04,23.644121
6253116323,-1.28E-04,-1.29E-04,-0.00110153,-3.33E-04,-5.34E-04,-5.25E-04,23.644121
6253126383,-1.03E-04,-1.99E-04,-5.04E-04,-6.02E-04,-3.91E-04,6.70E-04,23.644121
6253136489,-8.74E-05,-1.53E-04,-7.07E-04,-4.21E-04,-4.87E-04,-8.19E-04,23.644121
6253146602,-9.29E-05,-1.32E-04,-7.70E-04,-5.85E-04,-1.16E-04,-1.62E-04,23.641647
6253156653,-3.68E-06,-6.53E-05,-1.62E-04,-8.81E-04,-4.38E-04,8.94E-04,23.641647
6253166555,8.17E-05,-1.31E-04,-4.96E-04,-9.30E-04,-8.58E-04,8.20E-04,23.641647
6253176563,3.05E-05,-1.50E-04,-3.84E-04,-0.001471811,-3.75E-04,-1.80E-04,23.641647
6253186616,6.56E-05,-1.34E-04,-9.27E-04,-0.002430272,-7.82E-04,-8.00E-04,23.641647
6253196724,7.59E-05,-1.49E-04,-6.48E-04,-0.002321651,-2.84E-04,-9.38E-05,23.641647
6253206713,2.34E-05,-3.15E-04,-1.50E-04,-0.003372567,-1.91E-04,0.001020853,23.641647
6253216731,1.19E-04,-2.96E-04,-5.61E-04,-0.003586066,2.82E-04,-1.88E-05,23.641647
6253226778,1.21E-04,-3.93E-04,-5.81E-04,-0.003784704,4.44E-04,-2.21E-04,23.641647
6253236923,4.93E-05,-4.59E-04,-2.66E-04,-0.004223266,0.001225904,6.19E-04,23.641647
6253246982,9.68E-06,-3.43E-04,-3.92E-04,-0.004232646,0.001440863,6.42E-04,23.643196
6253256946,9.63E-06,-4.09E-04,-4.63E-04,-0.004277556,8.11E-04,7.64E-04,23.643196
6253267013,8.74E-05,-3.57E-04,-5.83E-04,-0.00372347,5.71E-04,0.001116323,23.643196
6253277005,1.71E-04,-4.11E-04,-6.54E-04,-0.003986317,-0.001020873,0.001205356,23.643196
6253287038,1.93E-04,-4.89E-04,1.16E-04,-0.002595141,-2.00E-04,0.001866935,23.643196
6253297083,2.93E-04,-3.83E-04,-4.56E-04,-0.002132605,-0.00136713,5.04E-04,23.643196
6253307091,2.76E-04,-2.32E-04,-4.97E-04,-9.88E-04,-0.001202305,-2.16E-04,23.643196
6253317196,2.63E-04,-1.57E-04,-2.44E-04,-3.03E-04,-0.001468826,6.93E-04,23.643196
6253327262,2.82E-04,-2.96E-05,-4.00E-04,7.43E-04,-0.001145522,6.09E-04,23.643196
6253337275,4.19E-04,4.02E-05,-4.68E-04,9.82E-04,-0.001808086,0.001274022,23.643196
6253347467,4.01E-04,-1.65E-05,-6.57E-04,5.44E-04,-0.002089232,0.001370425,23.642347
6253357359,4.55E-04,-1.22E-04,-5.67E-04,2.04E-04,-0.001961815,0.002158799,23.642347
6253367327,2.46E-04,-1.17E-04,-2.79E-04,7.72E-04,-5.13E-04,0.001936117,23.642347
6253377525,1.82E-04,-3.88E-05,-5.72E-04,4.37E-04,-4.85E-05,0.002575933,23.642347
6253387564,1.24E-04,6.45E-05,-6.68E-04,2.18E-04,1.76E-04,0.00242272,23.642347
6253397489,1.47E-04,-1.29E-04,-2.06E-04,-6.51E-04,8.53E-04,0.004040461,23.642347
6253407619,7.00E-05,-2.73E-04,-1.93E-04,-0.002502121,9.40E-04,0.004233457,23.642347
6253417550,-2.57E-05,-3.41E-04,-4.24E-05,-0.002723791,0.001521396,0.003411727,23.642347
6253427607,-2.83E-05,-3.78E-04,-4.65E-04,-0.003390434,0.001472691,0.002157121,23.642347
6253437712,-8.82E-05,-3.72E-04,-4.07E-04,-0.003232291,0.001874336,0.001855662,23.642347
6253447783,-3.78E-05,-4.24E-04,8.34E-05,-0.002729615,0.001320696,0.002409893,23.642681
6253457764,-1.08E-04,-2.63E-04,-4.12E-04,-0.002569067,0.00156487,0.001586277,23.642681
6253467941,-8.39E-05,-2.72E-04,-3.79E-04,-0.002195078,0.001184722,0.001104714,23.642681
6253477784,8.87E-05,-2.87E-04,1.21E-05,-0.001960411,4.88E-04,-1.80E-04,23.642681
6253487817,9.16E-05,-3.80E-04,-1.72E-04,-0.001870154,1.83E-04,-3.95E-04,23.642681
6253497987,-2.98E-05,-3.87E-04,-2.54E-04,-0.002495653,6.91E-04,-2.61E-04,23.642681
6253507904,1.93E-04,-2.15E-04,-5.57E-04,-0.001481126,-5.80E-04,1.00E-04,23.642681
6253517983,1.87E-04,-2.21E-04,-3.93E-04,-0.00148606,9.07E-05,4.63E-04,23.642681
6253528051,1.84E-04,-1.82E-04,2.96E-05,-0.001077383,1.14E-05,0.002361044,23.642681
6253538250,2.20E-04,-1.46E-04,-4.04E-04,-0.001650641,-8.46E-05,0.001458087,23.642681
6253548279,1.91E-04,-1.97E-04,-4.56E-04,-0.002218459,5.50E-05,4.20E-04,23.642076
6253558210,2.17E-04,-2.66E-04,-2.32E-05,-0.001655989,6.15E-05,0.001308934,23.642076
6253568141,2.76E-04,-3.17E-04,-1.36E-04,-0.002873432,-4.94E-04,0.002188728,23.642076
6253578277,7.29E-05,-2.76E-04,-1.96E-04,-0.002523679,0.001244149,0.003907494,23.642076
6253588238,1.72E-04,-2.81E-04,-4.26E-04,-0.00266956,8.17E-04,0.004517055,23.642076
6253598298,1.89E-04,-2.39E-04,-3.35E-04,-0.001472679,1.59E-04,0.004426662,23.642076
6253608304,1.89E-04,-3.91E-04,9.76E-05,-0.001631756,0.001096941,0.003953543,23.642076
6253618445,1.83E-04,-2.92E-04,-3.84E-04,-3.21E-04,7.22E-04,0.004482733,23.642076
6253628411,2.14E-04,-3.25E-04,-3.78E-04,-3.61E-04,2.91E-04,0.003471798,23.642076
6253638635,1.61E-04,-3.00E-04,-2.27E-06,6.38E-04,7.92E-05,0.004072578,23.642076
6253648627,1.16E-04,-2.40E-04,-1.04E-04,3.71E-04,0.00131378,0.004585194,23.640165
6253658631,1.15E-04,-2.81E-04,-6.54E-05,1.69E-04,6.64E-04,0.004718123,23.640165
6253668632,1.48E-04,-2.25E-04,-3.86E-04,5.45E-04,9.06E-04,0.003564788,23.640165
6253678594,1.48E-04,-2.61E-04,-1.75E-04,9.29E-05,-2.63E-04,0.003694815,23.640165
6253688996,1.03E-04,-3.12E-04,2.80E-04,-6.92E-04,9.09E-05,0.004031344,23.640165
6253698807,5.46E-05,-3.27E-04,-2.06E-04,-0.002368872,2.95E-04,0.003715831,23.640165
6253708775,4.70E-05,-3.25E-04,-2.03E-04,-0.002063353,1.95E-04,0.004391789,23.640165
6253718850,1.49E-04,-3.05E-04,1.04E-04,-0.00206896,-4.97E-04,0.004250583,23.640165
6253728807,1.33E-04,-3.39E-04,1.06E-04,-0.002950102,-6.66E-04,0.004189117,23.640165
6253738920,1.15E-04,-3.73E-04,2.79E-04,-0.003819056,-8.48E-04,0.004148783,23.640165
6253748992,3.00E-04,-3.42E-04,-1.19E-05,-0.004351787,-0.002245016,0.004714824,23.641592
6253758909,2.83E-04,-2.91E-04,1.77E-04,-0.003959807,-0.001622252,0.003963226,23.641592
6253769041,1.74E-04,-3.85E-04,6.37E-04,-0.004540334,-6.62E-04,0.004315499,23.641592
6253779079,2.12E-04,-3.72E-04,9.69E-05,-0.004677342,-9.13E-04,0.003084207,23.641592
6253789433,1.97E-04,-3.12E-04,-4.83E-05,-0.004550583,-0.001077141,0.002592275,23.641592
6253799109,2.07E-04,-3.03E-04,3.47E-04,-0.003755676,-7.48E-04,0.003023961,23.641592
6253809137,1.83E-04,-1.59E-04,8.09E-05,-0.003677973,-0.001127716,0.001543516,23.641592
6253819194,1.86E-04,-2.57E-04,5.56E-05,-0.004719621,-8.17E-04,0.001626889,23.641592
6253829220,1.52E-04,-1.20E-04,-2.98E-04,-0.004088651,-4.43E-04,0.001006676,23.641592
6253839311,6.33E-05,-1.25E-04,-2.04E-04,-0.003271015,-1.05E-04,0.001237954,23.641592
6253849390,-2.50E-05,-2.50E-04,2.67E-04,-0.003022212,3.51E-04,0.001287665,23.6419
6253859359,-1.39E-04,-1.84E-04,-1.57E-04,-0.003044103,5.23E-04,7.66E-04,23.6419
6253869418,-6.92E-05,-1.74E-04,-1.57E-04,-0.002952085,-1.60E-04,0.002076712,23.6419
6253879541,-7.02E-05,-1.62E-04,3.23E-04,-0.002396053,7.26E-05,0.003659275,23.6419
6253889524,-7.91E-05,-1.19E-04,4.58E-04,-0.001876712,6.10E-04,0.004223435,23.6419
6253899625,-1.85E-05,-1.74E-04,4.33E-04,-0.001995645,3.69E-04,0.004355893,23.6419
6253909573,-9.59E-05,-5.61E-05,-2.13E-05,-0.001189284,1.94E-04,0.004047617,23.6419
6253919640,-1.59E-04,2.54E-05,3.69E-05,-9.76E-05,1.34E-04,0.003809371,23.6419
6253929760,-1.43E-04,-1.04E-04,5.30E-04,-5.53E-04,7.97E-05,0.003971156,23.6419
6253939740,-1.53E-04,2.05E-05,-5.40E-05,-4.18E-04,5.82E-04,0.003293654,23.6419
6253949903,-1.71E-04,5.14E-05,-1.42E-04,1.40E-04,9.33E-04,0.002836132,23.642363
6253959818,-1.15E-04,-2.45E-06,9.14E-05,3.32E-04,5.36E-04,0.003179477,23.642363
6253969790,-6.14E-05,2.41E-05,2.80E-05,-1.22E-04,2.12E-04,0.0021548,23.642363
6253979981,-1.30E-04,4.22E-05,-2.70E-05,-8.21E-05,4.07E-04,8.42E-04,23.642363
6253989906,-5.52E-05,8.36E-05,-5.39E-04,2.15E-04,-2.11E-04,-1.98E-04,23.642363
6253999936,2.14E-05,6.36E-05,-4.88E-04,-1.31E-04,-3.05E-04,4.39E-04,23.642363
6254009949,7.29E-05,-1.43E-04,8.70E-05,-9.34E-04,4.27E-04,0.001080174,23.642363
6254020026,7.29E-05,4.86E-05,-2.99E-04,-2.97E-04,2.99E-04,0.001284156,23.642363
6254030056,1.12E-04,2.93E-05,-3.23E-04,-1.01E-04,-6.58E-05,0.001442395,23.642363
6254040187,1.20E-04,-1.03E-04,3.10E-08,-3.91E-07,2.99E-04,0.002283039,23.642363
6254050303,1.18E-04,-5.70E-05,-1.20E-04,-5.43E-05,4.86E-04,0.002612279,23.64155
6254060184,2.27E-04,-6.16E-05,-1.40E-05,-7.65E-04,-6.87E-05,0.00223815,23.64155
6254070272,5.26E-05,-1.05E-04,-3.34E-04,-3.58E-04,1.95E-04,0.001232314,23.64155
6254080334,6.93E-05,-1.38E-04,-1.56E-04,2.04E-04,-1.45E-04,0.001268463,23.64155
6254090254,9.41E-05,-2.47E-04,3.53E-04,-0.001291301,2.01E-04,8.93E-04,23.64155
6254100310,-1.45E-04,-4.65E-05,-7.10E-05,7.26E-04,7.53E-04,-1.24E-04,23.64155
6254110340,-1.68E-04,1.71E-05,-1.28E-04,8.93E-04,3.17E-04,2.17E-04,23.64155
6254120404,-1.36E-04,-1.25E-04,2.22E-04,5.25E-04,4.49E-04,8.62E-04,23.64155
6254130528,-1.16E-04,-1.38E-04,1.65E-04,6.04E-04,5.93E-04,8.58E-04,23.64155
6254140684,-8.51E-05,-5.40E-05,1.23E-04,2.93E-04,4.71E-04,2.99E-05,23.64155
6254150744,-1.40E-04,-1.35E-04,-2.58E-04,-2.89E-04,8.87E-05,-7.75E-05,23.641996
6254160589,-1.31E-04,-1.20E-04,-1.15E-04,2.38E-04,-3.34E-05,7.95E-04,23.641996
6254170678,1.92E-05,-1.64E-04,3.29E-04,1.13E-04,8.43E-05,0.001816784,23.641996
6254180708,-3.60E-05,-1.07E-04,-2.41E-04,-8.19E-05,2.02E-04,0.001757139,23.641996
6254190699,-3.98E-05,-1.55E-04,-2.87E-04,8.07E-04,2.58E-04,0.001789177,23.641996
6254200806,7.95E-05,-2.89E-04,6.04E-05,1.99E-04,-2.67E-04,0.002074319,23.641996
6254210740,4.72E-05,-3.65E-04,6.53E-05,-4.79E-04,5.67E-05,0.001364294,23.641996
6254220898,1.53E-04,-3.67E-04,1.75E-04,-0.001168715,-8.01E-04,0.001316126,23.641996
6254230970,1.41E-04,-3.03E-04,-3.10E-04,-0.00160826,-0.001272332,0.001075479,23.641996
6254240982,1.14E-04,-3.90E-04,-1.05E-04,-0.001870082,-8.87E-04,0.001566135,23.641996
6254251051,1.06E-04,-3.47E-04,4.54E-04,-0.001333267,-4.17E-04,0.001686354,23.64068
6254261077,-6.94E-05,-2.79E-04,8.43E-05,-9.35E-04,6.63E-04,8.88E-04,23.64068
6254271042,-1.26E-04,-2.01E-04,-3.33E-05,-4.40E-04,8.92E-04,2.70E-04,23.64068
6254281245,-1.73E-06,-2.30E-04,3.01E-04,-3.52E-04,7.78E-04,0.00194997,23.64068
6254291081,-4.86E-05,-1.85E-04,4.38E-04,-3.99E-04,0.001021713,0.002478443,23.64068
6254301145,1.75E-05,-2.17E-04,4.38E-04,-6.93E-04,7.29E-04,0.002114322,23.64068
6254311152,8.49E-05,-9.89E-05,1.78E-04,4.47E-06,-3.58E-04,0.001633323,23.64068
6254321250,-1.69E-05,-1.92E-04,1.31E-04,-3.33E-04,4.63E-04,0.001604623,23.64068
6254331280,-7.42E-05,-3.40E-04,7.40E-04,-7.15E-04,0.001069521,0.002786444,23.64068
6254341361,-2.38E-05,-2.90E-04,3.58E-04,-0.001622992,9.68E-04,0.002534041,23.64068
6254351482,-8.81E-05,-3.31E-04,4.49E-04,-0.001683605,0.001402811,0.002707125,23.641409
6254361391,-2.02E-05,-4.12E-04,6.48E-04,-0.002490442,0.001231289,0.002162719,23.641409
6254371504,2.10E-05,-4.11E-04,5.57E-04,-0.002764607,0.001337795,0.002302198,23.641409
6254381530,2.04E-06,-4.26E-04,6.72E-04,-0.002697061,0.001506675,0.001990355,23.641409
6254392464,-2.94E-05,-3.33E-04,9.69E-05,-0.002858055,0.001563039,0.001609765,23.641409
6254401615,-9.23E-05,-3.43E-04,4.78E-05,-0.003063556,0.001349974,0.001917062,23.641409
6254411654,-3.13E-05,-4.34E-04,4.51E-04,-0.002864305,0.001343235,0.003599291,23.641409
6254421659,-4.35E-05,-3.04E-04,-2.09E-04,-0.00214169,0.001233594,0.003098795,23.641409
6254431712,-5.98E-05,-1.06E-04,-3.73E-04,-0.001614658,0.001557714,0.002675726,23.641409
6254441868,-2.68E-05,-5.93E-05,-2.36E-04,-5.12E-04,0.001705678,0.002933958,23.641409
6254451889,1.02E-04,-2.10E-06,-5.32E-04,-0.001076876,0.001005568,0.002862202,23.641928
6254461818,1.35E-04,3.09E-05,-5.83E-04,-3.35E-04,2.03E-04,0.003547818,23.641928
6254471840,1.20E-04,1.15E-04,-0.001043511,-3.83E-04,8.70E-05,0.00351058,23.641928
6254481959,1.51E-04,1.53E-04,-0.00105215,-0.001196401,-2.05E-04,0.002807225,23.641928
6254491910,1.83E-04,1.01E-04,-5.15E-04,-8.34E-04,3.89E-04,0.003054885,23.641928
6254502000,2.50E-04,1.79E-04,-6.47E-04,-5.93E-04,9.08E-04,0.00242291,23.641928
6254512016,8.56E-05,2.86E-04,-7.67E-04,-3.87E-04,0.001818996,0.002475204,23.641928
6254522020,9.91E-05,2.47E-04,-1.70E-04,1.75E-04,0.002093682,0.002409026,23.641928
6254532104,8.75E-05,1.97E-04,-9.87E-05,-2.41E-04,0.001073748,0.001698744,23.641928
6254542244,1.67E-04,1.59E-04,1.92E-05,-4.00E-04,3.04E-04,0.002003936,23.641928
6254552418,9.98E-05,2.58E-04,-1.56E-04,0.001056615,9.58E-04,0.00210821,23.641518
6254562222,1.38E-05,1.53E-04,-8.05E-06,2.67E-04,0.001914751,0.002571818,23.641518
6254572345,2.79E-05,7.12E-05,5.43E-04,8.92E-04,0.001711004,0.00248123,23.641518
6254582315,-3.31E-05,1.97E-04,5.58E-05,0.002170505,0.002033538,0.002372622,23.641518
6254592365,2.60E-05,2.26E-04,3.45E-05,0.002180745,4.93E-04,0.002837807,23.641518
6254602399,-4.53E-05,1.61E-04,2.70E-04,0.002308137,9.67E-04,0.003528603,23.641518
6254612460,-7.76E-05,1.56E-04,2.67E-04,0.001698642,0.001281039,0.002840992,23.641518
6254622579,-9.81E-06,5.56E-05,3.57E-04,5.07E-04,7.99E-04,0.002579379,23.641518
6254632474,-6.16E-05,1.11E-04,-4.32E-05,5.82E-04,0.001032172,0.001897323,23.641518
6254642555,-1.17E-04,1.40E-04,-1.28E-04,0.001115692,0.001421401,0.001110568,23.641518
6254652733,-1.60E-04,2.02E-05,2.52E-04,2.64E-04,0.001449838,0.00124331,23.640873
6254662613,-1.03E-04,2.70E-05,-2.55E-04,2.43E-04,6.90E-04,1.74E-04,23.640873
6254672666,-8.63E-05,7.19E-05,-1.69E-04,5.54E-05,-1.50E-04,6.62E-04,23.640873
6254682717,-6.58E-05,3.69E-05,1.73E-04,4.45E-05,-2.26E-04,3.61E-04,23.640873
6254692742,-1.20E-04,-1.01E-04,1.56E-04,-7.97E-04,3.11E-04,-2.07E-04,23.640873
6254702793,-1.38E-04,-1.84E-04,-6.38E-05,-0.00164451,3.58E-04,2.74E-05,23.640873
6254712858,1.65E-05,-2.07E-04,-4.89E-04,-0.001916704,-7.00E-04,-5.69E-04,23.640873
6254722865,-9.73E-05,-2.23E-04,-3.68E-04,-0.00184607,-3.05E-04,4.47E-04,23.640873
6254733022,8.44E-05,-3.49E-04,-1.66E-05,-0.001514668,-0.001282883,0.002425211,23.640873
6254743036,-7.98E-05,-3.14E-04,-3.87E-04,-0.00194671,-3.34E-04,0.002887746,23.640873
6254753078,-7.61E-05,-2.74E-04,-5.13E-04,-0.002043692,4.60E-04,0.002565063,23.641766
6254763182,-1.06E-04,-2.64E-04,-1.18E-04,-0.002094688,6.72E-04,0.003278643,23.641766
6254773075,-1.62E-04,-3.09E-04,-1.16E-04,-0.00219595,0.001378476,0.00261843,23.641766
6254783144,-6.42E-05,-3.85E-04,-1.74E-04,-0.003241588,0.001097009,0.003511871,23.641766
6254793137,-1.65E-04,-3.30E-04,-6.53E-04,-0.002878151,0.001311419,0.003662743,23.641766
6254803199,-8.01E-05,-2.71E-04,-3.46E-04,-0.002852955,2.93E-04,0.003197321,23.641766
6254813242,-2.29E-04,-3.14E-04,1.81E-04,-0.002075991,6.61E-04,0.002976371,23.641766
6254823258,-1.33E-04,-3.34E-04,-2.78E-04,-0.002768183,3.25E-04,0.002205872,23.641766
6254833296,-1.96E-04,-3.51E-04,-2.48E-04,-0.002997709,7.51E-04,0.002368579,23.641766
6254843565,-1.02E-04,-3.78E-04,2.65E-04,-0.002646399,1.07E-04,0.002755462,23.641766
6254853563,-1.31E-04,-4.57E-04,3.09E-04,-0.002597768,-2.78E-04,0.003559331,23.641642
6254863482,-3.34E-05,-4.61E-04,2.49E-04,-0.00273146,-7.18E-04,0.004190023,23.641642
6254873645,-1.01E-04,-4.90E-04,-1.16E-04,-0.003497927,-4.93E-04,0.003277501,23.641642
6254883578,-8.50E-05,-5.50E-04,1.17E-04,-0.003068104,-3.45E-04,0.003315646,23.641642
6254893603,-7.76E-05,-5.69E-04,7.36E-04,-0.002393179,4.60E-04,0.003770458,23.641642
6254903610,-7.14E-05,-5.19E-04,1.97E-04,-0.002189429,1.60E-04,0.003558483,23.641642
6254913616,-1.15E-05,-4.80E-04,1.01E-04,-0.002687866,7.71E-05,0.00402056,23.641642
6254923664,-3.44E-05,-4.54E-04,3.50E-04,-0.001843011,9.11E-04,0.003629334,23.641642
6254933702,-1.65E-04,-4.30E-04,9.20E-05,-0.002493012,0.001712544,0.002765726,23.641642
6254943829,-8.41E-05,-4.51E-04,-1.08E-04,-0.002306477,0.001625841,0.002906104,23.641642
6254954157,4.80E-05,-3.95E-04,-4.86E-04,-0.002327142,9.22E-04,0.002359428,23.641079
6254963875,-1.33E-05,-4.13E-04,-3.69E-04,-0.002000086,0.001331509,0.002068346,23.641079
6254973865,-3.31E-05,-4.66E-04,8.65E-05,-0.001629011,0.002082014,0.003466514,23.641079
6254983937,-1.18E-04,-3.64E-04,-4.29E-04,-0.001636297,0.002160912,0.002116891,23.641079
6254993984,-1.54E-04,-4.54E-04,-4.40E-04,-0.00210023,0.001549807,0.001887794,23.641079
6255004078,-2.33E-04,-4.15E-04,-1.27E-04,-0.00108011,0.0021028,8.53E-04,23.641079
6255014060,-2.42E-04,-4.64E-04,-9.41E-05,-0.001014906,0.002338891,0.001678034,23.641079
6255024219,-2.87E-04,-4.64E-04,-8.83E-05,-7.34E-04,0.002276084,0.002024758,23.641079
6255034094,-8.23E-05,-3.78E-04,-4.39E-04,2.67E-04,0.001195317,0.002030761,23.641079
6255044224,-1.41E-04,-3.96E-04,-3.24E-04,3.07E-05,0.001577812,0.001707264,23.641079
6255054319,-2.47E-04,-3.91E-04,1.61E-04,2.08E-04,0.00202453,0.00162617,23.640879
6255064291,-2.81E-04,-3.70E-04,-1.51E-04,2.67E-04,0.002237862,0.001108089,23.640879
6255074292,-1.95E-04,-3.13E-04,-1.81E-04,8.31E-04,0.001270693,6.33E-04,23.640879
6255084426,-8.43E-05,-3.31E-04,2.08E-04,5.35E-04,0.001113963,0.001640744,23.640879
6255094358,-7.87E-05,-2.86E-04,8.46E-05,1.75E-04,0.001401261,0.001294028,23.640879
6255104472,1.56E-05,-3.40E-04,-2.77E-05,8.77E-05,0.001166369,0.002241923,23.640879
6255114483,-3.47E-05,-2.41E-04,-3.79E-04,3.79E-04,0.001702476,0.001266697,23.640879
6255124494,-2.67E-05,-2.88E-04,-3.49E-04,-4.29E-04,0.001632611,7.15E-04,23.640879
6255134790,-7.42E-05,-3.65E-04,2.51E-04,-7.68E-04,0.002154772,9.26E-04,23.640879
6255144664,-9.56E-05,-3.55E-04,-3.70E-05,-0.001430871,0.002387484,0.001522624,23.640879
6255154756,-7.47E-05,-3.60E-04,-1.04E-06,-0.001035324,0.00170349,0.001367023,23.641365
6255164747,-1.39E-04,-3.98E-04,3.47E-04,-0.001069093,0.00177828,0.001400997,23.641365
6255174746,-1.99E-04,-4.20E-04,1.96E-04,-0.002454902,0.002844716,0.001819355,23.641365
6255184762,-2.56E-04,-4.09E-04,3.44E-04,-0.002002578,0.002722973,0.001040076,23.641365
6255194812,-2.45E-04,-2.36E-04,-6.41E-05,-0.001761351,0.0018611,3.73E-04,23.641365
6255204842,-2.90E-04,-2.64E-04,1.63E-04,-0.00216375,0.0022467,7.11E-04,23.641365
6255214871,-2.45E-04,-3.87E-04,4.84E-04,-0.003122699,0.001910985,0.002467479,23.641365
6255224908,-3.02E-04,-2.79E-04,2.24E-04,-0.003052697,0.001667698,0.002301517,23.641365
6255234991,-3.47E-04,-3.05E-04,1.99E-04,-0.003180857,0.001933286,0.002786444,23.641365
6255245060,-2.44E-04,-3.08E-04,5.69E-04,-0.002738026,0.001074218,0.002338036,23.641365
6255255171,-2.86E-04,-1.74E-04,3.77E-04,-0.002933443,0.001963861,0.002691694,23.640928
6255265116,-1.60E-04,-1.90E-04,3.44E-04,-0.003278191,0.001420718,0.002482446,23.640928
6255275121,-1.42E-04,-2.92E-06,-2.55E-04,-0.00140715,5.16E-04,0.002710735,23.640928
6255285131,-1.32E-04,-6.49E-05,-1.15E-04,-0.002092959,0.001031554,0.003837828,23.640928
6255295224,-3.88E-06,-1.68E-04,3.91E-04,-0.002646266,0.001191307,0.005158307,23.640928
6255305225,8.45E-05,-6.77E-05,6.82E-05,-0.002169573,7.27E-04,0.004665185,23.640928
6255315292,1.47E-04,-3.18E-05,-2.50E-05,-0.001846557,7.99E-04,0.004516135,23.640928
6255325342,1.38E-04,-1.47E-04,1.89E-04,-0.002100502,5.26E-04,0.005315356,23.640928
6255335413,1.53E-04,-9.46E-05,7.07E-05,-0.002726725,-7.31E-05,0.004277031,23.640928
6255345486,1.03E-04,-1.20E-04,-3.29E-05,-0.002004971,8.78E-05,0.004962996,23.640928
6255355707,-2.00E-05,-1.95E-04,-2.74E-04,-0.002690034,3.14E-04,0.005379075,23.64177
6255365493,-5.98E-06,-1.38E-04,-1.70E-04,-0.002245141,6.39E-04,0.005768875,23.64177
6255375604,2.74E-06,-2.33E-04,4.02E-04,-0.003261564,4.90E-04,0.004761864,23.64177
6255385636,-6.12E-05,-1.24E-04,-1.92E-04,-0.002346933,1.98E-04,0.005262011,23.64177
6255395693,-1.09E-05,-9.36E-05,-2.46E-04,-0.001936782,-5.79E-04,0.004278132,23.64177
6255405702,-1.07E-04,-1.64E-04,-1.09E-05,-0.001881394,1.62E-04,0.003320194,23.64177
6255415706,-2.32E-04,-1.92E-04,6.36E-05,-9.17E-04,2.11E-04,0.003051244,23.64177
6255425806,-2.30E-04,-8.01E-05,1.05E-04,-8.97E-05,8.35E-04,0.002486942,23.64177
6255435783,-2.11E-04,-1.58E-05,-2.07E-04,6.34E-04,3.69E-04,0.002661489,23.64177
6255445949,-2.04E-04,-8.95E-05,-3.79E-05,-5.71E-04,6.15E-04,0.002269413,23.64177
6255455948,-4.28E-05,-8.09E-05,2.96E-04,8.43E-05,1.30E-05,0.001999911,23.642426
6255465915,-5.10E-05,-1.33E-05,-9.79E-05,-6.10E-05,-9.81E-04,0.001281442,23.642426
6255475942,-3.63E-05,-9.71E-05,-6.23E-05,-3.11E-05,-7.97E-04,0.00176262,23.642426
6255485972,6.00E-05,-1.65E-04,2.80E-04,-3.63E-04,-0.0012411,1.04E-04,23.642426
6255496008,-1.74E-05,-2.20E-04,1.42E-04,-9.44E-04,-6.41E-04,-1.10E-04,23.642426
6255506054,-2.64E-05,-2.68E-04,1.75E-04,-8.78E-04,-4.05E-04,7.15E-04,23.642426
6255516116,-3.58E-05,-1.14E-04,-3.84E-04,-0.001718989,-4.14E-04,4.78E-04,23.642426
6255526138,6.76E-05,-1.41E-04,-1.29E-04,-0.001962444,-0.001104114,3.04E-04,23.642426
6255536181,2.02E-04,-1.90E-04,2.68E-04,-0.001993445,-0.001792287,9.77E-04,23.642426
6255546385,1.21E-04,-9.69E-05,-1.29E-04,-0.001297696,-0.001783439,9.97E-04,23.642426
6255556404,4.96E-05,-1.84E-04,-1.30E-04,-0.002039257,-4.35E-04,-2.70E-05,23.64306
6255566305,8.26E-05,-1.57E-04,-1.02E-04,-0.001321617,-5.98E-04,5.14E-04,23.64306
6255576329,2.85E-05,-1.31E-04,-2.78E-04,-0.001366134,1.11E-04,-1.45E-04,23.64306
6255586376,1.59E-05,-1.07E-04,-1.65E-04,-9.33E-04,1.94E-04,8.92E-04,23.64306
6255596485,-1.21E-04,-2.55E-06,-6.71E-04,-3.54E-04,1.09E-04,5.65E-04,23.64306
6255606485,-1.35E-04,5.40E-06,-7.04E-04,-7.54E-04,4.14E-04,5.29E-05,23.64306
6255616799,-7.38E-05,-1.72E-04,-4.36E-04,-0.001176958,4.64E-04,-1.54E-04,23.64306
6255626612,-1.33E-04,-1.45E-04,-0.001115823,-3.89E-04,0.001136135,-1.68E-04,23.64306
6255636710,-2.39E-04,-1.19E-04,-0.001115634,1.44E-04,0.001973813,-1.09E-04,23.64306
6255646682,-2.60E-04,-1.76E-04,-9.65E-04,-2.70E-04,0.001668402,3.01E-05,23.64306
6255656784,-2.81E-04,-1.83E-04,-0.001016929,-7.35E-04,0.001214297,3.17E-04,23.641533
6255666703,-2.16E-04,-3.60E-04,-5.85E-04,-0.002272637,0.001196868,6.65E-05,23.641533
6255676796,-1.81E-04,-3.91E-04,-0.001004567,-0.002613747,6.31E-04,-8.51E-04,23.641533
6255686791,-2.23E-04,-3.79E-04,-0.001070667,-0.00256183,0.00185027,-8.24E-04,23.641533
6255696922,-1.85E-04,-3.94E-04,-2.84E-04,-0.002108233,0.002477454,6.24E-04,23.641533
6255706914,-1.18E-04,-3.44E-04,-5.36E-04,-0.002021127,0.001068314,4.14E-04,23.641533
6255716967,-6.46E-05,-2.86E-04,-3.46E-04,-9.95E-04,0.001339112,6.80E-04,23.641533
6255727059,-8.14E-05,-3.95E-04,1.13E-06,-0.00194246,0.001458817,3.12E-04,23.641533
6255737009,3.64E-05,-3.99E-04,-1.45E-04,-0.0024052,7.09E-04,-9.08E-04,23.641533
6255747096,7.51E-05,-3.07E-04,-1.31E-04,-0.001661742,0.001144564,-9.97E-04,23.641533
6255757319,9.18E-05,-1.47E-04,-5.96E-04,-0.001030752,7.04E-04,-3.24E-04,23.640535
6255767173,1.05E-05,-1.35E-04,-5.68E-04,-4.25E-04,0.001641684,-7.55E-04,23.640535
6255777257,-8.15E-06,-8.99E-05,7.59E-05,-1.27E-04,0.002014706,5.16E-04,23.640535
6255787312,-7.77E-05,-1.53E-05,-3.49E-04,-6.71E-04,0.001438301,-4.99E-05,23.640535
6255797381,3.55E-05,-1.34E-04,-4.54E-04,-0.001963366,4.00E-04,-5.24E-04,23.640535
6255807305,2.83E-05,-1.13E-04,-8.89E-05,-0.001546884,7.30E-04,-2.79E-04,23.640535
6255817377,8.66E-07,-7.90E-05,7.56E-05,-0.001778981,9.46E-04,4.03E-04,23.640535
6255827494,7.16E-05,2.08E-05,9.27E-05,-9.68E-04,7.35E-04,0.001295999,23.640535
6255837524,-6.32E-05,5.83E-05,-1.92E-04,-7.93E-04,0.001705237,0.002627517,23.640535
6255847564,-5.05E-06,4.89E-06,3.81E-05,-0.001164585,0.001280584,0.002938446,23.640535
6255857619,2.62E-05,-1.36E-04,7.31E-04,-0.001229251,0.001213344,0.003307375,23.64209
6255867591,9.52E-05,-2.38E-05,1.23E-04,-0.001136268,8.06E-04,0.003093313,23.64209
6255877572,1.70E-04,-2.09E-05,-4.93E-05,-5.36E-04,7.70E-04,0.003763063,23.64209
6255887661,2.02E-04,-1.62E-04,4.74E-04,-6.13E-04,7.15E-04,0.00411086,23.64209
6255897736,1.44E-04,-1.75E-04,2.58E-04,-9.16E-06,6.69E-04,0.003785898,23.64209
6255907738,1.43E-04,-1.97E-04,2.33E-04,-1.17E-04,5.18E-04,0.003932484,23.64209
6255917779,1.72E-04,-2.52E-04,-2.17E-04,-0.001125608,1.52E-04,0.003797239,23.64209
6255927860,1.46E-04,-1.85E-04,-1.40E-04,-0.001393547,2.37E-04,0.002328259,23.64209
6255937898,2.63E-04,-2.95E-04,3.20E-04,-0.001594849,-2.81E-04,0.002656571,23.64209
6255948125,1.57E-04,-2.59E-04,-2.18E-04,-0.001223606,3.43E-04,0.001154967,23.64209
6255958048,1.33E-04,-2.48E-04,-3.30E-04,-0.001031642,4.15E-04,0.001487573,23.64126
6255967991,7.30E-05,-3.36E-04,-3.68E-05,-0.001324818,7.95E-04,0.001162793,23.64126
6255978016,8.03E-05,-3.79E-04,-1.38E-06,-0.001831971,2.46E-04,6.20E-04,23.64126
6255988094,1.22E-04,-3.69E-04,-7.76E-05,-0.001224446,-7.83E-04,4.58E-04,23.64126
6255998121,5.44E-05,-2.60E-04,-3.74E-04,-0.001034058,-8.63E-05,-8.39E-04,23.64126
6256008304,2.48E-04,-2.22E-04,-1.84E-04,-4.95E-04,-9.95E-04,2.25E-05,23.64126
6256018295,2.47E-04,-2.75E-04,3.55E-04,-4.41E-04,-5.67E-04,-4.09E-04,23.64126
6256028205,2.02E-04,-3.22E-04,-1.16E-04,-4.15E-04,-5.60E-04,3.49E-04,23.64126
6256038302,2.20E-04,-3.12E-04,-6.67E-05,-7.71E-04,-2.61E-04,6.73E-04,23.64126
6256048305,2.22E-04,-3.32E-04,4.15E-04,-0.001690328,-6.80E-04,5.01E-04,23.64126
6256058486,2.00E-04,-2.31E-04,3.20E-04,-7.79E-04,-1.35E-04,4.16E-04,23.642128
6256068380,1.58E-04,-2.08E-04,3.47E-04,-9.54E-04,-7.36E-05,5.84E-04,23.642128
6256078531,2.56E-04,-6.13E-05,-9.40E-05,-2.77E-04,-6.02E-04,-8.91E-04,23.642128
6256088604,2.46E-04,-5.90E-07,-1.95E-04,4.38E-05,6.22E-04,-1.72E-05,23.642128
6256098643,3.76E-04,-2.11E-05,2.27E-04,-6.79E-04,-3.74E-04,0.001446296,23.642128
6256108556,2.68E-04,1.33E-04,-4.39E-04,-2.93E-04,4.27E-04,2.96E-04,23.642128
6256118557,1.86E-04,8.28E-05,-6.56E-04,-5.66E-04,5.91E-04,5.77E-04,23.642128
6256128642,2.22E-04,5.93E-05,-3.46E-04,-6.46E-04,6.82E-04,7.70E-04,23.642128
6256138846,1.04E-04,1.52E-04,-5.67E-04,3.17E-04,5.40E-04,1.64E-04,23.642128
6256148729,2.21E-04,1.84E-04,-7.12E-04,0.001066517,-6.52E-05,6.74E-04,23.642128
6256159041,2.60E-04,1.42E-04,-0.001103962,8.50E-04,-3.81E-04,0.00125454,23.641142
6256168807,3.40E-04,1.02E-04,-0.001071006,9.56E-04,-9.79E-04,0.001402393,23.641142
6256178883,3.06E-04,6.16E-05,-6.43E-04,0.001227711,-4.03E-04,0.002296968,23.641142
6256188851,3.41E-04,1.92E-04,-0.001054441,0.001674542,-5.06E-04,9.85E-04,23.641142
6256198959,2.26E-04,1.59E-04,-0.001073745,0.001755448,-3.69E-05,1.68E-04,23.641142
6256208996,2.16E-04,3.62E-05,-6.96E-04,0.001754536,4.88E-04,6.86E-04,23.641142
6256218955,-8.14E-04,0.004656281,-0.051676832,0.16344878,0.13628855,0.009450278,23.641142
6256229039,-7.29E-04,0.004792253,-0.05233298,0.16624072,0.13604729,0.010710686,23.641142
6256239067,-7.30E-04,0.004742019,-0.05277742,0.1646616,0.13500892,0.009872179,23.641142
6256249127,-9.24E-04,0.004760382,-0.052911833,0.16355588,0.13507776,0.009312965,23.641142
6256259312,-9.65E-04,0.004715348,-0.052451614,0.16278823,0.13474911,0.009307881,23.64142
6256269217,-0.001027879,0.00491524,-0.052999318,0.16199264,0.13346368,0.008401789,23.64142
6256279234,-5.71E-04,0.01118402,-0.080166794,0.22507806,0.2175304,0.03988845,23.64142
6256289286,-9.34E-04,0.022757733,-0.10919838,0.308263,0.29764855,0.081768885,23.64142
6256299329,-0.004553377,0.031929094,-0.12724055,0.35955322,0.34514457,0.09918316,23.64142
6256309420,-0.008013162,0.037832245,-0.13735382,0.3901859,0.36950096,0.104929164,23.64142
6256319520,-0.007509618,0.03396822,-0.08786063,0.23171979,0.23527358,0.095932886,23.64142
6256329483,-0.007588922,0.033792727,-0.087336026,0.22843006,0.2346736,0.09443428,23.64142
6256339483,-0.007479894,0.033820253,-0.08680979,0.22864811,0.23467515,0.09533879,23.64142
6256349562,-0.007468696,0.033868108,-0.08734955,0.22910982,0.2345029,0.09448327,23.64142
6256359741,-0.007533935,0.03388726,-0.08757163,0.22941731,0.23453447,0.09283217,23.64284
6256369568,-0.00919082,0.032454193,-0.14283724,0.39578822,0.39835894,0.06927952,23.64284
6256379619,-0.002590513,0.030136123,-0.15188475,0.45258468,0.40009326,0.08980658,23.64284
6256389665,0.007357529,0.024342818,-0.1692875,0.5040559,0.44705543,0.107266836,23.64284
6256399843,0.021833768,0.018958688,-0.19437546,0.58669335,0.5114776,0.14681049,23.64284
6256409805,0.034456447,0.013407366,-0.22340366,0.6741861,0.59407216,0.180296,23.64284
6256419815,0.04189379,0.013868814,-0.25972295,0.7785173,0.7011853,0.21325855,23.64284
6256429929,0.047693755,0.019586392,-0.30315498,0.8991334,0.82894266,0.25714055,23.64284
6256440058,0.049990717,0.029537452,-0.3567421,1.0479262,0.98742414,0.30399442,23.64284
6256450021,0.048936576,0.044130873,-0.42186025,1.2285155,1.1829531,0.35624492,23.64284
6256460095,0.046574276,0.063177586,-0.50436157,1.4530253,1.4306791,0.42016336,23.642145
6256470022,0.04532396,0.08550264,-0.5443667,1.545678,1.5577396,0.5159156,23.642145
6256480037,0.035308626,0.100719854,-0.6122555,1.706404,1.7856468,0.52932703,23.642145
6256490096,0.020190706,0.10975256,-0.6753119,1.8721116,1.9953457,0.5174372,23.642145
6256500428,0.002325414,0.117605634,-0.75277835,2.0708325,2.2533057,0.48931035,23.642145
6256510234,-0.011703999,0.12624565,-0.85006607,2.3310091,2.561424,0.478718,23.642145
6256520225,-0.016517267,0.13185316,-0.9660791,2.6616378,2.9158127,0.491057,23.642145
6256530269,-0.011442159,0.12896222,-1.0896534,3.0306988,3.2796533,0.5125026,23.642145
6256540257,0.004374499,0.11541244,-1.2098378,3.4208062,3.6039796,0.5402346,23.642145
6256550493,0.02307099,0.09254679,-1.3224894,3.8312395,3.8630362,0.55156153,23.642145
6256560487,0.044846945,0.06082489,-1.4264315,4.2414613,4.0684805,0.5468409,23.642101
6256570659,0.06315395,0.02350223,-1.5299507,4.688593,4.234874,0.5190357,23.642101
6256580569,0.07424067,-0.012773053,-1.6429046,5.1961436,4.390232,0.46656227,23.642101
6256590487,0.08489546,-0.044583917,-1.7719537,5.7908607,4.5340734,0.42823696,23.642101
6256600623,0.09536932,-0.07311121,-1.9092008,6.4626536,4.61743,0.4066844,23.642101
6256610689,0.10346838,-0.09774148,-2.0437589,7.1813583,4.599671,0.39480594,23.642101
6256620600,0.105948344,-0.11957934,-2.1696239,7.8908935,4.509826,0.37595958,23.642101
6256630704,0.098208435,-0.13668713,-2.2870975,8.580649,4.3757043,0.33367065,23.642101
6256640708,0.08139701,-0.14801677,-2.4075878,9.264031,4.2474165,0.27408275,23.642101
6256650772,0.06380507,-0.15503845,-2.5324304,9.935393,4.1588483,0.21900776,23.642101
6256660882,0.045368474,-0.158412,-2.6585367,10.591672,4.1046596,0.16983806,23.642502
6256670833,0.034358226,-0.16004726,-2.7801225,11.182422,4.1178966,0.14792655,23.642502
6256680934,0.035312008,-0.16078736,-2.8914294,11.651744,4.2520156,0.17437175,23.642502
6256690915,0.04311753,-0.16015375,-2.9866426,11.941618,4.5243845,0.21995182,23.642502
6256700965,0.05162398,-0.15847862,-3.070162,12.1099,4.8869596,0.26006612,23.642502
6256711003,0.061976396,-0.15883595,-3.1508272,12.193314,5.3665175,0.29406226,23.642502
6256721031,0.06909986,-0.15778816,-3.2331104,12.213809,5.9522696,0.31264317,23.642502
6256731098,0.0771756,-0.15588441,-3.3173332,12.179742,6.6336613,0.33566076,23.642502
6256741158,0.09437379,-0.14627616,-3.4013786,11.952495,7.503305,0.4088811,23.642502
6256751226,0.1214655,-0.12834646,-3.4814606,11.526671,8.5042,0.54192466,23.642502
6256761317,0.15538125,-0.10348528,-3.5559173,10.976756,9.54299,0.7124436,23.643023
6256771293,0.1943708,-0.07301315,-3.6247852,10.3341055,10.566752,0.9022599,23.643023
6256781275,0.23557143,-0.039833874,-3.6898785,9.627888,11.506101,1.0891343,23.643023
6256791363,0.27738845,-0.005401967,-3.7466528,8.831295,12.337795,1.2654988,23.643023
6256801338,0.32113627,0.026202274,-3.796662,8.016804,13.113899,1.4351678,23.643023
6256811399,0.36163223,0.055905752,-3.8388433,7.198508,13.842871,1.5902891,23.643023
6256821492,0.40015227,0.08077728,-3.878891,6.4306397,14.519903,1.736529,23.643023
6256831498,0.43360147,0.097843416,-3.9205744,5.8135023,15.117293,1.8554564,23.643023
6256841569,0.45148146,0.10097025,-3.9599624,5.511216,15.506355,1.9100608,23.643023
6256851700,0.4522186,0.09413842,-4.0092072,5.464505,15.777909,1.8873031,23.643023
6256861701,0.44321376,0.07503447,-4.061849,5.640474,15.943451,1.800308,23.641895
6256871683,0.41888577,0.043251492,-4.115596,6.091066,15.943037,1.6380197,23.641895
6256881684,0.37654206,-0.00198054,-4.1725593,6.9323354,15.6767025,1.4027358,23.641895
6256891833,0.32676777,-0.05084962,-4.2392836,8.0253315,15.314709,1.1580657,23.641895
6256901897,0.27841085,-0.09861804,-4.31171,9.170315,14.954847,0.93042463,23.641895
6256911795,0.23469591,-0.14116447,-4.3831105,10.245233,14.665334,0.7267012,23.641895
6256921910,0.20294641,-0.16882606,-4.45176,11.042576,14.589287,0.5919902,23.641895
6256931913,0.18214826,-0.18106474,-4.514928,11.526702,14.658723,0.534395,23.641895
6256941888,0.17578045,-0.18066326,-4.5706935,11.715309,14.818779,0.53060925,23.641895
6256952025,0.18325596,-0.1725974,-4.6102233,11.656909,15.015585,0.5842026,23.641895
6256962109,0.19735196,-0.14843449,-4.642186,11.265299,15.308638,0.69633466,23.641773
6256972078,0.22012502,-0.107593454,-4.6685815,10.486427,15.748126,0.8726688,23.641773
6256982335,0.25452632,-0.05370475,-4.687533,9.303818,16.42178,1.1078577,23.641773
6256992130,0.2930376,0.00198223,-4.703032,7.8714156,17.167242,1.3322308,23.641773
6257002159,0.3300654,0.06015262,-4.711581,6.1151476,17.910835,1.5255299,23.641773
6257012253,0.36241347,0.11348545,-4.716618,4.3451443,18.567757,1.691521,23.641773
6257022270,0.38679585,0.15300642,-4.719289,2.7834,18.990995,1.7910588,23.641773
6257032320,0.40593317,0.18244739,-4.7222223,1.3800042,19.282108,1.8335732,23.641773
6257042368,0.41860634,0.20576033,-4.727666,0.08749836,19.511993,1.8437289,23.641773
6257052471,0.42756337,0.22266863,-4.7316084,-1.0597333,19.67138,1.8167896,23.641773
6257062591,0.4315904,0.22898518,-4.739607,-1.9967246,19.785934,1.7573014,23.642002
6257072475,0.43288922,0.22706538,-4.75074,-2.7091427,19.869837,1.6800869,23.642002
6257082563,0.43349606,0.22264223,-4.7609305,-3.2773786,19.93387,1.6051635,23.642002
6257092589,0.4333456,0.21844155,-4.765438,-3.6575472,19.973057,1.5538604,23.642002
6257102637,0.43296924,0.21310537,-4.7656655,-3.7155774,19.981123,1.5337944,23.642002
6257112665,0.43399292,0.21008532,-4.7632165,-3.6738741,19.972343,1.528429,23.642002
6257122664,0.43394116,0.2078578,-4.7554493,-3.5579374,19.941944,1.5354027,23.642002
6257132693,0.4326193,0.20405225,-4.7406926,-3.280703,19.886,1.5516268,23.642002
6257142758,0.4323768,0.19725534,-4.721663,-2.7955189,19.807724,1.5758352,23.642002
6257152824,0.4331566,0.19013186,-4.7073083,-2.175212,19.732508,1.617855,23.642002
6257163080,0.4357066,0.18196353,-4.6902347,-1.464349,19.628616,1.6646183,23.642258
6257172873,0.4389275,0.17072862,-4.675653,-0.57955116,19.49186,1.71047,23.642258
6257182946,0.43972206,0.15148774,-4.6648183,0.54774594,19.272831,1.7369698,23.642258
6257193124,0.43633938,0.12462592,-4.6554427,1.8886269,18.908092,1.7407496,23.642258
6257203134,0.41355506,0.07654547,-4.650713,3.765229,18.018314,1.6456773,23.642258
6257213068,0.38723594,0.028531622,-4.662473,6.002434,15.978075,1.6259221,23.642258
6257223104,0.33563504,0.021280522,-4.6615934,7.4381857,12.669607,1.5274662,23.642258
6257233148,0.2700988,0.027761962,-4.67673,8.117949,10.031891,1.3556892,23.642258
6257243192,0.29364422,0.048140623,-4.7010803,7.5962257,9.8447,1.3570919,23.642258
6257253373,0.3120267,0.06571668,-4.7076254,6.9612174,9.835475,1.3348403,23.642258
6257263360,0.33111197,0.077961326,-4.7122536,6.326073,9.862672,1.2870266,23.641962
6257273335,0.35168222,0.09053844,-4.715564,5.656401,9.939625,1.2339405,23.641962
6257283350,0.3749672,0.10619627,-4.718216,4.945316,10.101217,1.2034795,23.641962
6257293359,0.39964566,0.124888316,-4.719815,4.164761,10.399057,1.2185426,23.641962
6257303413,0.43839088,0.1628452,-4.7179914,2.9193811,11.213762,1.3405379,23.641962
6257313585,0.47593847,0.20046596,-4.7013483,1.3277205,13.174707,1.3950843,23.641962
6257323564,0.536788,0.1991899,-4.699757,0.49677202,16.405413,1.5394182,23.641962
6257333554,0.6118546,0.189585,-4.68759,0.223607,18.973743,1.7672925,23.641962
6257343644,0.5999026,0.17314586,-4.6758513,0.75080657,19.107237,1.8146365,23.641962
6257353720,0.58936954,0.16071406,-4.68304,1.1044308,19.020945,1.8155782,23.641962
6257363815,0.5702871,0.14450207,-4.694534,1.6801795,18.755867,1.7931203,23.641338
6257373696,0.53517944,0.1162245,-4.707913,2.6515992,18.220705,1.7653056,23.641338
6257383735,0.5113008,0.09970194,-4.720958,3.3966022,17.946804,1.8218068,23.641338
6257393809,0.4961907,0.0895657,-4.7355943,3.9569845,17.798706,1.8620667,23.641338
6257403791,0.48584953,0.080612786,-4.7541575,4.4945683,17.676239,1.8859379,23.641338
6257413880,0.47749373,0.06617015,-4.774544,5.1389365,17.483904,1.891659,23.641338
6257423983,0.4552348,0.028931178,-4.792336,6.267313,16.87674,1.7938125,23.641338
6257433992,0.43055645,-0.014512833,-4.8075333,7.575945,16.153452,1.6571703,23.641338
6257443948,0.4013969,-0.06031083,-4.818108,9.125722,15.266722,1.5508281,23.641338
6257454099,0.3622461,-0.082885474,-4.84954,10.494077,13.653057,1.6447214,23.641338
6257464202,0.32537702,-0.054410774,-4.8734846,9.763702,12.112777,1.7757677,23.64132
6257474191,0.33748284,-0.01831263,-4.864731,8.095361,12.020916,1.6744552,23.64132
6257484142,0.33797294,-0.018197635,-4.846515,7.820612,11.924796,1.5211511,23.64132
6257494212,0.3160237,-0.046892956,-4.8277125,8.406477,11.297044,1.3475266,23.64132
6257504246,0.29066205,-0.056840084,-4.84143,8.706865,10.029326,1.1610893,23.64132
6257514295,0.24550486,-0.027513985,-4.8593593,7.766613,7.6772013,1.0452954,23.64132
6257524426,0.2079036,0.023079533,-4.868359,5.973896,5.63172,0.8683053,23.64132
6257534465,0.1933308,0.05557865,-4.89066,4.607273,4.4878035,0.6203186,23.64132
6257544409,0.19070269,0.0872848,-4.9227624,3.4730415,3.6475377,0.3709201,23.64132
6257554571,0.18427256,0.11552782,-4.923488,2.0079844,2.8877485,-0.09168427,23.64132
6257564623,0.17608254,0.109446555,-4.913993,1.7906924,2.1887453,-0.63395435,23.641716
6257574641,0.1459015,0.1006925,-4.931601,2.0731544,0.9157713,-0.99370366,23.641716
6257584585,0.12516615,0.10546787,-4.965467,1.6720768,-0.19561133,-1.2270389,23.641716
6257594600,0.119206935,0.13949066,-5.00724,0.5867762,-1.0614748,-1.4410111,23.641716
6257604696,0.10713151,0.1656276,-5.0094485,-0.73920745,-1.6983781,-1.5230244,23.641716
6257614713,0.1103688,0.15092985,-4.998993,-0.7828335,-1.3650231,-1.6318419,23.641716
6257624740,0.12736522,0.12428666,-5.006743,0.18055233,-0.6592045,-1.5227851,23.641716
6257634775,0.13021152,0.120399944,-5.0115657,0.74803185,-0.6166791,-1.3205006,23.641716
6257644778,0.116278306,0.12955855,-5.002708,0.6285199,-1.0575614,-1.1724305,23.641716
6257654961,0.1096744,0.12440044,-4.9911933,0.8011608,-0.9152514,-1.0616416,23.641716
6257664987,0.115408786,0.10338448,-4.99493,1.7414745,-0.40626964,-0.8334349,23.641115
6257674997,0.11404348,0.08645513,-5.004851,2.9390748,-0.36746752,-0.5194072,23.641115
6257685002,0.09942122,0.092579365,-5.007675,3.3146422,-1.0414522,-0.3778492,23.641115
6257695037,0.07953909,0.10220937,-4.998049,3.1404393,-1.6947579,-0.26884177,23.641115
6257705163,0.07193269,0.09524229,-4.9941545,3.4365864,-1.6811668,-0.28681812,23.641115
6257715138,0.07531129,0.08719449,-5.0035768,3.9233186,-1.3216661,-0.28334942,23.641115
6257725103,0.069618516,0.09382414,-5.0072417,3.8219666,-1.4407036,-0.33223006,23.641115
6257735214,0.052566662,0.10538843,-4.999577,3.2697935,-1.8376172,-0.3931733,23.641115
6257745199,0.044545405,0.10127141,-4.9912534,3.0288744,-1.7106658,-0.42961162,23.641115
6257755308,0.04784355,0.08504618,-4.994856,3.451891,-1.3381286,-0.3460117,23.641115
6257765420,0.042762376,0.07937449,-4.999208,3.7727222,-1.4631321,-0.27726835,23.640493
6257775518,0.029185137,0.08590479,-4.9977374,3.481824,-1.8611903,-0.256618,23.640493
6257785371,0.02211922,0.08557355,-4.9945974,3.117754,-1.8182628,-0.23687646,23.640493
6257795719,0.023956703,0.07302634,-4.9967885,3.3433363,-1.515746,-0.17976646,23.640493
6257805494,0.02107825,0.06517237,-5.000569,3.7492096,-1.5958198,-0.10871574,23.640493
6257815485,0.012055418,0.069823325,-5.000437,3.637215,-1.9201974,-0.096786164,23.640493
6257825559,0.009261329,0.07451778,-4.999338,3.269924,-1.9093026,-0.11141782,23.640493
6257835704,0.014189704,0.06878612,-4.999217,3.3198628,-1.6545334,-0.09940628,23.640493
6257845634,0.014839944,0.063319735,-5.0012903,3.6858983,-1.6806254,-0.079982184,23.640493
6257855724,0.01022521,0.06717482,-5.001445,3.687418,-1.9127756,-0.08190228,23.640493
6257865811,0.009193492,0.07280836,-5.0006604,3.356926,-1.8993249,-0.10317467,23.640345
6257875759,0.012900609,0.07018112,-5.000421,3.3048294,-1.7048376,-0.10154567,23.640345
6257885785,0.012933165,0.0646888,-5.000078,3.6210122,-1.7393578,-0.085441604,23.640345
6257896026,0.009189445,0.06633607,-4.9994397,3.7035627,-1.9284216,-0.08722856,23.640345
6257906002,0.008850179,0.07187573,-4.9996715,3.4137185,-1.91505,-0.1007968,23.640345
6257915938,0.012323345,0.07126597,-4.9988832,3.2836967,-1.7519317,-0.10373584,23.640345
6257925994,0.012922419,0.06597227,-4.9981613,3.5409448,-1.7571936,-0.09235561,23.640345
6257935974,0.010462222,0.06560523,-4.9986467,3.6926894,-1.8840799,-0.09032669,23.640345
6257946049,0.01052292,0.07035581,-4.9995093,3.4710524,-1.8700105,-0.099222444,23.640345
6257956111,0.012834504,0.071704775,-4.9996986,3.2918303,-1.7547083,-0.10366823,23.640345
6257966251,0.012826306,0.067542925,-4.998047,3.4727025,-1.7635199,-0.09931974,23.639744
6257976114,0.011092692,0.06599794,-4.9975734,3.652454,-1.8521925,-0.09529744,23.639744
6257986164,0.011585871,0.06945304,-4.998858,3.50434,-1.8355489,-0.09946374,23.639744
6257996279,0.013221213,0.071173064,-4.9988017,3.333744,-1.7568766,-0.10241521,23.639744
6258006283,0.012700071,0.067715295,-4.9970913,3.4740887,-1.7719008,-0.09909087,23.639744
6258016299,0.011146761,0.06562025,-4.996763,3.6607916,-1.8368065,-0.096650146,23.639744
6258026329,0.011493916,0.06836946,-4.9978557,3.5526445,-1.8256632,-0.09556896,23.639744
6258036425,0.012669442,0.07085777,-4.998083,3.373691,-1.777277,-0.09994468,23.639744
6258046473,0.012392213,0.068176046,-4.9959116,3.4612417,-1.7926956,-0.0979985,23.639744
6258056554,0.011463904,0.06577062,-4.9951434,3.6339855,-1.8362875,-0.09230168,23.639744
6258066609,0.01200284,0.0682733,-4.9966354,3.5514514,-1.8297709,-0.09116806,23.641327
6258076556,0.012645885,0.070950426,-4.9967017,3.3757367,-1.7997454,-0.09434986,23.641327
6258086654,0.012199486,0.0692098,-4.9955115,3.4280849,-1.8075576,-0.096038245,23.641327
6258096620,0.011615895,0.06692572,-4.9950905,3.5786371,-1.837778,-0.09296275,23.641327
6258106666,0.011922672,0.06879496,-4.995928,3.5203516,-1.840778,-0.090107515,23.641327
6258116723,0.012208145,0.07131604,-4.996161,3.365222,-1.829709,-0.093920216,23.641327
6258126752,0.011647486,0.06977457,-4.9940586,3.4036183,-1.8357289,-0.09584946,23.641327
6258136834,0.011312306,0.06732925,-4.993176,3.5454414,-1.8457088,-0.09265526,23.641327
6258146843,0.011800832,0.06847199,-4.9944234,3.520443,-1.8334831,-0.0905061,23.641327
6258156974,0.012116222,0.07014739,-4.9940968,3.4063504,-1.8185265,-0.09243772,23.641327
6258167378,0.011552556,0.06860261,-4.992642,3.4503021,-1.824678,-0.09578845,23.640726
6258177003,0.011275121,0.066613585,-4.992282,3.5741122,-1.8403497,-0.09184929,23.640726
6258187014,0.011506274,0.06768033,-4.9927025,3.5427253,-1.8378519,-0.08951957,23.640726
6258197052,0.011886877,0.069400445,-4.992975,3.4344885,-1.8202958,-0.09195509,23.640726
6258207200,0.011841466,0.06797531,-4.9915385,3.4670172,-1.8133231,-0.09300832,23.640726
6258217176,0.011669958,0.0662333,-4.9912214,3.5724514,-1.8182696,-0.09161891,23.640726
6258227244,0.012169655,0.067178704,-4.9924536,3.54475,-1.8124762,-0.08882385,23.640726
6258237471,0.012488814,0.06881152,-4.9924064,3.4496536,-1.798686,-0.090094775,23.640726
6258247328,0.012230539,0.06812885,-4.9912367,3.466291,-1.8034762,-0.092110634,23.640726
6258257364,0.012097095,0.06682375,-4.9908876,3.5422077,-1.812951,-0.090201445,23.640726
6258267496,0.012720891,0.06748782,-4.9914327,3.5164998,-1.7988071,-0.088102564,23.641764
6258277463,0.012993047,0.068826556,-4.991634,3.4403796,-1.7887359,-0.08965821,23.641764
6258287424,0.012274724,0.068223745,-4.99046,3.461522,-1.8118472,-0.092110075,23.641764
6258297491,0.011696843,0.06718805,-4.9898896,3.533481,-1.8283653,-0.09243672,23.641764
6258307519,0.012125583,0.06794398,-4.990866,3.5155113,-1.814548,-0.089767106,23.641764
6258317586,0.012324947,0.06906853,-4.9904394,3.45088,-1.8159668,-0.08975541,23.641764
6258327567,0.011217673,0.068772644,-4.989788,3.4664898,-1.8497932,-0.094198026,23.641764
6258337706,0.010722294,0.06779013,-4.989385,3.5219343,-1.8623195,-0.09454487,23.641764
6258347731,0.011432739,0.06813932,-4.9902334,3.5070772,-1.8342284,-0.09281864,23.641764
6258357857,0.011734708,0.069233276,-4.9909167,3.4540145,-1.8290555,-0.0933192,23.641764
6258367817,0.010969536,0.069255605,-4.9897513,3.460918,-1.8575695,-0.09667558,23.640938
6258377869,0.010974929,0.06822976,-4.9893146,3.5037684,-1.8463967,-0.0960836,23.640938
6258387872,0.012361949,0.06807293,-4.9897504,3.5003893,-1.798722,-0.091921166,23.640938
6258397875,0.012560022,0.068631425,-4.9894342,3.4698727,-1.7981856,-0.09145003,23.640938
6258407942,0.011628243,0.06839656,-4.9888344,3.4840903,-1.835465,-0.09604139,23.640938
6258417927,0.011701227,0.06758072,-4.9886613,3.5233612,-1.8197664,-0.0948677,23.640938
6258428031,0.012798504,0.06779203,-4.988812,3.5137444,-1.7836006,-0.09049656,23.640938
6258438102,0.012587382,0.06893556,-4.988771,3.4730628,-1.807508,-0.09048563,23.640938
6258448159,0.011527632,0.068815485,-4.9872923,3.4770424,-1.8451321,-0.09303879,23.640938
6258458228,0.011905416,0.06774841,-4.986638,3.5169594,-1.8198719,-0.09164398,23.640938
6258468290,0.012866494,0.06764993,-4.9872923,3.5218165,-1.7917784,-0.08628586,23.639906
6258478177,0.012126152,0.06859255,-4.9864717,3.493601,-1.8327087,-0.08803354,23.639906
6258488262,0.010707978,0.0686843,-4.985936,3.4933255,-1.871186,-0.09303026,23.639906
6258498245,0.011373037,0.06790993,-4.9861255,3.5190578,-1.836959,-0.09259567,23.639906
6258508330,0.012448946,0.06804891,-4.986171,3.513033,-1.8056208,-0.08698021,23.639906
6258518491,0.011580708,0.06938317,-4.9863763,3.4743435,-1.8464334,-0.08915716,23.639906
6258528527,0.010681164,0.069645785,-4.985397,3.4583464,-1.8700631,-0.09495844,23.639906
6258538473,0.011710025,0.06859172,-4.9852805,3.4803085,-1.8166302,-0.09338168,23.639906
6258548495,0.012834135,0.068515204,-4.986069,3.4889555,-1.7859539,-0.089751706,23.639906
6258558551,0.011806636,0.06959509,-4.985494,3.4638047,-1.8369443,-0.09103272,23.639906
6258568778,0.010768703,0.06978417,-4.985238,3.4521651,-1.8631759,-0.096089944,23.639997
6258578653,0.011818908,0.06878817,-4.9856095,3.4761841,-1.8145678,-0.094381966,23.639997
6258588654,0.012742876,0.06879409,-4.9855714,3.4881423,-1.7965722,-0.089391805,23.639997
6258598700,0.011731947,0.069772385,-4.9851055,3.4632802,-1.8496048,-0.09222778,23.639997
6258608790,0.010944586,0.06963815,-4.9843984,3.4509423,-1.8626624,-0.09774198,23.639997
6258618768,0.012223348,0.06822091,-4.984089,3.4818528,-1.8043982,-0.0949867,23.639997
6258628873,0.012977424,0.06760033,-4.9845133,3.5132797,-1.7889014,-0.08852581,23.639997
6258638930,0.011825088,0.06823816,-4.9835796,3.505825,-1.843272,-0.09061489,23.639997
6258648940,0.011180941,0.06839766,-4.983308,3.4906151,-1.8528358,-0.09487088,23.639997
6258659014,0.012409681,0.06741995,-4.9836316,3.5058198,-1.7952996,-0.09230275,23.639997
6258669070,0.012865536,0.06736941,-4.9834685,3.5222359,-1.7888958,-0.087957904,23.640234
6258679020,0.011428998,0.06857318,-4.9832287,3.498273,-1.8493768,-0.092339225,23.640234
6258689032,0.010821238,0.068721175,-4.9826875,3.4731514,-1.8572817,-0.09675512,23.640234
6258699118,0.011922817,0.067773364,-4.9827356,3.4931426,-1.8044127,-0.093149394,23.640234
6258709164,0.012219368,0.06774998,-4.9831686,3.5176861,-1.8068604,-0.090911,23.640234
6258719192,0.011141581,0.06868712,-4.982792,3.4982731,-1.8583982,-0.09342959,23.640234
6258729206,0.01091007,0.06892074,-4.982546,3.4739027,-1.848565,-0.098929405,23.640234
6258739239,0.012009016,0.06828984,-4.9833117,3.4885683,-1.8013114,-0.09557764,23.640234
6258749336,0.011899094,0.06842803,-4.982857,3.501638,-1.8183388,-0.09181979,23.640234
6258759388,0.010578473,0.06946116,-4.9826307,3.4766576,-1.8682152,-0.09657582,23.640234
6258769498,0.010687077,0.06948273,-4.982236,3.4563863,-1.8513881,-0.09993327,23.640818
6258779564,0.011845056,0.06855837,-4.982229,3.4771883,-1.8044268,-0.095409624,23.640818
6258789534,0.011777621,0.06870465,-4.9822454,3.4966967,-1.825275,-0.093576,23.640818
6258799506,0.010665735,0.0694631,-4.981704,3.477263,-1.870947,-0.09781131,23.640818
6258809583,0.010728123,0.06919059,-4.981847,3.467612,-1.8471913,-0.09924981,23.640818
6258819559,0.011813074,0.06823247,-4.9820695,3.4989119,-1.8047746,-0.09493244,23.640818
6258829817,0.011668475,0.06849783,-4.9819784,3.5144901,-1.8278961,-0.09166929,23.640818
6258839779,0.010643747,0.069494866,-4.9817567,3.4821749,-1.863105,-0.0963734,23.640818
6258849696,0.011128592,0.06920329,-4.981718,3.469449,-1.833973,-0.098855965,23.640818
6258859989,0.012220576,0.068200886,-4.982087,3.5068338,-1.7959234,-0.094983526,23.640818
6258869956,0.011903488,0.068461716,-4.9821944,3.5232728,-1.8228723,-0.092599064,23.640131
6258879985,0.010972684,0.06948065,-4.9817615,3.4890153,-1.8585603,-0.095744304,23.640131
6258889924,0.011115206,0.06938729,-4.9820194,3.470382,-1.8307549,-0.09789428,23.640131
6258899910,0.011916171,0.06858925,-4.9821544,3.4988883,-1.7984825,-0.09553745,23.640131
6258909976,0.011780714,0.06878294,-4.9815364,3.508886,-1.8227546,-0.0933923,23.640131
6258919942,0.011146574,0.06967148,-4.98152,3.4732182,-1.8493136,-0.098000675,23.640131
6258930143,0.011560883,0.069487214,-4.9812136,3.4581556,-1.826406,-0.10002426,23.640131
6258940086,0.012353958,0.06866613,-4.981203,3.4896,-1.8041263,-0.09688376,23.640131
6258950184,0.011928336,0.06897822,-4.9812384,3.4998775,-1.83285,-0.09535014,23.640131
6258960267,0.011030634,0.0698308,-4.980386,3.4654386,-1.8635392,-0.09872324,23.640131
6258970309,0.011096796,0.0694288,-4.9803343,3.4565206,-1.8461485,-0.10027134,23.640419
6258980297,0.011656127,0.06838722,-4.980466,3.4989438,-1.8219839,-0.098855354,23.640419
6258990263,0.011540432,0.06831493,-4.9800324,3.5168808,-1.8374009,-0.09683078,23.640419
6259000303,0.011237755,0.06917437,-4.98051,3.4853864,-1.8511461,-0.098533444,23.640419
6259010484,0.011522677,0.0690576,-4.9804535,3.4717376,-1.8305533,-0.09987521,23.640419
6259020494,0.011788259,0.068542525,-4.9804463,3.4968514,-1.8164874,-0.09749281,23.640419
6259030473,0.011452898,0.06894188,-4.9809017,3.4984283,-1.8376378,-0.09598139,23.640419
6259040533,0.010991457,0.0697867,-4.9806185,3.4657385,-1.850317,-0.09845831,23.640419
6259050678,0.011103571,0.06965044,-4.980615,3.4586728,-1.8335253,-0.101004794,23.640419
6259060628,0.011593869,0.0689928,-4.9806013,3.4870982,-1.821399,-0.09770154,23.640419
6259070697,0.011596804,0.06917922,-4.98027,3.490686,-1.829612,-0.09643283,23.639565
6259080662,0.011620189,0.0695803,-4.980642,3.4627872,-1.8319542,-0.09715327,23.639565
6259090881,0.011792848,0.06930601,-4.9806666,3.4647136,-1.8178109,-0.09665887,23.639565
6259100778,0.011828895,0.06860543,-4.9801807,3.495974,-1.8163202,-0.0951804,23.639565
6259110820,0.011442639,0.06890125,-4.9802146,3.4996128,-1.834421,-0.094287954,23.639565
6259120860,0.011062304,0.06943883,-4.97979,3.47646,-1.8474591,-0.09664055,23.639565
6259130898,0.010862556,0.06926007,-4.979857,3.4783401,-1.8445164,-0.0983363,23.639565
6259141010,0.01060331,0.06880095,-4.9792695,3.5006206,-1.8500582,-0.097587295,23.639565
6259151124,0.010339021,0.06915725,-4.9789586,3.4947257,-1.8640722,-0.09774486,23.639565
6259161066,0.010298171,0.069676936,-4.979533,3.4709432,-1.8559918,-0.10096786,23.639565
6259171228,0.010854706,0.069308035,-4.9797497,3.4767845,-1.8337375,-0.10047231,23.638935
6259181163,0.011136361,0.06908144,-4.9796066,3.4966066,-1.8285112,-0.09848193,23.638935
6259191134,0.011033405,0.06954086,-4.979618,3.484074,-1.838884,-0.09795823,23.638935
6259201257,0.011101807,0.06997765,-4.9795265,3.4627428,-1.8367891,-0.10062541,23.638935
6259211220,0.011288635,0.06963792,-4.980076,3.474462,-1.8237447,-0.10084467,23.638935
6259221265,0.011381703,0.06947462,-4.980039,3.4914062,-1.8229108,-0.09860385,23.638935
6259231301,0.011272602,0.0699976,-4.979353,3.476533,-1.8313925,-0.099387325,23.638935
6259241390,0.01139046,0.07013907,-4.980056,3.4608245,-1.8256849,-0.10101684,23.638935
6259251368,0.011867709,0.06938052,-4.979988,3.4853563,-1.8082297,-0.09981619,23.638935
6259261490,0.011976235,0.068829104,-4.979766,3.5137782,-1.8155576,-0.09686655,23.638935
6259271613,0.011292857,0.06925942,-4.979452,3.505207,-1.8431416,-0.09726689,23.640182
6259281490,0.010836671,0.06932114,-4.9789085,3.4926155,-1.8504794,-0.09934964,23.640182
6259291601,0.010919807,0.06882389,-4.9793496,3.5138648,-1.8376861,-0.099233195,23.640182
6259301682,0.010963228,0.06891194,-4.9796677,3.5263007,-1.8432004,-0.097188964,23.640182
6259311628,0.010513948,0.06969112,-4.9790797,3.494832,-1.8625271,-0.09873376,23.640182
6259321696,0.010425492,0.06996251,-4.9795494,3.4696276,-1.8596542,-0.10236841,23.640182
6259331874,0.011097383,0.06934638,-4.979899,3.4855974,-1.8364325,-0.10120971,23.640182
6259341753,0.011471797,0.06925585,-4.979715,3.4958286,-1.8286141,-0.09883503,23.640182
6259351951,0.011289668,0.070140675,-4.98004,3.466922,-1.8433712,-0.099239215,23.640182
6259362186,0.011091907,0.07049704,-4.97965,3.441653,-1.841761,-0.10046333,23.640182
6259372031,0.011483079,0.07005483,-4.980092,3.455949,-1.8213923,-0.100732476,23.638899
6259381965,0.011811859,0.06998299,-4.980509,3.4699264,-1.8222417,-0.099887475,23.638899
6259391922,0.011333105,0.07058667,-4.980078,3.4515438,-1.8448851,-0.1011694,23.638899
6259402063,0.010842722,0.07065789,-4.979779,3.4386773,-1.8533192,-0.103481956,23.638899
6259412036,0.010845668,0.069906384,-4.979434,3.4666176,-1.8440416,-0.102379955,23.638899
6259422040,0.011051028,0.0692655,-4.979191,3.4989476,-1.8395927,-0.09997181,23.638899
6259432136,0.010954922,0.06917066,-4.9793477,3.5037794,-1.8449403,-0.099694625,23.638899
6259442255,0.010812376,0.069059074,-4.9793205,3.5058346,-1.8498832,-0.100039214,23.638899
6259452206,0.010778851,0.06878282,-4.9797263,3.5220904,-1.8480351,-0.101194605,23.638899
6259462279,0.010931208,0.068815626,-4.9801316,3.5294821,-1.8475944,-0.10065278,23.638899
6259472483,0.010925271,0.069317445,-4.9798794,3.5107481,-1.8520023,-0.10014114,23.638832
6259482407,0.010702791,0.06986618,-4.9803114,3.4909933,-1.8522766,-0.10213341,23.638832
6259492502,0.010980779,0.06968135,-4.980052,3.4923797,-1.8434154,-0.101233676,23.638832
6259502472,0.011459059,0.06956745,-4.980087,3.4977367,-1.8279614,-0.099992484,23.638832
6259512494,0.012041488,0.06995974,-4.9806542,3.4814973,-1.8171865,-0.09932866,23.638832
6259522571,0.012049707,0.07031452,-4.9806485,3.4611752,-1.8187412,-0.099904776,23.638832
6259532581,0.0119085,0.07052387,-4.981009,3.4604032,-1.8212538,-0.101137884,23.638832
6259542594,0.01200829,0.07044783,-4.981234,3.465165,-1.8157932,-0.1013002,23.638832
6259552587,0.011831372,0.07061694,-4.9808407,3.4632738,-1.8200622,-0.10090249,23.638832
6259562733,0.011208355,0.07097996,-4.9810085,3.4562957,-1.8435316,-0.10417334,23.638832
6259572802,0.010614708,0.070833474,-4.980419,3.4609382,-1.8599645,-0.106526986,23.638805
6259582792,0.01040241,0.0702653,-4.979541,3.4793708,-1.8588678,-0.10601041,23.638805
6259592734,0.010389641,0.07004857,-4.980024,3.4951935,-1.861771,-0.10629704,23.638805
6259602781,0.010086767,0.07007208,-4.9798446,3.497557,-1.8736769,-0.10621888,23.638805
6259612906,0.009819119,0.069845766,-4.9799848,3.5026793,-1.874752,-0.108005196,23.638805
6259622942,0.01028813,0.0696024,-4.980317,3.517112,-1.8598875,-0.10716601,23.638805
6259632910,0.010631758,0.06969558,-4.980338,3.5155113,-1.851036,-0.10507321,23.638805
6259642936,0.010558657,0.07021795,-4.9803896,3.497371,-1.8555443,-0.10604405,23.638805
6259653007,0.010709072,0.07025142,-4.980151,3.4883254,-1.8460349,-0.10664051,23.638805
6259663080,0.01142324,0.06979912,-4.9798474,3.4984477,-1.817074,-0.10440613,23.638805
6259673270,0.011917795,0.069808066,-4.980309,3.5036922,-1.8030416,-0.102065675,23.639648
6259683125,0.012019644,0.070289545,-4.980627,3.4883175,-1.8115811,-0.10252473,23.639648
6259693150,0.012037326,0.070553824,-4.980972,3.4736092,-1.8079022,-0.10472114,23.639648
6259703264,0.012547937,0.07022873,-4.981304,3.4804902,-1.7877973,-0.103719495,23.639648
6259713210,0.012699579,0.070432365,-4.98141,3.487239,-1.7886043,-0.100682385,23.639648
6259723388,0.011918601,0.0712541,-4.9814878,3.4691648,-1.8199943,-0.1029519,23.639648
6259733364,0.011139396,0.07124857,-4.9806943,3.4578764,-1.8399953,-0.10669774,23.639648
6259743405,0.01132558,0.07051056,-4.9803767,3.4808571,-1.826637,-0.10612061,23.639648
6259753477,0.011555078,0.070152044,-4.9806304,3.5003064,-1.8223253,-0.10243893,23.639648
6259763556,0.011061322,0.07052392,-4.980451,3.4893873,-1.8469893,-0.102781706,23.639648
6259773599,0.010588553,0.07062841,-4.980736,3.4856899,-1.852014,-0.10638483,23.637175
6259783620,0.011131377,0.06992798,-4.981164,3.507322,-1.824262,-0.10533422,23.637175
6259793632,0.011314159,0.0698843,-4.981043,3.517876,-1.8203211,-0.101693444,23.637175
6259803639,0.010543099,0.07082818,-4.9811406,3.4890676,-1.8541541,-0.10442,23.637175
6259813671,0.010043972,0.07103301,-4.9806037,3.468768,-1.8606191,-0.10951385,23.637175
6259823727,0.010840938,0.070302054,-4.9807134,3.488013,-1.8251345,-0.10758315,23.637175
6259833752,0.01135479,0.07034708,-4.981556,3.5028853,-1.8137786,-0.10413977,23.637175
6259843822,0.01052375,0.0713456,-4.981402,3.4774642,-1.8485376,-0.106319256,23.637175
6259853874,0.01018479,0.071449,-4.9816008,3.4621832,-1.8552359,-0.11043611,23.637175
6259863937,0.010984349,0.07042882,-4.9818764,3.4902015,-1.8147781,-0.10883219,23.637175
6259874008,0.011563699,0.07011539,-4.981575,3.5084295,-1.8106356,-0.105320685,23.637463
6259883923,0.010637413,0.07088911,-4.9815674,3.4913237,-1.848443,-0.10701297,23.637463
6259894287,0.010401598,0.07052802,-4.9812965,3.4887607,-1.8451941,-0.10994841,23.637463
6259904119,0.011216734,0.069532506,-4.9816494,3.5230112,-1.8082851,-0.10560175,23.637463
6259914141,0.011267762,0.06990613,-4.98227,3.52929,-1.8244722,-0.10211162,23.637463
6259924310,0.010152027,0.07091959,-4.9815626,3.491322,-1.8712633,-0.10665647,23.637463
6259934206,0.010077393,0.07081136,-4.981337,3.4790542,-1.8615164,-0.11026479,23.637463
6259944201,0.011200331,0.06988932,-4.9815817,3.5083823,-1.8215714,-0.10660033,23.637463
6259954263,0.01111743,0.070207275,-4.981523,3.5142372,-1.836241,-0.10467869,23.637463
6259964395,0.010224144,0.07123932,-4.9818726,3.482615,-1.8748707,-0.10964795,23.637463
6259974482,0.010436134,0.0709515,-4.98236,3.4785202,-1.8543808,-0.11122847,23.637638
6259984362,0.011503177,0.07034969,-4.98269,3.5007098,-1.821761,-0.108206615,23.637638
6259994404,0.011315261,0.07124398,-4.9828944,3.4869409,-1.8464695,-0.10664356,23.637638
6260004651,0.010780997,0.071957365,-4.982301,3.4511278,-1.8643229,-0.110558234,23.637638
6260014599,0.011531065,0.071118355,-4.9825315,3.4653077,-1.8204027,-0.111244954,23.637638
6260024759,0.012376543,0.07023196,-4.982957,3.5075352,-1.793648,-0.10549775,23.637638
6260034597,0.011749977,0.070809625,-4.982363,3.5026,-1.8328444,-0.10554441,23.637638
6260044649,0.010843768,0.071196534,-4.9827504,3.474785,-1.8488588,-0.10982745,23.637638
6260054636,0.011581366,0.070428155,-4.983244,3.4907007,-1.8096675,-0.10904696,23.637638
6260064694,0.012025124,0.07009775,-4.9835677,3.5184543,-1.8016726,-0.10383994,23.637638
6260074864,0.010903928,0.0711746,-4.9830556,3.4952664,-1.8501333,-0.10496125,23.635744
6260084804,0.010168254,0.071531124,-4.982253,3.4678757,-1.86145,-0.10964884,23.635744
6260094787,0.010967346,0.07052089,-4.9830956,3.4981616,-1.8197393,-0.10861692,23.635744
6260104861,0.011390856,0.07011612,-4.9834266,3.5326355,-1.8207104,-0.1050645,23.635744
6260114922,0.01042715,0.07090194,-4.982711,3.5122972,-1.86607,-0.10750558,23.635744
6260124951,0.01014084,0.071143135,-4.9830976,3.4882882,-1.863249,-0.11238523,23.635744
6260134962,0.011090766,0.070229314,-4.983935,3.5116549,-1.8194914,-0.10952933,23.635744
6260145118,0.011390802,0.07043834,-4.984132,3.5278995,-1.8245525,-0.1060689,23.635744
6260155069,0.01047686,0.07172389,-4.983698,3.4904032,-1.8654956,-0.1087761,23.635744
6260165143,0.010160848,0.071940705,-4.983153,3.4620202,-1.8585367,-0.11221816,23.635744
6260175257,0.010873008,0.07119135,-4.9836907,3.4902763,-1.8255135,-0.110880986,23.635029
6260185268,0.010941765,0.071275756,-4.9842505,3.5082867,-1.8381723,-0.10838164,23.635029
6260195298,0.010061388,0.072158255,-4.9831605,3.4744146,-1.8731258,-0.11128424,23.635029
6260205292,0.009887949,0.07226777,-4.98339,3.451717,-1.86475,-0.114506766,23.635029
6260215331,0.010541617,0.07149393,-4.9839244,3.4779959,-1.8352535,-0.11220599,23.635029
6260225338,0.010622865,0.071389444,-4.9838786,3.494746,-1.8417814,-0.1097882,23.635029
6260235413,0.010063409,0.07186424,-4.98349,3.4765542,-1.8636279,-0.11140976,23.635029
6260245529,0.010101439,0.07145328,-4.983312,3.4785264,-1.8558012,-0.11336785,23.635029
6260255487,0.010598755,0.07050852,-4.98379,3.517666,-1.8391498,-0.11132155,23.635029
6260265568,0.010746489,0.07048421,-4.9840927,3.534991,-1.8517433,-0.11067574,23.635029
6260275707,0.010555892,0.07103549,-4.983827,3.5062177,-1.859152,-0.111922964,23.63422
6260285608,0.011051322,0.07108418,-4.9842873,3.4928403,-1.8356183,-0.11387043,23.63422
6260295638,0.011638775,0.070751764,-4.9850063,3.5098631,-1.8172653,-0.111731924,23.63422
6260305677,0.011541266,0.07117646,-4.984944,3.5097551,-1.8281112,-0.11052487,23.63422
6260315752,0.011289648,0.07166214,-4.984961,3.4865682,-1.834036,-0.111972794,23.63422
6260325850,0.011577489,0.0714319,-4.9847817,3.4876616,-1.8166586,-0.110927194,23.63422
6260335786,0.011880685,0.07130858,-4.9856334,3.5059545,-1.8074293,-0.11018317,23.63422
6260345822,0.011853001,0.071782485,-4.985442,3.4910924,-1.8203428,-0.10998404,23.63422
6260356013,0.011703807,0.07232783,-4.985003,3.4628947,-1.8223088,-0.11238291,23.63422
6260365966,0.011777522,0.072053045,-4.9854755,3.4665778,-1.8097326,-0.11237007,23.63422
6260376060,0.011812278,0.07174356,-4.9856877,3.4904227,-1.8179373,-0.11198799,23.632069
6260385964,0.011170605,0.07194738,-4.985164,3.4875863,-1.8441159,-0.11108618,23.632069
6260396016,0.010722015,0.071963936,-4.98468,3.4739,-1.8541118,-0.1131429,23.632069
6260406069,0.010802867,0.07143075,-4.9846797,3.491227,-1.8476785,-0.1149898,23.632069
6260416101,0.01069324,0.07136265,-4.985156,3.5102816,-1.8563331,-0.11418521,23.632069
6260426166,0.010233382,0.07198861,-4.985318,3.4943857,-1.8753045,-0.11630473,23.632069
6260436193,0.010172695,0.072197385,-4.984877,3.4719243,-1.8767388,-0.11780775,23.632069
6260446255,0.01042532,0.07193163,-4.985676,3.4862988,-1.861361,-0.11751022,23.632069
6260456307,0.010636854,0.071746066,-4.9860682,3.5007277,-1.8591536,-0.11577288,23.632069
6260466560,0.010697727,0.0720203,-4.985618,3.485706,-1.8622131,-0.11572582,23.632069
6260476500,0.010924492,0.07196769,-4.985807,3.4768436,-1.8460464,-0.116411075,23.633337
6260486407,0.011363971,0.07147022,-4.9862704,3.49161,-1.8258159,-0.11552181,23.633337
6260496495,0.011269921,0.071809106,-4.9872193,3.49881,-1.8294762,-0.11571165,23.633337
6260506533,0.01104192,0.07241618,-4.987428,3.4801595,-1.8381855,-0.11662707,23.633337
6260516555,0.01139861,0.072263926,-4.9870973,3.4729793,-1.8249365,-0.11675608,23.633337
6260526683,0.011609389,0.0719168,-4.987476,3.4880545,-1.8160273,-0.11619991,23.633337
6260536614,0.011253866,0.07208389,-4.9876795,3.4936926,-1.8346543,-0.117079236,23.633337
6260546775,0.010882716,0.0721711,-4.987147,3.4847653,-1.8457069,-0.118375376,23.633337
6260556690,0.011082623,0.07164034,-4.9870296,3.4932332,-1.8309599,-0.11739199,23.633337
6260566810,0.011114962,0.07146873,-4.9874077,3.5119984,-1.8323516,-0.11745782,23.633337
6260576929,0.010606744,0.072163254,-4.987767,3.5019128,-1.8573171,-0.11806614,23.631985
6260586906,0.010446294,0.07247143,-4.987667,3.4814215,-1.860828,-0.120009154,23.631985
6260596821,0.010987904,0.071875945,-4.9872994,3.4917119,-1.8409197,-0.11798734,23.631985
6260606923,0.010998309,0.071754694,-4.9878464,3.5083416,-1.8411437,-0.116997994,23.631985
6260616913,0.010550983,0.07242099,-4.9877605,3.4925227,-1.8628896,-0.118142806,23.631985
6260626962,0.010588281,0.072543874,-4.9876533,3.4725423,-1.8575634,-0.11876838,23.631985
6260637030,0.010974372,0.07223965,-4.988077,3.485782,-1.8325175,-0.116479844,23.631985
6260647082,0.010913248,0.072358735,-4.98853,3.4966104,-1.8391279,-0.115377955,23.631985
6260657131,0.010311008,0.07322362,-4.9890075,3.4754148,-1.8622653,-0.11867587,23.631985
6260667187,0.010401169,0.073108986,-4.988878,3.4652252,-1.8485831,-0.11946261,23.631985
6260677286,0.011012303,0.072206266,-4.988701,3.4920008,-1.8231496,-0.117334984,23.630154
6260687202,0.010830002,0.07241037,-4.9889812,3.508981,-1.8354235,-0.116128206,23.630154
6260697266,0.010363346,0.07291741,-4.988644,3.4906788,-1.8532547,-0.11931933,23.630154
6260707318,0.010868792,0.07255269,-4.9880424,3.4900408,-1.8339192,-0.11964189,23.630154
6260717341,0.01144033,0.07175922,-4.9886694,3.5200636,-1.8151152,-0.11737764,23.630154
6260727452,0.011101211,0.07205355,-4.9887795,3.5272977,-1.8383048,-0.11789097,23.630154
6260737479,0.010601342,0.0725594,-4.9888372,3.4993167,-1.8582482,-0.12155102,23.630154
6260747570,0.010896844,0.07214783,-4.988354,3.4973028,-1.8367623,-0.12093343,23.630154
6260757522,0.011403655,0.071523264,-4.988323,3.522224,-1.8230312,-0.118110575,23.630154
6260767674,0.010926246,0.07221761,-4.988857,3.512989,-1.8502203,-0.11758713,23.630154
6260777835,0.010277451,0.07310685,-4.9886656,3.4760063,-1.8692337,-0.12125829,23.629272
6260787623,0.010577948,0.072472356,-4.9884105,3.4754016,-1.8470485,-0.12179108,23.629272
6260797658,0.011142174,0.07198584,-4.98938,3.5005631,-1.8313057,-0.11800668,23.629272
6260807698,0.010653517,0.07263733,-4.989769,3.4851274,-1.8500199,-0.1171447,23.629272
6260817735,0.010258921,0.07344138,-4.989797,3.4502234,-1.8609908,-0.1214097,23.629272
6260827908,0.010607109,0.07273392,-4.989535,3.4643161,-1.8339783,-0.12087231,23.629272
6260837917,0.011164499,0.071972065,-4.989414,3.5019228,-1.8183968,-0.11617439,23.629272
6260847891,0.010747213,0.07261936,-4.9902024,3.4931934,-1.839444,-0.11636039,23.629272
6260857935,0.010306787,0.073246434,-4.990011,3.4632092,-1.8532115,-0.11993679,23.629272
6260868004,0.01064216,0.07249954,-4.9896564,3.4794447,-1.8310798,-0.12053957,23.629272
6260878150,0.011111264,0.071829595,-4.990116,3.5153954,-1.8181286,-0.11784783,23.629004
6260888077,0.010782683,0.07242113,-4.9901643,3.5074606,-1.8393158,-0.117591396,23.629004
6260898113,0.010315595,0.07304782,-4.9899373,3.4834125,-1.8532889,-0.12083525,23.629004
6260908148,0.010551803,0.07239183,-4.9897823,3.4996033,-1.8370228,-0.120738454,23.629004
6260918177,0.011055636,0.07192443,-4.990012,3.5249877,-1.8271501,-0.11697172,23.629004
6260928177,0.010749612,0.07286107,-4.9906774,3.499634,-1.8453573,-0.11793436,23.629004
6260938253,0.01038466,0.073578775,-4.9904537,3.4657617,-1.8546876,-0.121935524,23.629004
6260948295,0.010803072,0.07297784,-4.9902186,3.4807494,-1.8349895,-0.12164837,23.629004
6260958355,0.011105979,0.07256752,-4.990775,3.5074804,-1.8218476,-0.11890649,23.629004
6260968469,0.010718319,0.07324913,-4.990889,3.4921632,-1.8438041,-0.119885154,23.629004
6260978560,0.010207659,0.073708214,-4.990993,3.4703534,-1.8579135,-0.12358666,23.627253
6260988471,0.010498592,0.07300247,-4.9911757,3.4884326,-1.8377075,-0.12385056,23.627253
6260998478,0.010975778,0.072597854,-4.991404,3.5083058,-1.8258189,-0.12164926,23.627253
6261008636,0.010652128,0.07346085,-4.992109,3.4898918,-1.8467026,-0.12329659,23.627253
6261018605,0.010084826,0.07371132,-4.9914327,3.4720771,-1.8602008,-0.1257326,23.627253
6261028645,0.010477421,0.072873496,-4.9910107,3.4981751,-1.8447273,-0.124958046,23.627253
6261038660,0.010710372,0.072587885,-4.991765,3.5201857,-1.8408339,-0.12217284,23.627253
6261048687,0.010250964,0.07323473,-4.9916477,3.499147,-1.8654125,-0.12383699,23.627253
6261058767,0.009947431,0.073422976,-4.991687,3.4823458,-1.873164,-0.12670042,23.627253
6261068871,0.010614652,0.07271121,-4.991642,3.5025642,-1.8463503,-0.12553453,23.627253
6261078953,0.01114012,0.07257621,-4.9918604,3.511811,-1.8332728,-0.121847734,23.626656
6261088884,0.010921601,0.07357041,-4.992572,3.4828467,-1.8471512,-0.12241635,23.626656
6261098910,0.010781704,0.07380452,-4.992273,3.4654431,-1.8455046,-0.124401845,23.626656
6261108961,0.011232477,0.07315496,-4.991863,3.484333,-1.826779,-0.122756295,23.626656
6261119019,0.011384792,0.07315587,-4.99257,3.4970593,-1.8269027,-0.12197402,23.626656
6261129073,0.010862405,0.07352379,-4.9927435,3.4802577,-1.8386257,-0.12257241,23.626656
6261139147,0.010727412,0.07357839,-4.992689,3.4754097,-1.8347765,-0.12405288,23.626656
6261149087,0.010713863,0.073232606,-4.992676,3.4900045,-1.8325772,-0.12278798,23.626656
6261159236,0.010457606,0.07339068,-4.992368,3.4910622,-1.8459483,-0.12259851,23.626656
6261169247,0.010120667,0.073655546,-4.992936,3.4773095,-1.8506997,-0.12526812,23.626656
6261179457,0.010227256,0.07329382,-4.9929037,3.4839463,-1.8439934,-0.12534665,23.625174
6261189312,0.01014479,0.07293287,-4.992546,3.5028663,-1.8508567,-0.12630618,23.625174
6261199350,0.00972396,0.07312071,-4.992583,3.5021374,-1.8665118,-0.12678854,23.625174
6261209393,0.009674695,0.07328782,-4.9925838,3.490659,-1.8627212,-0.12795973,23.625174
6261219453,0.009896016,0.07314554,-4.9931645,3.4906716,-1.8496429,-0.12680338,23.625174
6261229594,0.009906964,0.07353272,-4.9932775,3.4908016,-1.8601722,-0.12627186,23.625174
6261239555,0.009663438,0.0737659,-4.9929285,3.4762554,-1.869864,-0.12783924,23.625174
6261249562,0.009999587,0.07376585,-4.9933987,3.4754694,-1.8481512,-0.12880123,23.625174
6261259643,0.010633294,0.07329476,-4.9937973,3.4937007,-1.8288088,-0.12607995,23.625174
6261269644,0.010492619,0.0733764,-4.993793,3.5029142,-1.8414062,-0.12416037,23.625174
6261279786,0.010118896,0.07372871,-4.993963,3.4917116,-1.8515619,-0.12574102,23.624731
6261289819,0.01038187,0.07348281,-4.9942365,3.490418,-1.8350228,-0.1249054,23.624731
6261299694,0.010780532,0.07330046,-4.99509,3.5003595,-1.8301566,-0.12375321,23.624731
6261309874,0.010353318,0.073666096,-4.995082,3.4977827,-1.8506619,-0.124224305,23.624731
6261319834,0.009935355,0.07402474,-4.9944444,3.4842205,-1.8605173,-0.1273137,23.624731
6261329895,0.009923557,0.07394699,-4.994739,3.4820185,-1.8537021,-0.1280055,23.624731
6261339897,0.009849546,0.073884875,-4.995038,3.493684,-1.8587325,-0.12635863,23.624731
6261349956,0.009646961,0.074167915,-4.9945164,3.4878688,-1.873674,-0.12669386,23.624731
6261360032,0.009439944,0.07425221,-4.994921,3.4778657,-1.8716978,-0.1285479,23.624731
6261370062,0.009894482,0.074027084,-4.995175,3.4795508,-1.8545266,-0.1276961,23.624731
6261380170,0.010139464,0.074207984,-4.9954395,3.4779687,-1.852801,-0.12691344,23.622185
6261390085,0.010083802,0.07431396,-4.9956274,3.4769,-1.8551927,-0.12652163,23.622185
6261400227,0.010300933,0.074118175,-4.994746,3.4753346,-1.8414934,-0.12560707,23.622185
6261410184,0.010609212,0.07399306,-4.995432,3.4855983,-1.8304505,-0.124593094,23.622185
6261420217,0.010511462,0.07418542,-4.9957504,3.4846942,-1.8432902,-0.124739185,23.622185
6261430424,0.010457341,0.073935665,-4.9952054,3.4830735,-1.8385994,-0.12604864,23.622185
6261440337,0.010980288,0.073399045,-4.995065,3.500963,-1.817932,-0.12508097,23.622185
6261450421,0.011006012,0.073178835,-4.995416,3.5134103,-1.824845,-0.123320065,23.622185
6261460398,0.010785254,0.07362509,-4.9957347,3.5079997,-1.8422358,-0.12506181,23.622185
6261470619,0.010601169,0.07358087,-4.9955297,3.502687,-1.8379481,-0.12574106,23.622185
6261480620,0.0106599,0.07321675,-4.9953456,3.5145352,-1.8348495,-0.12476218,23.620377
6261490540,0.010137741,0.07366774,-4.9959207,3.5108483,-1.8572744,-0.12686542,23.620377
6261500585,0.009821957,0.074099936,-4.996355,3.498044,-1.8658336,-0.12950298,23.620377
6261510729,0.010179144,0.0739182,-4.996128,3.4913015,-1.8471992,-0.1305012,23.620377
6261520640,0.010331123,0.073711455,-4.9960756,3.4969177,-1.8424563,-0.12816112,23.620377
6261530668,0.009912238,0.07427274,-4.996384,3.4924505,-1.8657999,-0.1279593,23.620377
6261540754,0.009766128,0.0746727,-4.9970336,3.4712348,-1.8665749,-0.13077444,23.620377
6261550737,0.010305441,0.07429281,-4.9970093,3.4751475,-1.837909,-0.1287358,23.620377
6261560797,0.010299891,0.07428283,-4.9966474,3.482486,-1.8417891,-0.1267188,23.620377
6261570918,0.009497027,0.07516507,-4.99709,3.4632313,-1.8746986,-0.12993887,23.620377
6261581004,0.009477626,0.07533369,-4.997059,3.4482791,-1.8647263,-0.1314968,23.61911
6261590938,0.010278785,0.07465554,-4.99672,3.4646764,-1.8368623,-0.12817205,23.61911
6261600934,0.009816116,0.074657686,-4.9969277,3.4786577,-1.862051,-0.12695491,23.61911
6261611011,0.008786763,0.07498762,-4.99675,3.467273,-1.8963562,-0.12966943,23.61911
6261621070,0.009236781,0.07452284,-4.997207,3.4737248,-1.8673158,-0.13184881,23.61911
6261631119,0.01024143,0.073692046,-4.9976597,3.5015378,-1.835961,-0.1287811,23.61911
6261641153,0.009951307,0.073885165,-4.9973445,3.5079052,-1.8618075,-0.12772898,23.61911
6261651124,0.009382408,0.07437115,-4.997862,3.4902208,-1.8804474,-0.13249366,23.61911
6261661274,0.01003215,0.07401935,-4.998003,3.4897628,-1.8471308,-0.13209963,23.61911
6261671393,0.010830412,0.07344892,-4.997781,3.512237,-1.8284247,-0.12960824,23.61911
6261681460,0.01043485,0.07370381,-4.99781,3.5177202,-1.8512621,-0.13004574,23.619246
6261691326,0.01013001,0.07407597,-4.997492,3.4984984,-1.8557045,-0.1323834,23.619246
6261701348,0.010812223,0.07394466,-4.998099,3.495089,-1.8255719,-0.13321014,23.619246
6261711399,0.011217438,0.07381949,-4.9981866,3.5096395,-1.81926,-0.13116543,23.619246
6261721588,0.010598698,0.074206226,-4.9979844,3.5051153,-1.8448089,-0.13165338,23.619246
6261731498,0.010236718,0.07465982,-4.9984317,3.4842153,-1.8505414,-0.13500592,23.619246
6261741570,0.010433143,0.07446218,-4.998806,3.4842165,-1.834619,-0.13608742,23.619246
6261751760,0.010354937,0.07432605,-4.9985995,3.4958098,-1.8442299,-0.13384305,23.619246
6261761661,0.009785084,0.07453572,-4.998484,3.4937809,-1.8665781,-0.13665795,23.619246
6261771743,0.009644795,0.07449375,-4.9984684,3.4865012,-1.8646512,-0.13636753,23.619246
6261781894,0.009863221,0.07439975,-4.9992375,3.4903579,-1.8568414,-0.13561504,23.615149
6261791898,0.0095894,0.07443589,-4.999193,3.4959095,-1.8652447,-0.13595645,23.615149
6261801731,0.009403072,0.07449986,-4.9985504,3.4910944,-1.8720647,-0.13544612,23.615149
6261811804,0.009667773,0.0745932,-4.9994264,3.4854193,-1.8611817,-0.13578239,23.615149
6261821843,0.009963756,0.07439269,-4.9993167,3.4868615,-1.8542584,-0.13428493,23.615149
6261831876,0.010027406,0.07415586,-4.998993,3.4932377,-1.8555025,-0.1331593,23.615149
6261841946,0.010280915,0.074304216,-4.9988985,3.4864635,-1.8524979,-0.13161494,23.615149
6261851945,0.010457566,0.07441185,-4.998975,3.4762108,-1.8443478,-0.13183217,23.615149
6261862050,0.010708061,0.07430799,-4.9996715,3.4808846,-1.8378309,-0.13039733,23.615149
6261872117,0.010791708,0.07427533,-4.999749,3.4889696,-1.8345033,-0.13005975,23.615149
6261882182,0.010840672,0.07439012,-4.9991302,3.4817772,-1.8398366,-0.12981266,23.61381
6261892151,0.010707742,0.0746207,-4.999899,3.475241,-1.8503642,-0.13026609,23.61381
6261902154,0.010699574,0.074312516,-5.000147,3.4886823,-1.8486419,-0.13091224,23.61381
6261912292,0.010755602,0.073969156,-4.9996276,3.503092,-1.8439499,-0.12904915,23.61381
6261922332,0.010448038,0.07445585,-4.999987,3.4961958,-1.8605467,-0.12969245,23.61381
6261932333,0.009686386,0.074966334,-4.999854,3.481476,-1.882017,-0.13277517,23.61381
6261942363,0.009554624,0.07476574,-5.000084,3.4888988,-1.8770405,-0.1354652,23.61381
6261952386,0.009918504,0.074552886,-4.9999976,3.5036008,-1.8667707,-0.13415259,23.61381
6261962531,0.00966257,0.074813895,-4.9996347,3.494439,-1.8781236,-0.13429037,23.61381
6261972582,0.009425595,0.07504505,-5.00029,3.4809647,-1.8828305,-0.1368022,23.61381
6261982620,0.009859283,0.074454166,-5.0005064,3.4956038,-1.8578647,-0.13614278,23.612837
6261992671,0.010320158,0.07429743,-5.0006657,3.50992,-1.8444403,-0.13430619,23.612837
6262002591,0.010049449,0.075041,-5.001053,3.4880536,-1.86104,-0.13456514,23.612837
6262012613,0.009990232,0.075373836,-5.000975,3.4664807,-1.8582155,-0.13676071,23.612837
6262022801,0.010507268,0.07492984,-5.0013843,3.4801767,-1.830958,-0.13592522,23.612837
6262032777,0.010854458,0.0748308,-5.001834,3.494363,-1.8310351,-0.13291925,23.612837
6262042761,0.010398733,0.07527113,-5.001586,3.4818673,-1.8502564,-0.13304116,23.612837
6262052781,0.01028757,0.075242735,-5.0019813,3.4731863,-1.8451033,-0.13528088,23.612837
6262062819,0.010589207,0.07488396,-5.0021653,3.4892428,-1.8359516,-0.13415265,23.612837
6262072961,0.010476787,0.074883595,-5.0019326,3.4949162,-1.8499732,-0.13377766,23.612837
6262083073,0.010213316,0.07509911,-5.0019765,3.4804144,-1.856652,-0.13549396,23.609797
6262092998,0.010441801,0.07470459,-5.0015874,3.4822135,-1.8434156,-0.13468152,23.609797
6262103026,0.010344824,0.07444189,-5.0018783,3.5021877,-1.8479614,-0.13426313,23.609797
6262113073,0.009741144,0.07462102,-5.0017767,3.5039947,-1.8719395,-0.13492815,23.609797
6262123339,0.009662971,0.074703105,-5.0012336,3.492549,-1.8703921,-0.13544276,23.609797
6262133159,0.010034106,0.074475385,-5.0013776,3.496463,-1.8509545,-0.13572124,23.609797
6262143181,0.009927447,0.07444826,-5.001621,3.5038733,-1.8584591,-0.13500807,23.609797
6262153266,0.009656001,0.074786596,-5.0014567,3.4896936,-1.8703222,-0.13543956,23.609797
6262163271,0.009941458,0.075082764,-5.0019903,3.474941,-1.852817,-0.13521773,23.609797
6262173370,0.009979067,0.07509114,-5.0020123,3.4771628,-1.8497709,-0.13403928,23.609797
6262183493,0.009267163,0.07571209,-5.0023375,3.4771802,-1.8817941,-0.13589445,23.608099
6262193384,0.008941324,0.07585724,-5.002145,3.4630518,-1.8851382,-0.1383307,23.608099
6262203436,0.009666516,0.07541977,-5.0015774,3.4641018,-1.8536279,-0.13618238,23.608099
6262213488,0.009905611,0.075152084,-5.0019336,3.4790845,-1.8540918,-0.1351513,23.608099
6262223739,0.009391916,0.075278625,-5.001898,3.4803538,-1.877436,-0.13651854,23.608099
6262233629,0.009613532,0.07497774,-5.0017753,3.4760895,-1.8615333,-0.1368182,23.608099
6262243574,0.010488922,0.07468641,-5.002325,3.488391,-1.8341413,-0.13423128,23.608099
6262253609,0.010288898,0.07478729,-5.0025644,3.5028255,-1.8506187,-0.13394083,23.608099
6262263699,0.009620124,0.07494423,-5.0024285,3.4971018,-1.8726815,-0.13778935,23.608099
6262274012,0.00999641,0.07477896,-5.002409,3.4949822,-1.850926,-0.13864774,23.608099
6262283878,0.010664629,0.074177936,-5.0024247,3.5079656,-1.8289049,-0.13598742,23.606625
6262293910,0.010266288,0.07454425,-5.002928,3.5134223,-1.8508579,-0.1357739,23.606625
6262303832,0.009577262,0.07512559,-5.002618,3.4958231,-1.873236,-0.13883393,23.606625
6262313887,0.009811934,0.07515962,-5.0026345,3.4857001,-1.8562112,-0.14002138,23.606625
6262323951,0.010336869,0.07497897,-5.0032773,3.4945304,-1.8399425,-0.13833235,23.606625
6262333970,0.010195027,0.07528369,-5.0032115,3.4941955,-1.852272,-0.13868618,23.606625
6262343969,0.009897715,0.075665936,-5.003673,3.4779587,-1.8564947,-0.14028446,23.606625
6262354017,0.010371804,0.075416185,-5.0034804,3.4722526,-1.8339481,-0.13951737,23.606625
6262364029,0.010773567,0.07507934,-5.0031977,3.4858177,-1.8229299,-0.137769,23.606625
6262374173,0.01053576,0.07513994,-5.0036144,3.4901445,-1.8374523,-0.13803236,23.606625
6262384269,0.010121034,0.075494535,-5.0035305,3.4770098,-1.8453324,-0.13930874,23.606178
6262394241,0.010052932,0.07542178,-5.0032787,3.4732718,-1.8427879,-0.1397793,23.606178
6262404330,0.010017905,0.075129546,-5.003709,3.4899817,-1.846604,-0.14021482,23.606178
6262414288,0.009806278,0.07502137,-5.0038905,3.499078,-1.8547155,-0.13992657,23.606178
6262424343,0.009430981,0.07522556,-5.004235,3.4921029,-1.8631636,-0.14113095,23.606178
6262434491,0.00905731,0.07526222,-5.004203,3.4933789,-1.8717735,-0.14204344,23.606178
6262444375,0.008815004,0.07490675,-5.003341,3.507825,-1.8791987,-0.14187683,23.606178
6262454603,0.008598818,0.0750109,-5.0036073,3.5152383,-1.8908589,-0.14187597,23.606178
6262464624,0.008217366,0.07552977,-5.003919,3.5010142,-1.9045416,-0.14284809,23.606178
6262474574,0.007915355,0.07607122,-5.003631,3.4836233,-1.9127775,-0.14347295,23.606178
6262484661,0.008156944,0.07609063,-5.0037766,3.4805167,-1.9105146,-0.14411372,23.603485
6262494646,0.008494114,0.07630898,-5.004102,3.4757838,-1.9025347,-0.14386685,23.603485
6262504733,0.008612232,0.076976225,-5.0049233,3.4537573,-1.9003592,-0.14414534,23.603485
6262514772,0.008436166,0.0777461,-5.0049944,3.4297419,-1.9081984,-0.14412712,23.603485
6262524707,0.008382899,0.078075044,-5.004499,3.4176536,-1.9111459,-0.14405371,23.603485
6262534764,0.008555048,0.07823481,-5.0050135,3.410707,-1.906111,-0.14435741,23.603485
6262544825,0.008695264,0.0783509,-5.005247,3.40129,-1.9014747,-0.14478458,23.603485
6262554819,0.008671795,0.07838499,-5.005319,3.3955493,-1.8973945,-0.14468537,23.603485
6262564926,0.008914677,0.07796044,-5.0053406,3.4053679,-1.8838426,-0.14413646,23.603485
6262575127,0.009678087,0.07696331,-5.005236,3.4318357,-1.8570534,-0.1430271,23.603485
6262585130,0.010313422,0.07607699,-5.0056195,3.461794,-1.8307819,-0.1401079,23.599962
6262594999,0.011191119,0.07502969,-5.005857,3.4918847,-1.8020961,-0.1374947,23.599962
6262605175,0.012343175,0.073870555,-5.005182,3.5195746,-1.7619159,-0.13288188,23.599962
6262615096,0.013516903,0.07274581,-5.005725,3.5503948,-1.7233148,-0.13057722,23.599962
6262625196,0.014550163,0.071589135,-5.0061626,3.5830822,-1.6929494,-0.12833774,23.599962
6262635246,0.015413961,0.07082101,-5.0053954,3.6041424,-1.6681349,-0.12495889,23.599962
6262645270,0.015511754,0.07083087,-5.0056586,3.611985,-1.6725748,-0.12267013,23.599962
6262655296,0.014863854,0.071382836,-5.0061574,3.603301,-1.7056992,-0.12524308,23.599962
6262665355,0.014224882,0.07146269,-5.006521,3.597253,-1.7195334,-0.12851918,23.599962
6262675431,0.01384495,0.07138265,-5.0060887,3.6083767,-1.7246952,-0.12730502,23.599962
6262685499,0.01281795,0.071978465,-5.0054383,3.6031287,-1.7667557,-0.12773438,23.598694
6262695495,0.011284852,0.07296058,-5.005802,3.576539,-1.8154979,-0.13279846,23.598694
6262705480,0.010733111,0.07283773,-5.0059056,3.5717075,-1.821724,-0.1363641,23.598694
6262715502,0.010450779,0.07277906,-5.005487,3.5864475,-1.830372,-0.13568284,23.598694
6262725571,0.009164809,0.07373067,-5.0054207,3.5725696,-1.8803463,-0.1378839,23.598694
6262735593,0.008197456,0.07464211,-5.0059943,3.5411327,-1.9054025,-0.14326584,23.598694
6262745619,0.008918926,0.07473857,-5.0069275,3.5267208,-1.8711622,-0.14377153,23.598694
6262755669,0.00952645,0.07486018,-5.006588,3.525723,-1.852226,-0.14121938,23.598694
6262765696,0.00915115,0.075714074,-5.0057635,3.5026584,-1.8782487,-0.14255823,23.598694
6262775789,0.009225862,0.076292485,-5.006339,3.4701467,-1.8706839,-0.1456086,23.598694
6262785867,0.010518155,0.07585579,-5.007332,3.4705217,-1.8206205,-0.14380054,23.599245
6262795897,0.011012397,0.07589374,-5.007428,3.4786568,-1.8196051,-0.14119883,23.599245
6262806045,0.010196066,0.07642749,-5.0071683,3.4635253,-1.856987,-0.1428114,23.599245
6262815992,0.010784145,0.075571984,-5.006857,3.4646637,-1.8248371,-0.14359045,23.599245
6262826009,0.012764143,0.073737785,-5.008034,3.5160935,-1.751581,-0.13820012,23.599245
6262836082,0.012834783,0.07332624,-5.008128,3.55528,-1.7712845,-0.13376096,23.599245
6262845995,0.011055293,0.07366629,-5.0066,3.5494936,-1.8362488,-0.13861312,23.599245
6262856071,0.011246445,0.072225586,-5.006672,3.570502,-1.8044233,-0.14029692,23.599245
6262866177,0.013067311,0.07064588,-5.007731,3.632341,-1.7394239,-0.13210362,23.599245
6262876213,0.013049815,0.071077496,-5.007953,3.6404812,-1.7694427,-0.12923777,23.599245
6262886330,0.01190616,0.072058335,-5.0073543,3.5943217,-1.8090129,-0.13476467,23.595404
6262896227,0.012649813,0.07136066,-5.007087,3.592943,-1.7566648,-0.13405855,23.595404
6262906275,0.01385318,0.07105112,-5.008629,3.6257515,-1.723361,-0.12934487,23.595404
6262916451,0.01234543,0.07305354,-5.009067,3.5892205,-1.7969283,-0.131107,23.595404
6262926388,0.010349523,0.075136155,-5.007867,3.505397,-1.8582324,-0.13995606,23.595404
6262936401,0.010678514,0.07508769,-5.0084734,3.4841256,-1.818533,-0.14252707,23.595404
6262946508,0.011715974,0.07450641,-5.009452,3.5147662,-1.7843772,-0.13742173,23.595404
6262956474,0.010960745,0.07556962,-5.0090313,3.4995415,-1.8307364,-0.13758597,23.595404
6262966555,0.009902937,0.076291144,-5.0083337,3.4578893,-1.858096,-0.14298883,23.595404
6262976614,0.010473351,0.07511918,-5.008329,3.4767911,-1.8157028,-0.14201674,23.595404
6262986708,0.011075286,0.07443449,-5.009554,3.525244,-1.802518,-0.1385581,23.593586
6262996630,0.010226719,0.07513351,-5.0092545,3.5176733,-1.8473805,-0.13886893,23.593586
6263006659,0.00988429,0.075144716,-5.0080495,3.4892678,-1.8473955,-0.14144953,23.593586
6263016705,0.011327426,0.0738411,-5.008631,3.522981,-1.78599,-0.13954215,23.593586
6263026762,0.012359081,0.07307782,-5.0092564,3.572284,-1.7669411,-0.13356398,23.593586
6263037137,0.011847201,0.07344589,-5.0084634,3.5672553,-1.798948,-0.13399279,23.593586
6263046840,0.011814285,0.073339105,-5.007913,3.5522323,-1.7865924,-0.13716537,23.593586
6263056873,0.013101931,0.07214413,-5.008307,3.5844128,-1.7366016,-0.13404799,23.593586
6263066904,0.013431006,0.0717983,-5.009516,3.6159556,-1.7389873,-0.13127168,23.593586
6263077185,0.012680316,0.07249683,-5.009438,3.5982177,-1.7761712,-0.13415949,23.593586
6263087070,0.012703382,0.07247279,-5.0084357,3.5820966,-1.7659124,-0.13637336,23.591076
6263097049,0.013114103,0.071992904,-5.009193,3.6012013,-1.7450356,-0.1341025,23.591076
6263107095,0.012205708,0.07291621,-5.0097046,3.6011639,-1.7890166,-0.1348321,23.591076
6263117267,0.010345747,0.07442158,-5.0088315,3.5506184,-1.8535931,-0.13929217,23.591076
6263127272,0.009516268,0.0749298,-5.0083904,3.5182705,-1.863521,-0.14471997,23.591076
6263137221,0.009739236,0.074557774,-5.0085964,3.5306187,-1.8504122,-0.14289162,23.591076
6263147500,0.009750837,0.075165495,-5.0097,3.524665,-1.8639376,-0.14282443,23.591076
6263157298,0.009442946,0.07617164,-5.009525,3.4810772,-1.8718038,-0.14660512,23.591076
6263167320,0.009981496,0.07614105,-5.0086775,3.4592843,-1.8442538,-0.1469858,23.591076
6263177486,0.010783839,0.075769246,-5.009686,3.4798987,-1.8187953,-0.14388646,23.591076
6263187576,0.010846324,0.07578095,-5.0100226,3.488562,-1.8236812,-0.14239347,23.590534
6263197521,0.01096549,0.075888686,-5.009605,3.4757147,-1.8207375,-0.14379647,23.590534
6263207544,0.011729922,0.075168505,-5.009496,3.4873052,-1.7913334,-0.14321984,23.590534
6263217579,0.01241053,0.0742857,-5.009895,3.5233243,-1.7693356,-0.14055216,23.590534
6263227654,0.01264821,0.07408536,-5.010363,3.536666,-1.7715936,-0.13832687,23.590534
6263237623,0.012690353,0.07393066,-5.0101123,3.5356548,-1.770229,-0.13853268,23.590534
6263247682,0.012694459,0.073003545,-5.0093637,3.5644104,-1.7650427,-0.13780344,23.590534
6263257769,0.012431726,0.072278544,-5.0099454,3.6046302,-1.7768728,-0.13607356,23.590534
6263267730,0.012179081,0.072268516,-5.0102425,3.613127,-1.791717,-0.13661027,23.590534
6263277845,0.012070186,0.07230126,-5.009774,3.6035736,-1.7864388,-0.1372896,23.590534
6263288002,0.012233655,0.07225299,-5.0100307,3.606105,-1.7798209,-0.13689007,23.58963
6263297942,0.012173623,0.072785184,-5.010387,3.601387,-1.789513,-0.137423,23.58963
6263307876,0.011966094,0.07364552,-5.011193,3.5716903,-1.7955242,-0.1377456,23.58963
6263317952,0.012108933,0.074162945,-5.0112085,3.546889,-1.7888304,-0.1386856,23.58963
6263327947,0.01202007,0.074358664,-5.010809,3.5420673,-1.7905562,-0.13806175,23.58963
6263338152,0.011628988,0.07488149,-5.01134,3.531534,-1.80002,-0.13991596,23.58963
6263348059,0.011598514,0.07568703,-5.0117455,3.5023694,-1.8012645,-0.1407384,23.58963
6263358133,0.011568796,0.076326,-5.011581,3.4781957,-1.8040011,-0.14195114,23.58963
6263368138,0.010877168,0.0769377,-5.0117188,3.4672515,-1.8293687,-0.14244026,23.58963
6263378248,0.010000109,0.07746601,-5.0113206,3.4525259,-1.8627739,-0.14491612,23.58963
6263388341,0.009589169,0.077529415,-5.0110598,3.44347,-1.8714556,-0.14637107,23.586304
6263398264,0.009580375,0.07661432,-5.0105047,3.4643877,-1.862278,-0.14568304,23.586304
6263408334,0.009602813,0.07555041,-5.009611,3.5014653,-1.8630414,-0.14546365,23.586304
6263418365,0.009725465,0.07482432,-5.0098596,3.528554,-1.8614259,-0.14645977,23.586304
6263428414,0.010366737,0.073982164,-5.0100603,3.5519068,-1.8349266,-0.14585033,23.586304
6263438475,0.011294254,0.07321284,-5.0102096,3.5760818,-1.8048854,-0.14180288,23.586304
6263448525,0.011783916,0.07311673,-5.0106936,3.5833201,-1.7948312,-0.13930398,23.586304
6263458494,0.012212445,0.073256,-5.0107136,3.5734737,-1.7830898,-0.13875453,23.586304
6263468559,0.012858365,0.07303863,-5.0108824,3.5739398,-1.7538112,-0.13770269,23.586304
6263478650,0.013315992,0.07282081,-5.011193,3.587685,-1.7388755,-0.13540542,23.586304
6263488769,0.013093805,0.073142454,-5.011251,3.5841203,-1.7543337,-0.13617995,23.583702
6263498687,0.012590437,0.07382975,-5.0118275,3.5635786,-1.7684863,-0.13848628,23.583702
6263508716,0.012523464,0.07393973,-5.012205,3.555765,-1.7637954,-0.139164,23.583702
6263518740,0.012473621,0.074097864,-5.012217,3.5545704,-1.7676036,-0.1371246,23.583702
6263528822,0.011964373,0.07485303,-5.012392,3.5351837,-1.7911899,-0.1383486,23.583702
6263538881,0.01141426,0.0752499,-5.0119996,3.5163255,-1.810018,-0.14111817,23.583702
6263548863,0.011068629,0.07503039,-5.0121465,3.5263774,-1.8158408,-0.14256309,23.583702
6263559175,0.010513084,0.0748697,-5.012064,3.5427089,-1.8320258,-0.14267518,23.583702
6263568988,0.009849669,0.07527402,-5.011535,3.5320175,-1.8594947,-0.14449318,23.583702
6263579073,0.009477381,0.075779475,-5.011836,3.512239,-1.8656489,-0.14726478,23.583702
6263589178,0.009769683,0.07576349,-5.012003,3.5093994,-1.8494455,-0.14661238,23.583244
6263599296,0.010302671,0.07600919,-5.011998,3.5098228,-1.8427064,-0.1455689,23.583244
6263609132,0.010523217,0.076327436,-5.0121055,3.4950519,-1.8424982,-0.14516845,23.583244
6263619172,0.010904876,0.0761481,-5.01194,3.4925601,-1.8242209,-0.14610948,23.583244
6263629279,0.011533133,0.075545974,-5.0124464,3.514106,-1.7990664,-0.14494067,23.583244
6263639326,0.01176576,0.075396165,-5.0126,3.5263596,-1.7942027,-0.14289913,23.583244
6263649272,0.011859077,0.07533558,-5.0120735,3.5205617,-1.796315,-0.14405027,23.583244
6263659464,0.012218862,0.07483017,-5.0125937,3.5264657,-1.7800773,-0.14341922,23.583244
6263669403,0.012636014,0.07425491,-5.013377,3.5469947,-1.7691256,-0.14114904,23.583244
6263679520,0.012434982,0.074252225,-5.013487,3.5512407,-1.7827756,-0.13923496,23.583244
6263689674,0.012003461,0.074267596,-5.0131187,3.5479448,-1.7957417,-0.14260511,23.581768
6263699492,0.011879794,0.07339767,-5.01252,3.5667899,-1.7889154,-0.14156686,23.581768
6263709595,0.011835658,0.0729566,-5.013081,3.5951338,-1.7885048,-0.13999721,23.581768
6263719629,0.011381581,0.07331013,-5.013038,3.5923824,-1.8064967,-0.14009166,23.581768
6263729808,0.011044144,0.07369924,-5.012473,3.5709417,-1.8199477,-0.14139329,23.581768
6263739655,0.011014129,0.07383302,-5.01299,3.564655,-1.8152522,-0.14216225,23.581768
6263749730,0.010972879,0.07424916,-5.0132227,3.5569685,-1.8148006,-0.14067887,23.581768
6263759819,0.010685227,0.075270616,-5.0131545,3.524488,-1.8291408,-0.14167921,23.581768
6263769766,0.010348924,0.075853996,-5.012525,3.496868,-1.8318002,-0.14402021,23.581768
6263779872,0.010557657,0.07554434,-5.0121694,3.5058446,-1.8179967,-0.14409387,23.581768
6263789989,0.010838585,0.0755271,-5.012962,3.5156372,-1.8117529,-0.14137784,23.57795
6263799932,0.010794697,0.07607231,-5.0131307,3.49659,-1.8197726,-0.14231962,23.57795
6263809941,0.010713138,0.07622523,-5.0122905,3.4795215,-1.8206956,-0.14430118,23.57795
6263820031,0.011013252,0.07576493,-5.012891,3.492925,-1.8096685,-0.14401895,23.57795
6263830009,0.01113551,0.07535003,-5.01318,3.507083,-1.8059593,-0.14181675,23.57795
6263840079,0.01095676,0.07542974,-5.0129247,3.5059361,-1.8148468,-0.14300394,23.57795
6263850099,0.010942691,0.07497749,-5.012615,3.5182226,-1.816854,-0.14475752,23.57795
6263860146,0.011311889,0.07382241,-5.0121875,3.5597155,-1.8011743,-0.14386408,23.57795
6263870195,0.011796081,0.07312048,-5.0129523,3.5921206,-1.7847637,-0.14150673,23.57795
6263880334,0.012109489,0.0730625,-5.0131254,3.5930612,-1.7828392,-0.14063635,23.57795
6263890363,0.012025176,0.07289852,-5.012521,3.595058,-1.785978,-0.14138657,23.57785
6263900403,0.011980261,0.07266331,-5.013375,3.607129,-1.7843301,-0.14133804,23.57785
6263910364,0.01193566,0.07307526,-5.0139394,3.601921,-1.7860453,-0.13996957,23.57785
6263920408,0.011770017,0.0739833,-5.0136886,3.5722096,-1.7970006,-0.14059037,23.57785
6263930476,0.011403278,0.07474829,-5.0136437,3.5503361,-1.8052679,-0.14291646,23.57785
6263940609,0.011291165,0.07510146,-5.013397,3.5404384,-1.807428,-0.14387967,23.57785
6263950495,0.011063703,0.075687945,-5.0140815,3.5227249,-1.8100798,-0.14351982,23.57785
6263960656,0.010783119,0.07630935,-5.014133,3.498463,-1.8202907,-0.14508642,23.57785
6263970659,0.010553092,0.07655003,-5.0135756,3.4899063,-1.8309209,-0.14631252,23.57785
6263980761,0.010245453,0.07666436,-5.014088,3.4919872,-1.8340585,-0.14826311,23.57785
6263990795,0.010212173,0.07680627,-5.0143504,3.48601,-1.83506,-0.1482803,23.576128
6264000739,0.010082286,0.07685431,-5.0139174,3.4838173,-1.836667,-0.14886196,23.576128
6264010748,0.010060716,0.07635283,-5.0137587,3.5002813,-1.8348275,-0.14983518,23.576128
6264020776,0.010085957,0.07583564,-5.0138507,3.5212412,-1.8311191,-0.1490683,23.576128
6264030953,0.010093658,0.07574578,-5.0143847,3.526815,-1.8331597,-0.14938597,23.576128
6264040867,0.010115313,0.075430006,-5.014289,3.5289695,-1.8323584,-0.14866476,23.576128
6264050918,0.010348264,0.07473728,-5.0138407,3.54581,-1.8221078,-0.14797682,23.576128
6264060987,0.010723267,0.07442764,-5.014787,3.5610836,-1.8117516,-0.14727792,23.576128
6264071049,0.010977346,0.074381486,-5.015167,3.5585825,-1.8047296,-0.14568384,23.576128
6264081095,0.011328022,0.07432057,-5.0144277,3.5551348,-1.7947428,-0.1444451,23.576128
6264091208,0.011657188,0.0739587,-5.014395,3.563877,-1.7800838,-0.14407665,23.572863
6264101166,0.012260466,0.073716715,-5.0145183,3.572187,-1.7621993,-0.14250346,23.572863
6264111184,0.012801488,0.07384565,-5.0152526,3.5672674,-1.747832,-0.14056054,23.572863
6264121244,0.012754097,0.074155524,-5.015085,3.5613127,-1.7512505,-0.13904509,23.572863
6264131296,0.012508318,0.074189104,-5.0143323,3.5595236,-1.7639734,-0.13931143,23.572863
6264141364,0.012410942,0.0743917,-5.015386,3.5589588,-1.768093,-0.14016052,23.572863
6264151572,0.012308544,0.075023584,-5.0158086,3.5455804,-1.7764995,-0.13914879,23.572863
6264161397,0.011503406,0.07579478,-5.01515,3.524916,-1.8086133,-0.1405126,23.572863
6264171494,0.010572208,0.076117665,-5.0145006,3.5151262,-1.8361008,-0.14475307,23.572863
6264181569,0.010430422,0.075860046,-5.0143867,3.520611,-1.8346897,-0.14545783,23.572863
6264191659,0.010496967,0.07600169,-5.014818,3.5238557,-1.8344511,-0.14479205,23.572659
6264201652,0.009811404,0.076549955,-5.0147767,3.5125787,-1.8631364,-0.14553282,23.572659
6264211609,0.009179655,0.07663642,-5.0139613,3.5046284,-1.8801489,-0.14933456,23.572659
6264221678,0.009663288,0.0761423,-5.0147953,3.5123215,-1.855265,-0.150435,23.572659
6264231693,0.010377777,0.07593939,-5.015812,3.5200388,-1.82859,-0.1478161,23.572659
6264241725,0.010475595,0.076336145,-5.015316,3.5064616,-1.8344511,-0.14754613,23.572659
6264251735,0.010233456,0.07627787,-5.0146027,3.4974315,-1.8402203,-0.15040621,23.572659
6264261804,0.010861345,0.07521511,-5.0143476,3.5211859,-1.8081172,-0.14982288,23.572659
6264271836,0.012019202,0.07441893,-5.0154696,3.5533326,-1.7712944,-0.1454817,23.572659
6264281992,0.01220309,0.074558824,-5.0158334,3.552169,-1.7813139,-0.143302,23.572659
6264292003,0.01166739,0.07464603,-5.0152416,3.5374718,-1.8000857,-0.14540496,23.570103
6264301965,0.012024706,0.07391726,-5.015431,3.5516832,-1.7758362,-0.1451469,23.570103
6264312049,0.012672872,0.07346515,-5.01588,3.572876,-1.7558204,-0.14092714,23.570103
6264322080,0.012252338,0.07405925,-5.015555,3.5625257,-1.7810801,-0.14051469,23.570103
6264332034,0.011417778,0.07440424,-5.014605,3.5438933,-1.807514,-0.14304288,23.570103
6264342184,0.011208494,0.073888645,-5.014251,3.5631332,-1.8021364,-0.14326237,23.570103
6264352150,0.011261963,0.073618285,-5.015091,3.5855913,-1.7966785,-0.14124244,23.570103
6264362218,0.010768211,0.074426696,-5.0151253,3.5670967,-1.8204734,-0.14024515,23.570103
6264372270,0.010147365,0.07524246,-5.0145817,3.5325968,-1.8417302,-0.14363988,23.570103
6264382304,0.010324081,0.07544684,-5.015375,3.524778,-1.826633,-0.14511529,23.570103
6264392501,0.010753891,0.075746946,-5.01597,3.5246782,-1.8105937,-0.14230333,23.567997
6264402355,0.010505117,0.076913185,-5.016056,3.4924076,-1.8314438,-0.14423823,23.567997
6264412390,0.00984137,0.07758366,-5.0157585,3.4624276,-1.8489623,-0.14753257,23.567997
6264422478,0.010175406,0.07693599,-5.0154552,3.4744608,-1.8307503,-0.14777432,23.567997
6264432503,0.010955897,0.07622843,-5.016699,3.5007591,-1.8028454,-0.14508459,23.567997
6264442627,0.011371734,0.07611024,-5.016765,3.5023577,-1.7942871,-0.143381,23.567997
6264452572,0.011581925,0.07557827,-5.0160475,3.5077784,-1.7906004,-0.14339589,23.567997
6264462645,0.011835893,0.07482677,-5.0167236,3.5388033,-1.7786294,-0.14368102,23.567997
6264472690,0.011828453,0.074419536,-5.0170794,3.560438,-1.7775278,-0.14128366,23.567997
6264482824,0.011330753,0.07445594,-5.0164375,3.5589366,-1.7998427,-0.14174539,23.567997
6264492874,0.010868032,0.07401952,-5.015792,3.569845,-1.8132265,-0.14392595,23.567144
6264502838,0.010966763,0.07313956,-5.0154834,3.603113,-1.8052943,-0.14210396,23.567144
6264512829,0.011168228,0.07302207,-5.016002,3.6119153,-1.8026814,-0.14116329,23.567144
6264522915,0.010941514,0.07357874,-5.0156803,3.5930164,-1.8160231,-0.14197779,23.567144
6264532884,0.010621349,0.07372058,-5.0148497,3.589306,-1.8269079,-0.1445791,23.567144
6264542943,0.010703716,0.07381937,-5.015754,3.5914528,-1.8247812,-0.14499341,23.567144
6264552966,0.011059974,0.07477934,-5.016611,3.5637603,-1.8187851,-0.14461313,23.567144
6264563044,0.01125532,0.0757506,-5.016806,3.5204298,-1.8125979,-0.14501324,23.567144
6264573072,0.011365733,0.07632691,-5.017025,3.5002658,-1.806184,-0.14636722,23.567144
6264583135,0.011572308,0.076538585,-5.017165,3.4963546,-1.7953683,-0.14615223,23.567144
6264593305,0.011752046,0.076952815,-5.017574,3.4820664,-1.7880743,-0.14656925,23.564018
6264603173,0.011563533,0.07719179,-5.017339,3.4680202,-1.7921011,-0.14832999,23.564018
6264613257,0.011324185,0.07708407,-5.0166903,3.4748545,-1.805278,-0.14850603,23.564018
6264623282,0.010841583,0.07682852,-5.0171604,3.4859009,-1.8163875,-0.15005428,23.564018
6264633324,0.01051294,0.07663366,-5.0168185,3.489051,-1.8242985,-0.15054496,23.564018
6264643493,0.010248665,0.07604958,-5.0161405,3.5061467,-1.8317438,-0.15130521,23.564018
6264653443,0.00994597,0.075058654,-5.0161185,3.5426872,-1.837239,-0.15178694,23.564018
6264663480,0.010015229,0.07438338,-5.015887,3.5708787,-1.8408893,-0.15160663,23.564018
6264674460,0.010064494,0.073862135,-5.0153203,3.5834606,-1.8427398,-0.15184571,23.564018
6264683580,0.010402544,0.07306255,-5.014646,3.6029289,-1.8334974,-0.15054391,23.564018
6264693802,0.011126238,0.072362475,-5.0145855,3.625515,-1.807561,-0.14761202,23.56215
6264703621,0.011903424,0.072658665,-5.0163455,3.6200826,-1.7850977,-0.1446192,23.56215
6264713629,0.012271673,0.073328346,-5.0167985,3.5911634,-1.7771466,-0.14363688,23.56215
6264723697,0.012590575,0.07376211,-5.016739,3.574959,-1.7652637,-0.14383933,23.56215
6264733718,0.013121869,0.07393784,-5.0177283,3.5673094,-1.7470552,-0.14214821,23.56215
6264743751,0.013234386,0.07494367,-5.0181956,3.537804,-1.748583,-0.14047875,23.56215
6264753780,0.012559524,0.07608316,-5.01756,3.5032268,-1.771204,-0.14215489,23.56215
6264763821,0.011922377,0.07598154,-5.016565,3.500953,-1.7810149,-0.14468803,23.56215
6264773889,0.011961287,0.07562908,-5.0166726,3.5173848,-1.7744097,-0.14373828,23.56215
6264783947,0.011531481,0.07635606,-5.018176,3.5077565,-1.7902077,-0.14441973,23.56215
6264794065,0.010321606,0.07737519,-5.0181246,3.4792082,-1.8393537,-0.14856367,23.561472
6264804012,0.00913693,0.07722368,-5.0169897,3.4827697,-1.8666462,-0.1517865,23.561472
6264814098,0.00900847,0.07617001,-5.0171967,3.519475,-1.8551129,-0.15128106,23.561472
6264824174,0.009173405,0.07579106,-5.017305,3.537918,-1.8539277,-0.14869887,23.561472
6264834120,0.008644548,0.07606613,-5.0165467,3.5328956,-1.8753463,-0.15090644,23.561472
6264844159,0.008496931,0.075275086,-5.015492,3.5485523,-1.8685108,-0.15277274,23.561472
6264854327,0.009694793,0.07436622,-5.016127,3.5752513,-1.8284221,-0.14913368,23.561472
6264864264,0.010606057,0.07481659,-5.017743,3.5625327,-1.8102452,-0.14592622,23.561472
6264874327,0.010548402,0.075796336,-5.0177946,3.5283477,-1.8233454,-0.14686461,23.561472
6264884405,0.010866269,0.07541058,-5.017039,3.5261145,-1.807279,-0.14798728,23.561472
6264894475,0.012176372,0.074569,-5.017693,3.5510097,-1.7564424,-0.14387359,23.559938
6264904478,0.013118293,0.07452448,-5.018102,3.5538712,-1.7405152,-0.14066058,23.559938
6264914488,0.012616898,0.07507897,-5.0176563,3.5395792,-1.7646737,-0.14324242,23.559938
6264924540,0.012234257,0.07458128,-5.0170217,3.5521202,-1.7702093,-0.14485261,23.559938
6264934553,0.012660023,0.073995925,-5.0172796,3.5760968,-1.7532477,-0.14186862,23.559938
6264944558,0.012646293,0.074589394,-5.018757,3.5666482,-1.7676343,-0.14156891,23.559938
6264954630,0.011564374,0.07547831,-5.018478,3.5421276,-1.8055003,-0.14542106,23.559938
6264964728,0.010947126,0.075314984,-5.017694,3.5449095,-1.8164026,-0.14757377,23.559938
6264974705,0.01101026,0.07502463,-5.017783,3.5609415,-1.8100388,-0.14679803,23.559938
6264984906,0.010480938,0.07552435,-5.0178165,3.5541785,-1.8322115,-0.14733846,23.559938
6264994899,0.009523172,0.07590185,-5.017534,3.538214,-1.8664143,-0.1514384,23.556995
6265004843,0.009358291,0.075722925,-5.0170846,3.5418198,-1.8635387,-0.15363781,23.556995
6265014949,0.010008389,0.07569518,-5.017487,3.5417686,-1.8390092,-0.15186916,23.556995
6265024919,0.010349897,0.07680277,-5.018385,3.5102224,-1.8384227,-0.15178528,23.556995
6265034982,0.010145247,0.07750735,-5.01812,3.4754763,-1.8507587,-0.1547503,23.556995
6265045001,0.010234972,0.07722052,-5.017468,3.4773636,-1.8356016,-0.15481418,23.556995
6265055077,0.010944897,0.07658748,-5.017608,3.4968283,-1.8117862,-0.152933,23.556995
6265065263,0.01102857,0.07640517,-5.017632,3.5065987,-1.811219,-0.15094623,23.556995
6265075262,0.010941655,0.076076925,-5.017522,3.5119686,-1.8148441,-0.15244876,23.556995
6265085168,0.011569081,0.07530626,-5.0173755,3.5310462,-1.789297,-0.15088171,23.556995
6265095312,0.012391456,0.07484962,-5.017603,3.5480855,-1.7609273,-0.14735346,23.556034
6265105369,0.012319105,0.074963555,-5.018264,3.5457377,-1.7676549,-0.145862,23.556034
6265115329,0.011796432,0.074889265,-5.0179377,3.546892,-1.7922417,-0.1464577,23.556034
6265125308,0.011545884,0.0741004,-5.0172977,3.5716798,-1.7921196,-0.1465205,23.556034
6265135362,0.011704935,0.07362414,-5.017739,3.5996597,-1.785205,-0.14565766,23.556034
6265145381,0.011220929,0.0738711,-5.017744,3.6018305,-1.8085265,-0.14612183,23.556034
6265155499,0.010361556,0.07411672,-5.017776,3.5919685,-1.832541,-0.1492428,23.556034
6265165519,0.010590747,0.073907375,-5.0177426,3.5930598,-1.8202366,-0.14980201,23.556034
6265175654,0.011107115,0.074184194,-5.0182,3.587055,-1.8075088,-0.14688998,23.556034
6265185667,0.010568006,0.0755813,-5.01916,3.547577,-1.8328618,-0.14820205,23.556034
6265195758,0.009786732,0.07669889,-5.0185995,3.5015287,-1.8556523,-0.15102926,23.55501
6265205752,0.010176006,0.07658893,-5.018021,3.4910817,-1.8356271,-0.15214302,23.55501
6265215721,0.010944149,0.07662661,-5.0182314,3.4998984,-1.8104271,-0.14949717,23.55501
6265225834,0.010916826,0.077087566,-5.0186324,3.4863625,-1.8196621,-0.14987953,23.55501
6265235741,0.010824221,0.077232935,-5.018715,3.4723198,-1.8198366,-0.15129444,23.55501
6265245859,0.011612967,0.076453395,-5.018931,3.4889183,-1.7829654,-0.14967252,23.55501
6265255879,0.012380676,0.076039664,-5.018935,3.5100555,-1.7665983,-0.14497995,23.55501
6265265869,0.011967985,0.07650352,-5.0192385,3.503209,-1.7935468,-0.14617077,23.55501
6265275912,0.011396556,0.07628823,-5.0184374,3.5037928,-1.8013241,-0.14839256,23.55501
6265285996,0.011693168,0.07494225,-5.017567,3.5448241,-1.7819277,-0.14711066,23.55501
6265296119,0.011684661,0.07411733,-5.0180664,3.5914414,-1.7880089,-0.14558554,23.552181
6265306046,0.010713702,0.07424184,-5.017774,3.5962803,-1.8261565,-0.14801669,23.552181
6265316070,0.010112673,0.074125476,-5.0180955,3.5895872,-1.8367642,-0.15130943,23.552181
6265326153,0.010569371,0.07362731,-5.018356,3.602294,-1.8125348,-0.1499297,23.552181
6265336191,0.01092325,0.07373885,-5.018225,3.603447,-1.8093114,-0.14728719,23.552181
6265346201,0.010544017,0.07476601,-5.0183625,3.5713203,-1.8306937,-0.14844052,23.552181
6265356389,0.010597329,0.07506589,-5.0179653,3.5441964,-1.8178216,-0.1510327,23.552181
6265366314,0.011496802,0.074717104,-5.0181384,3.549428,-1.7802299,-0.14760065,23.552181
6265376327,0.011825899,0.07539842,-5.018982,3.54277,-1.7866411,-0.14523369,23.552181
6265386494,0.011262782,0.07652799,-5.0189867,3.5055125,-1.8154129,-0.14760782,23.552181
6265396575,0.011243285,0.07673945,-5.018991,3.4841394,-1.8058187,-0.14853542,23.550514
6265406497,0.011931867,0.07622116,-5.0193233,3.49928,-1.7774643,-0.14513835,23.550514
6265416489,0.012008362,0.076460645,-5.0190344,3.5028682,-1.7883425,-0.14260092,23.550514
6265426571,0.011084145,0.077084765,-5.018833,3.4870093,-1.8232278,-0.14566281,23.550514
6265436627,0.010361159,0.07683746,-5.01825,3.491441,-1.836806,-0.14766012,23.550514
6265446658,0.010500075,0.075836346,-5.0178056,3.5277586,-1.8313278,-0.1468943,23.550514
6265456674,0.010243896,0.07561568,-5.018157,3.5513942,-1.8442531,-0.14512311,23.550514
6265466765,0.009445618,0.076135494,-5.01793,3.5383403,-1.8742992,-0.1482835,23.550514
6265476786,0.009291185,0.07586787,-5.0179596,3.5332582,-1.8695176,-0.15216506,23.550514
6265486828,0.010201523,0.07485747,-5.0180674,3.561663,-1.8296646,-0.14954393,23.550514
6265496933,0.011107893,0.074713685,-5.018185,3.5739274,-1.8138481,-0.14678833,23.551126
6265506884,0.011157373,0.075573504,-5.0188627,3.5422938,-1.8216723,-0.14741778,23.551126
6265516948,0.011519293,0.07568244,-5.018957,3.5209894,-1.8018652,-0.14899826,23.551126
6265526969,0.01257465,0.075187325,-5.0189605,3.5344281,-1.7652038,-0.14614321,23.551126
6265536978,0.013203407,0.07516553,-5.0194845,3.5381007,-1.7550324,-0.14383061,23.551126
6265547085,0.012815862,0.07582439,-5.0194407,3.5149791,-1.7681413,-0.14504051,23.551126
6265557082,0.01249537,0.07591382,-5.019738,3.5071657,-1.7722089,-0.14803956,23.551126
6265567072,0.012568608,0.07524764,-5.0195107,3.5312302,-1.7691216,-0.14744686,23.551126
6265577138,0.01217441,0.074975796,-5.018781,3.5511212,-1.7830404,-0.14545426,23.551126
6265587255,0.011163475,0.07544162,-5.019259,3.5419023,-1.8203465,-0.14782557,23.551126
6265597373,0.01018316,0.07556798,-5.018752,3.5347257,-1.8434309,-0.15073942,23.549301
6265607373,0.009940906,0.07508031,-5.0183716,3.5543272,-1.8435805,-0.15121144,23.549301
6265617339,0.009788476,0.07503578,-5.0186267,3.5699477,-1.8535038,-0.15092134,23.549301
6265627645,0.009263499,0.07533439,-5.0186896,3.5569878,-1.8706847,-0.1522541,23.549301
6265637577,0.009171451,0.0755189,-5.018814,3.5497694,-1.8691812,-0.1545652,23.549301
6265647484,0.009562335,0.07538106,-5.018866,3.555829,-1.8563048,-0.15268627,23.549301
6265657491,0.010113713,0.075579405,-5.0186877,3.5429468,-1.8451587,-0.15096371,23.549301
6265667547,0.010710685,0.076133065,-5.0196724,3.5166817,-1.8223735,-0.15093596,23.549301
6265677574,0.011616296,0.07624124,-5.019943,3.5029817,-1.7935798,-0.14946364,23.549301
6265687681,0.012243645,0.07616853,-5.019753,3.5050838,-1.775713,-0.14798892,23.549301
6265697769,0.012606968,0.07612245,-5.020372,3.507107,-1.7686794,-0.14666982,23.546947
6265707787,0.01274333,0.07601447,-5.0204473,3.5084558,-1.7658757,-0.14690761,23.546947
6265717869,0.012468222,0.07568983,-5.020231,3.5218837,-1.7716008,-0.14682955,23.546947
6265727981,0.012104576,0.07518242,-5.0198655,3.544088,-1.7848573,-0.14678358,23.546947
6265737855,0.011829961,0.074878104,-5.019472,3.555107,-1.7899979,-0.14597547,23.546947
6265747826,0.011748477,0.07477329,-5.019946,3.5565963,-1.7908702,-0.14830428,23.546947
6265757877,0.011353206,0.074576795,-5.019727,3.5698025,-1.8090898,-0.14879961,23.546947
6265767941,0.010513411,0.0743145,-5.0188513,3.585637,-1.8366196,-0.15026176,23.546947
6265778006,0.009990945,0.074309565,-5.019524,3.587986,-1.8488693,-0.15210968,23.546947
6265788084,0.010051278,0.074436076,-5.020019,3.5802011,-1.8392241,-0.15170278,23.546947
6265798202,0.010136371,0.07455711,-5.019973,3.5728133,-1.8328031,-0.15194036,23.543737
6265808136,0.010290919,0.07489354,-5.019431,3.5629687,-1.832367,-0.15150326,23.543737
6265818132,0.010795455,0.07528011,-5.019561,3.5392644,-1.8147986,-0.15154956,23.543737
6265828197,0.011505559,0.075846374,-5.0202856,3.51341,-1.7905374,-0.1511061,23.543737
6265838315,0.011653662,0.07615979,-5.0203943,3.5046492,-1.7892528,-0.1521598,23.543737
6265848365,0.011406629,0.07636343,-5.0198045,3.50146,-1.7997134,-0.15176801,23.543737
6265858311,0.011322013,0.07666319,-5.0201187,3.4916239,-1.7960547,-0.15169553,23.543737
6265868306,0.011429013,0.07683449,-5.020649,3.4859862,-1.7912025,-0.15209126,23.543737
6265878402,0.011128645,0.076846026,-5.0204077,3.4940748,-1.8034177,-0.15252051,23.543737
6265888690,0.010708708,0.07653863,-5.019575,3.508593,-1.8214636,-0.15371881,23.543737
6265898558,0.010796662,0.07620753,-5.0194626,3.5177162,-1.8218733,-0.15412387,23.541882
6265908697,0.010765309,0.07587162,-5.0201902,3.5253692,-1.8169799,-0.15426496,23.541882
6265918559,0.010554512,0.07537785,-5.019744,3.5471532,-1.8286375,-0.15320998,23.541882
6265928578,0.010275942,0.074872434,-5.0192156,3.5685587,-1.8394794,-0.15363404,23.541882
6265938704,0.010409786,0.07483865,-5.0195155,3.5690644,-1.835221,-0.15108943,23.541882
6265948671,0.010569665,0.07492983,-5.019767,3.5618222,-1.8302852,-0.15024355,23.541882
6265958814,0.010492901,0.07517779,-5.0200715,3.557751,-1.8326507,-0.15048796,23.541882
6265968731,0.010797921,0.07542494,-5.020042,3.541782,-1.8209488,-0.14941612,23.541882
6265978829,0.011641128,0.07577695,-5.0198784,3.5134468,-1.7948462,-0.14803787,23.541882
6265989002,0.011810532,0.07623383,-5.020374,3.4988987,-1.790847,-0.14886925,23.541882
6265999000,0.01121845,0.07611842,-5.0197997,3.5105028,-1.8080841,-0.14985475,23.540855
6266008933,0.011340846,0.0756921,-5.0192204,3.5285804,-1.801358,-0.15040022,23.540855
6266018961,0.011664514,0.07568906,-5.01962,3.5288818,-1.7889698,-0.14935102,23.540855
6266029011,0.011193221,0.075904,-5.0200915,3.5211656,-1.8072157,-0.14949869,23.540855
6266039065,0.010579608,0.0758581,-5.0202374,3.5253773,-1.8220378,-0.1533869,23.540855
6266049089,0.011035154,0.0753199,-5.020418,3.5387855,-1.8050718,-0.15344691,23.540855
6266059133,0.011371195,0.075061746,-5.0202203,3.5443606,-1.795913,-0.15184155,23.540855
6266069152,0.010969099,0.07501884,-5.020184,3.549612,-1.818954,-0.15385547,23.540855
6266079197,0.010766435,0.07440348,-5.01987,3.574943,-1.8195721,-0.15439226,23.540855
6266089292,0.011610998,0.07378982,-5.0200562,3.5916378,-1.790908,-0.15108117,23.540855
6266099400,0.011948388,0.07458442,-5.02077,3.5708869,-1.7936404,-0.14855035,23.539474
6266109408,0.011050542,0.075502925,-5.0210342,3.5372672,-1.8261169,-0.15104394,23.539474
6266119390,0.011042811,0.075486295,-5.021316,3.5329242,-1.8196627,-0.15332973,23.539474
6266129519,0.011891994,0.07511653,-5.0209913,3.5469446,-1.784195,-0.1505509,23.539474
6266139507,0.012093682,0.07547729,-5.02057,3.5379155,-1.7920077,-0.14778222,23.539474
6266149477,0.01140797,0.07608645,-5.0207534,3.5181813,-1.8145367,-0.1498624,23.539474
6266159647,0.011553052,0.07563986,-5.020414,3.5263422,-1.8001201,-0.14951095,23.539474
6266169627,0.01180172,0.07520913,-5.02021,3.5486355,-1.788406,-0.14613451,23.539474
6266179606,0.010983123,0.07601482,-5.0207567,3.5347953,-1.826817,-0.14705999,23.539474
6266189705,0.010028492,0.076502554,-5.0203457,3.5097287,-1.8486546,-0.1515192,23.539474
6266199791,0.010336525,0.07563747,-5.0205054,3.5291123,-1.8167495,-0.15149805,23.537476
6266209779,0.010644073,0.07513846,-5.0199533,3.562215,-1.8141755,-0.14719982,23.537476
6266219788,0.00962315,0.075588666,-5.019342,3.5549228,-1.8573835,-0.14946343,23.537476
6266229853,0.009328431,0.07590304,-5.0197477,3.5381627,-1.8611065,-0.1534018,23.537476
6266239812,0.010201267,0.075478815,-5.0203514,3.5484648,-1.8247546,-0.15094028,23.537476
6266249910,0.010605013,0.07561025,-5.020207,3.5496933,-1.8236179,-0.14899336,23.537476
6266259980,0.010508299,0.07634801,-5.0205092,3.5206916,-1.8281088,-0.15120083,23.537476
6266270015,0.011375631,0.07627164,-5.0209427,3.5014522,-1.7888578,-0.15120028,23.537476
6266280022,0.012250318,0.0757543,-5.0211554,3.5179057,-1.7591771,-0.14884804,23.537476
6266290287,0.011905703,0.07565412,-5.0208244,3.5363963,-1.7847174,-0.14735384,23.537476
6266300244,0.011201272,0.07590779,-5.0197687,3.5269332,-1.814108,-0.14994593,23.536264
6266310172,0.011372286,0.07578052,-5.020642,3.5217094,-1.7969167,-0.15232192,23.536264
6266320371,0.011868879,0.07544661,-5.0211077,3.5381677,-1.7808497,-0.14891106,23.536264
6266330287,0.011365081,0.07570991,-5.0209045,3.5374706,-1.8068173,-0.14807765,23.536264
6266340390,0.010708193,0.07581417,-5.0205216,3.5228562,-1.8179071,-0.15118001,23.536264
6266350306,0.011022359,0.07519805,-5.020675,3.5375938,-1.7979809,-0.15028948,23.536264
6266360365,0.010858728,0.074973784,-5.020903,3.563358,-1.8116273,-0.14840436,23.536264
6266370366,0.009998939,0.07550297,-5.0204096,3.5600538,-1.8516325,-0.150209,23.536264
6266380495,0.009750173,0.07557278,-5.019662,3.5463862,-1.850451,-0.15132278,23.536264
6266390514,0.010308759,0.07542467,-5.0206475,3.5469232,-1.8273604,-0.15031306,23.536264
6266400633,0.010545737,0.075528875,-5.0213118,3.5425193,-1.8285936,-0.14899696,23.534052
6266410712,0.010517447,0.076040596,-5.0210586,3.5209913,-1.831659,-0.14943354,23.534052
6266420558,0.010931981,0.07627931,-5.0211506,3.5007515,-1.816436,-0.14986499,23.534052
6266430744,0.011317714,0.076177984,-5.0210476,3.5045788,-1.8037052,-0.14874475,23.534052
6266440663,0.011461793,0.07615311,-5.021321,3.517008,-1.8075294,-0.1490034,23.534052
6266450748,0.011285975,0.07628985,-5.021043,3.5155146,-1.8109671,-0.14891838,23.534052
6266460799,0.011276647,0.07619211,-5.020526,3.5129278,-1.8119285,-0.14937772,23.534052
6266470825,0.010965743,0.075841546,-5.0209174,3.527858,-1.8176801,-0.14995578,23.534052
6266480837,0.010953783,0.0754049,-5.021041,3.5442886,-1.8225483,-0.15076326,23.534052
6266490946,0.011067801,0.07540227,-5.0207214,3.5490406,-1.8160238,-0.1508171,23.534052
6266501028,0.011185573,0.075362876,-5.020778,3.5552454,-1.8131863,-0.15109073,23.532312
6266511002,0.010968741,0.07498735,-5.0203214,3.5702581,-1.8222374,-0.15114841,23.532312
6266521004,0.010938457,0.07466864,-5.0205345,3.583241,-1.818205,-0.1517679,23.532312
6266531139,0.011420456,0.07447512,-5.0208087,3.5832524,-1.8004944,-0.15099266,23.532312
6266541077,0.01145015,0.07482581,-5.0207567,3.5725844,-1.8015833,-0.14936571,23.532312
6266551136,0.01118793,0.075447746,-5.0213323,3.5548506,-1.8184702,-0.15209635,23.532312
6266561222,0.01112681,0.07569424,-5.021566,3.5388443,-1.8115053,-0.15246768,23.532312
6266571199,0.011551356,0.07606459,-5.021487,3.5246456,-1.7976949,-0.15204047,23.532312
6266581235,0.011357631,0.07644872,-5.021546,3.515942,-1.8081262,-0.1521521,23.532312
6266591387,0.011099689,0.0762932,-5.0213017,3.5188384,-1.8187996,-0.1530506,23.532312
6266601494,0.01131373,0.07602824,-5.0217576,3.5260265,-1.8044639,-0.15230918,23.528372
6266611437,0.011566295,0.07603545,-5.022088,3.5293026,-1.7970774,-0.15085848,23.528372
6266621521,0.011101188,0.076216154,-5.0216274,3.5299122,-1.8219593,-0.15074638,23.528372
6266631492,0.01024052,0.07632413,-5.021705,3.5314136,-1.8478383,-0.15183158,23.528372
6266641689,0.010196667,0.07606302,-5.0217247,3.5370698,-1.842141,-0.15261953,23.528372
6266651595,0.010616483,0.075619206,-5.021267,3.5483377,-1.8259751,-0.15056685,23.528372
6266661634,0.010779389,0.075533725,-5.0207434,3.555636,-1.8267436,-0.14964686,23.528372
6266671662,0.010801855,0.07548119,-5.020575,3.556667,-1.8227295,-0.15098177,23.528372
6266681832,0.01146921,0.075271375,-5.0211296,3.556165,-1.7952366,-0.14907853,23.528372
6266691826,0.011979089,0.07534376,-5.021456,3.5514266,-1.7811278,-0.14643608,23.528372
6266701833,0.011832572,0.07559178,-5.021323,3.5431767,-1.7923207,-0.14754492,23.527332
6266711778,0.0118425,0.0755193,-5.021553,3.5381274,-1.7909229,-0.14867008,23.527332
6266721820,0.01220232,0.07532533,-5.021334,3.5397403,-1.7696997,-0.14733477,23.527332
6266731825,0.012258411,0.07536237,-5.0210056,3.5395434,-1.7696471,-0.14696664,23.527332
6266741926,0.011773621,0.07547487,-5.0206223,3.5372632,-1.7900968,-0.14843212,23.527332
6266751923,0.011279334,0.075036734,-5.020021,3.5461175,-1.7968841,-0.14943407,23.527332
6266761958,0.011020498,0.074599214,-5.0208235,3.5649078,-1.7983431,-0.14878923,23.527332
6266772141,0.010681031,0.0746439,-5.0214157,3.5708375,-1.8161118,-0.1470757,23.527332
6266782122,0.009997386,0.07495393,-5.020881,3.563101,-1.8412571,-0.14837274,23.527332
6266792145,0.009606116,0.0751925,-5.021126,3.5589416,-1.8500143,-0.15121901,23.527332
6266802707,0.009480528,0.07549439,-5.020776,3.5540648,-1.8505821,-0.15104327,23.527264
6266812177,0.009195182,0.07623338,-5.020473,3.5325632,-1.8593618,-0.15152387,23.527264
6266822229,0.009060591,0.07694473,-5.0207496,3.5055623,-1.8647964,-0.15265284,23.527264
6266832275,0.009501551,0.07693101,-5.020618,3.49768,-1.8484448,-0.15290768,23.527264
6266842320,0.01041095,0.0767311,-5.021357,3.5044682,-1.8205653,-0.15144214,23.527264
6266852409,0.011231154,0.07708647,-5.022105,3.4960835,-1.8030541,-0.14973915,23.527264
6266862459,0.011653964,0.077321835,-5.0217433,3.4770977,-1.7959424,-0.14873803,23.527264
6266872511,0.011770833,0.07708037,-5.0219765,3.4823956,-1.7933416,-0.15062958,23.527264
6266882504,0.011918702,0.07674724,-5.0218997,3.5006595,-1.7884494,-0.14893103,23.527264
6266892628,0.012058555,0.07658795,-5.021146,3.5022433,-1.7887425,-0.14781679,23.527264
6266902705,0.011904202,0.07637347,-5.021127,3.5074499,-1.7954836,-0.1480534,23.525679
6266912673,0.01176909,0.07543781,-5.020881,3.5385158,-1.8000414,-0.14911449,23.525679
6266922721,0.011578985,0.074718304,-5.021325,3.5703616,-1.8022387,-0.1486179,23.525679
6266932663,0.011357037,0.07459595,-5.021323,3.577539,-1.8125603,-0.14846611,23.525679
6266942694,0.010821832,0.07441384,-5.0204887,3.5816078,-1.8312157,-0.15022255,23.525679
6266952759,0.01051366,0.07395585,-5.0210085,3.6009603,-1.834653,-0.15104349,23.525679
6266962832,0.010899422,0.073827416,-5.0212803,3.6098852,-1.8180922,-0.15010312,23.525679
6266972885,0.0112928,0.07443316,-5.0209556,3.5871096,-1.8049359,-0.14924838,23.525679
6266982847,0.011227763,0.07492456,-5.020829,3.5614214,-1.8111836,-0.15215093,23.525679
6266992951,0.011204913,0.07498853,-5.021265,3.5597332,-1.8057045,-0.15364547,23.525679
6267003077,0.011779045,0.0752305,-5.022007,3.5535455,-1.7871124,-0.15297243,23.521801
6267012994,0.011912871,0.07629749,-5.0224276,3.5206609,-1.7875671,-0.15227157,23.521801
6267023079,0.011599582,0.07692166,-5.021648,3.493879,-1.8029714,-0.15365891,23.521801
6267033054,0.011605732,0.0765855,-5.021966,3.505428,-1.7919809,-0.15406139,23.521801
6267043120,0.01198175,0.076513976,-5.022036,3.5115564,-1.7807847,-0.15038365,23.521801
6267053212,0.011321192,0.07715337,-5.0212297,3.4918232,-1.8126302,-0.15253846,23.521801
6267063245,0.010378243,0.07719211,-5.0203214,3.4916961,-1.840447,-0.15563281,23.521801
6267073230,0.010494594,0.07606962,-5.0196214,3.52566,-1.8260322,-0.15513614,23.521801
6267083289,0.010890678,0.07541596,-5.021336,3.5610232,-1.8148025,-0.15183476,23.521801
6267093399,0.010657218,0.07545032,-5.022376,3.564357,-1.8265151,-0.15201075,23.521801
6267103550,0.010108268,0.07536623,-5.021012,3.5603967,-1.8411673,-0.15205736,23.521696
6267113408,0.009769847,0.075051755,-5.02064,3.5762374,-1.8495365,-0.15253766,23.521696
6267123482,0.010214561,0.07483145,-5.0208616,3.582443,-1.8332082,-0.15243572,23.521696
6267133554,0.011072574,0.07490506,-5.020581,3.5661077,-1.800672,-0.15014543,23.521696
6267143793,0.011341253,0.07495849,-5.02032,3.5605326,-1.7956643,-0.15113682,23.521696
6267153634,0.011344478,0.07470111,-5.020037,3.5694516,-1.7964518,-0.15118729,23.521696
6267163695,0.011885184,0.07462138,-5.0214167,3.569869,-1.7742804,-0.14990251,23.521696
6267173660,0.012113943,0.075591065,-5.0228558,3.5429754,-1.7767408,-0.14774472,23.521696
6267183655,0.011235869,0.07689738,-5.021799,3.4973738,-1.8082875,-0.15045588,23.521696
6267193785,0.010556685,0.07724375,-5.020432,3.4758236,-1.819571,-0.15326789,23.521696
6267204031,0.011356487,0.07623778,-5.0208364,3.5014608,-1.7818577,-0.15236332,23.520952
6267213824,0.012425277,0.075421326,-5.021955,3.530217,-1.7490859,-0.14747664,23.520952
6267223925,0.011493753,0.07595478,-5.021492,3.5298324,-1.7982988,-0.148163,23.520952
6267233860,0.009406836,0.07620266,-5.019939,3.5262442,-1.869696,-0.15518758,23.520952
6267243951,0.009571554,0.07521474,-5.0210667,3.5515296,-1.8370035,-0.15694532,23.520952
6267253982,0.011107392,0.07498904,-5.023172,3.5687263,-1.7871275,-0.15016255,23.520952
6267264067,0.010191949,0.07661369,-5.0225606,3.5278418,-1.8492765,-0.15059955,23.520952
6267274147,0.008542716,0.07692843,-5.0211353,3.5033824,-1.8915023,-0.15998551,23.520952
6267284099,0.009917868,0.07518503,-5.0203404,3.546109,-1.8242143,-0.15690365,23.520952
6267294198,0.011623472,0.07473213,-5.021094,3.5748234,-1.7864492,-0.14882031,23.520952
6267304336,0.010685683,0.07625098,-5.02154,3.5357985,-1.8390933,-0.15025872,23.519716
6267314228,0.010096245,0.07632846,-5.0205154,3.5110826,-1.843491,-0.15552713,23.519716
6267324421,0.011858759,0.074728474,-5.0212674,3.5513449,-1.7688248,-0.1509357,23.519716
6267334338,0.013076994,0.074887425,-5.0230927,3.5711029,-1.7512155,-0.14406304,23.519716
6267344311,0.011946646,0.07660031,-5.0225163,3.5175526,-1.8130065,-0.14665683,23.519716
6267354387,0.011199237,0.07668048,-5.0216165,3.489249,-1.8168658,-0.15311244,23.519716
6267364477,0.012404705,0.07493982,-5.0218244,3.5412939,-1.759119,-0.14900665,23.519716
6267374475,0.012622096,0.07489017,-5.0219297,3.5707898,-1.7710973,-0.1438584,23.519716
6267384506,0.011036214,0.07608909,-5.0212693,3.538699,-1.8372598,-0.14810207,23.519716
6267394617,0.010367503,0.07560878,-5.020686,3.5400596,-1.8414208,-0.15161787,23.519716
6267404813,0.011101148,0.07485301,-5.0214767,3.572488,-1.815042,-0.14890525,23.515991
6267414711,0.010867102,0.075795814,-5.02118,3.5559735,-1.843629,-0.14766873,23.515991
6267424712,0.010005834,0.07641977,-5.020446,3.5186126,-1.8642211,-0.15287966,23.515991
6267434843,0.010775552,0.07555323,-5.021036,3.5343928,-1.8171965,-0.15214168,23.515991
6267444811,0.011547523,0.07536704,-5.021578,3.5601554,-1.8011186,-0.14703433,23.515991
6267454804,0.010380112,0.07668981,-5.0205755,3.5263827,-1.8588854,-0.1486551,23.515991
6267464851,0.009871089,0.076884165,-5.019542,3.4954696,-1.8580673,-0.15610602,23.515991
6267474993,0.011809983,0.075288884,-5.020273,3.5315359,-1.7719855,-0.15051416,23.515991
6267484957,0.012786096,0.07529381,-5.0222263,3.5527136,-1.7539608,-0.14459208,23.515991
6267494998,0.011209024,0.076855026,-5.0217075,3.5033891,-1.8251954,-0.15015647,23.515991
6267505065,0.010353426,0.07649804,-5.0195894,3.4876769,-1.8336065,-0.15548122,23.514471
6267515067,0.011618597,0.07460483,-5.020359,3.5512633,-1.7715249,-0.15190369,23.514471
6267525138,0.012350458,0.07467157,-5.021887,3.5762563,-1.7705394,-0.14573048,23.514471
6267535153,0.011205227,0.07615513,-5.021297,3.5198824,-1.8236965,-0.1511604,23.514471
6267545137,0.010765005,0.07562706,-5.0202975,3.5071805,-1.8157278,-0.15550007,23.514471
6267555282,0.011944802,0.073693044,-5.0207133,3.5765662,-1.7681206,-0.15022805,23.514471
6267565270,0.011812272,0.074237555,-5.0219646,3.595832,-1.7942593,-0.1459206,23.514471
6267575277,0.010082031,0.07609274,-5.0212555,3.529136,-1.864876,-0.1518374,23.514471
6267585333,0.009831497,0.07551396,-5.0195174,3.5153048,-1.8501973,-0.15784067,23.514471
6267595396,0.01160093,0.07373407,-5.0206437,3.5840516,-1.7776041,-0.15245746,23.514471
6267605660,0.012134591,0.07447809,-5.021955,3.5919247,-1.7827562,-0.1473184,23.514704
6267615541,0.010684272,0.076761164,-5.02186,3.5114448,-1.8460234,-0.15348278,23.514704
6267625622,0.010125718,0.076759554,-5.021206,3.4867601,-1.8436407,-0.16048497,23.514704
6267635581,0.011092588,0.075503245,-5.021747,3.5382204,-1.7994193,-0.15445834,23.514704
6267645574,0.011269419,0.076262146,-5.0226965,3.5356526,-1.8155568,-0.15139975,23.514704
6267655805,0.010220991,0.07769479,-5.0218034,3.4800506,-1.8532889,-0.15676242,23.514704
6267665609,0.010322918,0.07662113,-5.020493,3.488878,-1.8285844,-0.15900898,23.514704
6267675665,0.011364277,0.07527148,-5.021776,3.5499125,-1.7924681,-0.1545566,23.514704
6267685745,0.011164972,0.07595251,-5.0228443,3.5435944,-1.8146251,-0.15037541,23.514704
6267695875,0.010426286,0.07690182,-5.021852,3.4948604,-1.8409413,-0.15441479,23.514704
6267705950,0.010961743,0.07561671,-5.0215225,3.5179272,-1.8046782,-0.15531336,23.513956
6267715871,0.01201674,0.07419452,-5.0221214,3.5787258,-1.7655795,-0.14893219,23.513956
6267725946,0.011573887,0.07519344,-5.0225844,3.5638065,-1.7954835,-0.1470441,23.513956
6267735992,0.010268684,0.07620753,-5.0206666,3.5180786,-1.8415078,-0.15317163,23.513956
6267746109,0.010180661,0.07509037,-5.0196285,3.5452416,-1.8232735,-0.15490167,23.513956
6267756015,0.0113244,0.074227415,-5.021264,3.5886533,-1.7847123,-0.1493135,23.513956
6267766043,0.011459305,0.07526027,-5.022159,3.5569174,-1.7962998,-0.14737248,23.513956
6267776107,0.010902699,0.075860225,-5.0212092,3.5168493,-1.819526,-0.15113398,23.513956
6267786148,0.011239533,0.07460943,-5.0209336,3.554041,-1.7978213,-0.15220867,23.513956
6267796227,0.011876464,0.073934406,-5.0218973,3.5931935,-1.7763339,-0.14773662,23.513956
6267806460,0.011322621,0.075378396,-5.022939,3.5543108,-1.8078625,-0.14898098,23.511305
6267816258,0.010353677,0.076462016,-5.0219483,3.5072265,-1.8415539,-0.15419751,23.511305
6267826331,0.010519388,0.07565102,-5.020798,3.5248115,-1.8255477,-0.15460774,23.511305
6267836389,0.011335223,0.07530218,-5.022068,3.547918,-1.801299,-0.15142125,23.511305
6267846439,0.01125728,0.076219484,-5.02251,3.5168087,-1.815272,-0.15111572,23.511305
6267856615,0.010567081,0.07651477,-5.021548,3.4954207,-1.8364054,-0.15551524,23.511305
6267866499,0.010723877,0.07551629,-5.021384,3.5319312,-1.8226075,-0.15541682,23.511305
6267876697,0.011330282,0.075063296,-5.021734,3.561707,-1.801967,-0.1526701,23.511305
6267886574,0.011181944,0.07586877,-5.0222416,3.5382266,-1.8147048,-0.1526075,23.511305
6267896719,0.010666864,0.07624377,-5.021465,3.5181706,-1.8358942,-0.15430121,23.511305
6267906761,0.010716878,0.0756418,-5.020681,3.5364006,-1.8270378,-0.15431799,23.508121
6267916999,0.011170189,0.07539725,-5.0214124,3.5475833,-1.81054,-0.15251835,23.508121
6267926716,0.011164308,0.07573887,-5.0215144,3.5338383,-1.8145145,-0.15180582,23.508121
6267936766,0.010991883,0.07538532,-5.0210986,3.536852,-1.8178949,-0.15224652,23.508121
6267946834,0.01137992,0.074609,-5.0214458,3.5649087,-1.8014454,-0.15125254,23.508121
6267956866,0.011677027,0.074538246,-5.021887,3.5719042,-1.7945945,-0.14947726,23.508121
6267966867,0.011316136,0.07524138,-5.022125,3.552641,-1.812283,-0.14993396,23.508121
6267976930,0.011058152,0.07523422,-5.0219474,3.54443,-1.8181745,-0.15098654,23.508121
6267986959,0.01150266,0.07517443,-5.021665,3.5492105,-1.8011495,-0.15067859,23.508121
6267997032,0.011698606,0.075858645,-5.0227456,3.5330539,-1.8019156,-0.15022765,23.508121
6268007320,0.011183006,0.07648871,-5.0222745,3.5084426,-1.8234489,-0.15165499,23.508375
6268018063,0.010996748,0.07614695,-5.0214744,3.5154996,-1.8234738,-0.15306626,23.508375
6268027167,0.011594003,0.075496405,-5.021715,3.5411577,-1.8022436,-0.15222766,23.508375
6268037200,0.01169924,0.07563477,-5.0218296,3.5419006,-1.8013182,-0.15066086,23.508375
6268047229,0.011263826,0.07619786,-5.021942,3.5252645,-1.8223095,-0.15271293,23.508375
6268057288,0.011126085,0.076135986,-5.0219316,3.5275877,-1.8203026,-0.15452982,23.508375
6268067330,0.01149266,0.075819254,-5.02197,3.5384436,-1.8038963,-0.152683,23.508375
6268077392,0.011269888,0.07642069,-5.0224814,3.529598,-1.8196902,-0.15274778,23.508375
6268087523,0.01037332,0.0768107,-5.022015,3.5148954,-1.8524086,-0.15556663,23.508375
6268097520,0.010109839,0.07623078,-5.0208964,3.5226755,-1.8463641,-0.15683004,23.508375
6268107651,0.010938425,0.07550407,-5.021255,3.5444505,-1.816164,-0.15407804,23.506746
6268117491,0.011210043,0.07538427,-5.0215473,3.550503,-1.8126823,-0.15110335,23.506746
6268127577,0.010811172,0.07574784,-5.021812,3.5436676,-1.8280617,-0.15322068,23.506746
6268137603,0.011048384,0.07545906,-5.0218687,3.544339,-1.8174247,-0.15420273,23.506746
6268147638,0.011628295,0.07504893,-5.022068,3.5535944,-1.791833,-0.15163937,23.506746
6268157768,0.011813413,0.075360656,-5.022483,3.5466695,-1.7960739,-0.14994487,23.506746
6268167710,0.011362818,0.07583874,-5.021834,3.530256,-1.8155788,-0.15138783,23.506746
6268177834,0.011366215,0.07558972,-5.0211644,3.5279872,-1.8070796,-0.15263768,23.506746
6268187831,0.011865642,0.075246505,-5.021602,3.5411623,-1.7840573,-0.15123825,23.506746
6268197896,0.011891109,0.07532319,-5.021679,3.5460134,-1.7920617,-0.15047006,23.506746
6268207955,0.011144663,0.07571911,-5.0218816,3.5397224,-1.81679,-0.1537203,23.506193
6268217904,0.011013779,0.07558445,-5.021803,3.538868,-1.8168283,-0.15478152,23.506193
6268227910,0.011266296,0.07525788,-5.0219426,3.5470974,-1.8019447,-0.1524654,23.506193
6268238098,0.011120115,0.075734444,-5.0229316,3.5456831,-1.8160448,-0.15283333,23.506193
6268248018,0.010630768,0.07620463,-5.022447,3.5319846,-1.8399915,-0.15490158,23.506193
6268258070,0.010494778,0.07614783,-5.02186,3.5298905,-1.8357048,-0.15585479,23.506193
6268268163,0.010791609,0.07599268,-5.0223813,3.5367825,-1.8226525,-0.15480852,23.506193
6268278263,0.010568319,0.076269165,-5.022266,3.5335102,-1.8319765,-0.15443507,23.506193
6268288200,0.010390515,0.07662957,-5.022579,3.5210989,-1.8413671,-0.15674914,23.506193
6268298379,0.010779442,0.076311514,-5.0227065,3.5222218,-1.8183916,-0.15614058,23.506193
6268308454,0.011573272,0.07583578,-5.0227127,3.531082,-1.7963349,-0.1520291,23.504612
6268318320,0.011443392,0.076130755,-5.0234323,3.5273085,-1.8025136,-0.15237501,23.504612
6268328433,0.011327663,0.07633144,-5.023171,3.520557,-1.8112439,-0.15351027,23.504612
6268338395,0.011584414,0.07574555,-5.022415,3.5325158,-1.7932156,-0.15236539,23.504612
6268348495,0.011788602,0.07540599,-5.022487,3.5497851,-1.7885329,-0.14959401,23.504612
6268358533,0.011228539,0.07557597,-5.0222116,3.5471694,-1.8126428,-0.15098715,23.504612
6268368576,0.010906502,0.07557449,-5.0222874,3.545237,-1.8234977,-0.15347308,23.504612
6268378579,0.01137732,0.0749113,-5.0225143,3.5597825,-1.8055426,-0.15150908,23.504612
6268388671,0.011567484,0.07473919,-5.022035,3.5699546,-1.8080335,-0.1480216,23.504612
6268398775,0.010971301,0.07530074,-5.022216,3.5549169,-1.8342881,-0.15026627,23.504612
6268408803,0.010912851,0.07550013,-5.021799,3.5437138,-1.8328899,-0.15273386,23.502186
6268418699,0.011546515,0.07512342,-5.0218353,3.5546994,-1.8094523,-0.14992855,23.502186
6268428805,0.011682387,0.07549601,-5.021911,3.5506082,-1.8153731,-0.14854722,23.502186
6268438915,0.011137318,0.07633024,-5.0213776,3.5208824,-1.8396072,-0.15074888,23.502186
6268448829,0.011005065,0.07657031,-5.021648,3.5043368,-1.8314255,-0.15426208,23.502186
6268458969,0.011723949,0.07609832,-5.0221324,3.514859,-1.8053039,-0.15167336,23.502186
6268468873,0.01184359,0.076236136,-5.0217605,3.5141523,-1.8117305,-0.15045376,23.502186
6268478935,0.011130739,0.07681722,-5.021656,3.4969711,-1.8328781,-0.15332286,23.502186
6268489161,0.011228607,0.07628259,-5.021334,3.5023594,-1.8195992,-0.15532053,23.502186
6268499262,0.011964951,0.07529456,-5.0215607,3.5361056,-1.7924912,-0.15201932,23.502186
6268509205,0.011793176,0.07527925,-5.0219398,3.5488844,-1.8087559,-0.14972234,23.502604
6268519158,0.01079513,0.07586878,-5.021345,3.5322835,-1.8428253,-0.15375683,23.502604
6268529178,0.010568944,0.07544243,-5.021509,3.539542,-1.838215,-0.15733984,23.502604
6268539267,0.011027345,0.07483604,-5.022198,3.565406,-1.8166105,-0.15453891,23.502604
6268549227,0.01099755,0.07521275,-5.022017,3.5598881,-1.8280089,-0.15183292,23.502604
6268559270,0.010383152,0.07582698,-5.021721,3.5337296,-1.8459554,-0.15543547,23.502604
6268569328,0.010757203,0.07526311,-5.0215716,3.5456612,-1.8191785,-0.1564838,23.502604
6268579546,0.012020214,0.07433919,-5.021953,3.5765471,-1.7800391,-0.15293707,23.502604
6268589514,0.01213272,0.074893914,-5.0228744,3.5679462,-1.7848632,-0.15084556,23.502604
6268599710,0.011459901,0.075921,-5.022412,3.531765,-1.8095558,-0.15386334,23.502604
6268609607,0.011412337,0.07587908,-5.022629,3.52565,-1.7956004,-0.15657784,23.501047
6268619644,0.012164449,0.07546082,-5.022749,3.5394595,-1.7711601,-0.15246427,23.501047
6268629599,0.011958136,0.076154925,-5.022385,3.5201383,-1.7907789,-0.15009685,23.501047
6268639746,0.011135702,0.07675332,-5.0221157,3.4911842,-1.8200439,-0.15492612,23.501047
6268649653,0.011133874,0.075945616,-5.021663,3.5093622,-1.8062106,-0.15641776,23.501047
6268660126,0.011662677,0.07525531,-5.022052,3.547536,-1.7909163,-0.1527252,23.501047
6268669772,0.011194971,0.075826615,-5.022339,3.539809,-1.8237377,-0.15125436,23.501047
6268679803,0.010087955,0.0764101,-5.021832,3.5145273,-1.8582809,-0.15513271,23.501047
6268689866,0.010185237,0.07586356,-5.0219836,3.5283387,-1.8439089,-0.15603669,23.501047
6268699958,0.01082568,0.07525547,-5.022145,3.5541217,-1.8229748,-0.15336296,23.501047
6268709998,0.010618815,0.075725324,-5.021507,3.5428596,-1.8433315,-0.15240455,23.500174
6268719960,0.009998576,0.07618771,-5.0215373,3.5242715,-1.8594687,-0.15645103,23.500174
6268730064,0.010583433,0.07538134,-5.0212975,3.5413277,-1.8292943,-0.1567082,23.500174
6268739998,0.011469648,0.074981764,-5.0216985,3.563449,-1.8019642,-0.15309104,23.500174
6268750111,0.011474624,0.07562921,-5.02197,3.5475614,-1.8167659,-0.15299961,23.500174
6268760304,0.011285902,0.07601027,-5.021544,3.5251648,-1.8205584,-0.15565443,23.500174
6268770174,0.011837399,0.0754184,-5.0222473,3.5365791,-1.7890183,-0.15575619,23.500174
6268780221,0.012335822,0.07531285,-5.022705,3.5494688,-1.7756158,-0.15270354,23.500174
6268790250,0.011878368,0.0758931,-5.022013,3.5308278,-1.8019103,-0.15372477,23.500174
6268800305,0.011378386,0.076164395,-5.022059,3.51761,-1.8150963,-0.15598144,23.500174
6268810489,0.011620654,0.0755533,-5.022142,3.5355937,-1.7972361,-0.15510662,23.499052
6268820454,0.011878987,0.07528147,-5.0221586,3.5512068,-1.7945477,-0.15277773,23.499052
6268830423,0.011306757,0.07571323,-5.022073,3.5405555,-1.8182907,-0.15357228,23.499052
6268840493,0.010870605,0.07579915,-5.0217285,3.5342715,-1.8283443,-0.15554465,23.499052
6268850483,0.010984904,0.07535263,-5.022244,3.5484185,-1.8155614,-0.15565656,23.499052
6268860520,0.010989792,0.075375624,-5.0224524,3.554184,-1.8202792,-0.15347624,23.499052
6268870716,0.010374943,0.07592025,-5.021566,3.5358105,-1.8443117,-0.15358888,23.499052
6268880782,0.010132804,0.076071754,-5.021397,3.525278,-1.8469682,-0.15564844,23.499052
6268890687,0.010641087,0.07569028,-5.021682,3.5355315,-1.8263093,-0.15594082,23.499052
6268900847,0.011049657,0.07575767,-5.0217996,3.537775,-1.8172206,-0.15364936,23.499052
6268910848,0.011046793,0.076152466,-5.021779,3.5208113,-1.824629,-0.15580142,23.498615
6268920753,0.011110302,0.07619988,-5.0217648,3.5140336,-1.8192809,-0.15605167,23.498615
6268930792,0.011653923,0.075907804,-5.022391,3.5244286,-1.8026683,-0.15495713,23.498615
6268940824,0.011813975,0.075770035,-5.022355,3.5289655,-1.7976859,-0.15298541,23.498615
6268950874,0.011736036,0.07582122,-5.022037,3.5236623,-1.8041811,-0.15270719,23.498615
6268960947,0.011722568,0.075551316,-5.0223045,3.5254679,-1.7984452,-0.15275338,23.498615
6268970984,0.011895574,0.07522984,-5.022246,3.5375948,-1.7896048,-0.15164196,23.498615
6268981016,0.011769054,0.07515435,-5.0217466,3.5429738,-1.798185,-0.15065825,23.498615
6268991116,0.011189422,0.0752992,-5.0215626,3.5408876,-1.8122058,-0.15149006,23.498615
6269001255,0.010974741,0.074968785,-5.0214443,3.545952,-1.8157701,-0.15234323,23.498615
6269011277,0.010962938,0.07480206,-5.0221457,3.558382,-1.8161035,-0.15145662,23.49628
6269021209,0.010709809,0.07483317,-5.022298,3.5602179,-1.8238759,-0.152348,23.49628
6269031227,0.010480308,0.07501661,-5.021747,3.5527153,-1.8296461,-0.15260147,23.49628
6269041329,0.010648481,0.075196795,-5.0224786,3.548933,-1.826947,-0.15329447,23.49628
6269051314,0.010699635,0.07531663,-5.0225487,3.5450258,-1.826664,-0.15265912,23.49628
6269061410,0.010633129,0.075729385,-5.0220804,3.5356762,-1.8349708,-0.15368345,23.49628
6269071507,0.010712478,0.07596889,-5.0220203,3.5242763,-1.8335472,-0.15520898,23.49628
6269081480,0.011069709,0.07618875,-5.022299,3.5194373,-1.8220288,-0.15538071,23.49628
6269091502,0.011325611,0.07641584,-5.0227084,3.5130274,-1.8173524,-0.15398422,23.49628
6269101585,0.011340486,0.07666119,-5.0224533,3.5050516,-1.8190788,-0.15420422,23.49628
6269111680,0.011473667,0.076579206,-5.0217476,3.5032399,-1.8113725,-0.15408018,23.49526
6269121609,0.011664325,0.07637622,-5.0219293,3.5108593,-1.8022269,-0.1527162,23.49526
6269131669,0.011593192,0.07621733,-5.0223875,3.5196147,-1.8059446,-0.15240444,23.49526
6269141712,0.01128149,0.07591376,-5.021732,3.5248256,-1.8147085,-0.1514713,23.49526
6269151713,0.011112888,0.07564661,-5.021484,3.533483,-1.8162789,-0.15254378,23.49526
6269161836,0.011099688,0.07518782,-5.021216,3.5470548,-1.8161917,-0.15303205,23.49526
6269171897,0.011055976,0.074848376,-5.0216737,3.56001,-1.8186445,-0.15333384,23.49526
6269181876,0.010960197,0.074514315,-5.0216045,3.5666912,-1.8201002,-0.15257753,23.49526
6269191879,0.011041361,0.07430096,-5.021142,3.5708294,-1.8197824,-0.15053058,23.49526
6269201937,0.01094241,0.074336365,-5.0218906,3.571648,-1.8175863,-0.15084445,23.49526
6269212100,0.011021206,0.074518844,-5.0220838,3.5640652,-1.8164217,-0.15154882,23.493858
6269222022,0.011179552,0.074879944,-5.021838,3.5493772,-1.8147058,-0.15154886,23.493858
6269232130,0.011291445,0.07531404,-5.0214844,3.5312319,-1.8119477,-0.15184948,23.493858
6269242152,0.011369762,0.07581287,-5.02125,3.5169168,-1.8099722,-0.15211317,23.493858
6269252074,0.011470118,0.07616508,-5.0215664,3.5080674,-1.8077364,-0.15233906,23.493858
6269262165,0.011574328,0.07634415,-5.0218773,3.5026793,-1.802116,-0.15069555,23.493858
6269272323,0.011585634,0.07639898,-5.021707,3.4997807,-1.7987372,-0.14909899,23.493858
6269282296,0.011511342,0.07647275,-5.0223,3.5003424,-1.8016754,-0.14918019,23.493858
6269292272,0.01122598,0.07635209,-5.022363,3.5074875,-1.8077784,-0.15141831,23.493858
6269302505,0.010988079,0.07614585,-5.0219193,3.5179558,-1.817007,-0.15152276,23.493858
6269312480,0.010549481,0.07596221,-5.022017,3.529572,-1.8266718,-0.15195443,23.493752
6269322631,0.010243223,0.07567249,-5.021825,3.5401227,-1.8374527,-0.15312889,23.493752
6269332507,0.009953076,0.07538451,-5.022001,3.5519567,-1.8447479,-0.15453076,23.493752
6269342569,0.010015288,0.075102046,-5.021873,3.5620182,-1.8465449,-0.15456729,23.493752
6269352583,0.010089138,0.074862584,-5.0214896,3.569438,-1.8389591,-0.15401034,23.493752
6269362592,0.010457632,0.07486719,-5.0221367,3.5711472,-1.8298609,-0.15331347,23.493752
6269372626,0.010859062,0.07510967,-5.022338,3.5633225,-1.8227125,-0.15208317,23.493752
6269382671,0.011136884,0.075406544,-5.022018,3.55139,-1.8128715,-0.15193099,23.493752
6269392776,0.01167794,0.07556584,-5.0223556,3.5422657,-1.7954999,-0.15109114,23.493752
6269402804,0.012187496,0.07573416,-5.022449,3.5369825,-1.780596,-0.15055181,23.493752
6269412885,0.012328966,0.07594537,-5.022936,3.526592,-1.7806746,-0.14982042,23.490837
6269422863,0.012311281,0.07617619,-5.0228724,3.5171034,-1.7833682,-0.1500071,23.490837
6269432836,0.012391653,0.07605909,-5.022536,3.517886,-1.7819136,-0.14860651,23.490837
6269442921,0.012121876,0.076018274,-5.023322,3.5249856,-1.787432,-0.14974596,23.490837
6269452928,0.01164467,0.07602005,-5.0231724,3.5243,-1.8049778,-0.15078858,23.490837
6269463006,0.011099738,0.07591767,-5.0224,3.5232992,-1.8180695,-0.15219769,23.490837
6269473078,0.010699757,0.075502284,-5.022145,3.5360606,-1.8259907,-0.15354009,23.490837
6269483079,0.010331554,0.07516431,-5.021968,3.5525556,-1.8395424,-0.15462038,23.490837
6269493201,0.009928749,0.07524595,-5.022151,3.554514,-1.8578982,-0.1555539,23.490837
6269503214,0.009661905,0.07526409,-5.021939,3.5483935,-1.8664645,-0.1562062,23.490837
6269513288,0.009819494,0.07511235,-5.0211177,3.5499418,-1.8565408,-0.15618233,23.491714
6269523220,0.010140148,0.075183794,-5.0220103,3.5531197,-1.8422428,-0.15579489,23.491714
6269533267,0.010568464,0.07546613,-5.02219,3.5406902,-1.831799,-0.15589267,23.491714
6269543327,0.010923737,0.07559747,-5.021808,3.526327,-1.8167032,-0.15514345,23.491714
6269553383,0.011597838,0.07546258,-5.022116,3.526719,-1.7946609,-0.15375313,23.491714
6269563420,0.012076986,0.07555702,-5.0226774,3.5281048,-1.7821145,-0.15214342,23.491714
6269573479,0.012069837,0.07607912,-5.023079,3.5160882,-1.7827904,-0.15207386,23.491714
6269583465,0.012097748,0.076076224,-5.0229473,3.5101428,-1.7822933,-0.15271123,23.491714
6269593485,0.012322601,0.07551956,-5.022408,3.5255065,-1.775087,-0.1522879,23.491714
6269603667,0.012183365,0.07545926,-5.0229692,3.5412242,-1.7795746,-0.15175138,23.491714
6269613775,0.011587564,0.07560131,-5.0230064,3.5403147,-1.8019997,-0.15223198,23.489983
6269623710,0.010985862,0.07527855,-5.021938,3.5427434,-1.8171418,-0.1535169,23.489983
6269633657,0.010735331,0.07489251,-5.0217776,3.564246,-1.8179984,-0.15356643,23.489983
6269643743,0.010670477,0.07484384,-5.0220675,3.5762162,-1.8269992,-0.15247913,23.489983
6269653749,0.01000891,0.075470746,-5.022316,3.563542,-1.8453315,-0.15407738,23.489983
6269663784,0.009688458,0.07567685,-5.021752,3.5526793,-1.8538101,-0.15588595,23.489983
6269673818,0.010044147,0.075381264,-5.0214324,3.5563605,-1.8433776,-0.15583995,23.489983
6269683931,0.010347226,0.0757766,-5.022256,3.5493748,-1.8339117,-0.15503694,23.489983
6269694024,0.010399864,0.07650658,-5.0222764,3.5220213,-1.8356724,-0.15492183,23.489983
6269703996,0.010489391,0.07674205,-5.0215163,3.5063622,-1.827209,-0.15512927,23.489983
6269714172,0.011247385,0.07626103,-5.0219793,3.5152626,-1.8014493,-0.1537953,23.488577
6269724034,0.011991795,0.07632598,-5.022491,3.5208204,-1.7878268,-0.15194106,23.488577
6269734059,0.011941833,0.07663577,-5.0229306,3.506402,-1.7973212,-0.15176414,23.488577
6269744132,0.011640963,0.07657039,-5.02222,3.5042844,-1.8013668,-0.15370563,23.488577
6269754210,0.011941887,0.07582862,-5.0217357,3.5245495,-1.7957993,-0.15244476,23.488577
6269764239,0.011880849,0.07554856,-5.02246,3.5394952,-1.7993623,-0.15135492,23.488577
6269774365,0.011383903,0.07562478,-5.0222063,3.542859,-1.8173771,-0.1519825,23.488577
6269784320,0.010900854,0.07516633,-5.021159,3.5534585,-1.8282249,-0.152597,23.488577
6269794400,0.010881546,0.074731484,-5.0210767,3.5750895,-1.8281922,-0.15133181,23.488577
6269804506,0.010876565,0.07459753,-5.021652,3.5810456,-1.828004,-0.15077162,23.488577
6269814640,0.010757462,0.074947,-5.0217557,3.5708392,-1.8320137,-0.15035069,23.488441
6269824508,0.010670402,0.07487328,-5.021473,3.5652661,-1.8304538,-0.15011625,23.488441
6269834475,0.01085744,0.074731536,-5.021031,3.5658514,-1.8202661,-0.15034983,23.488441
6269844575,0.011304052,0.075004615,-5.0223727,3.5598216,-1.8089663,-0.14988568,23.488441
6269854662,0.011511556,0.07550117,-5.0225945,3.5413184,-1.801208,-0.14949392,23.488441
6269864791,0.01139848,0.076081015,-5.022171,3.521774,-1.8091705,-0.14988324,23.488441
6269874662,0.011229779,0.0764342,-5.0224447,3.5092435,-1.8139604,-0.15160672,23.488441
6269884656,0.011588632,0.076538436,-5.0228624,3.5013223,-1.8000208,-0.15095724,23.488441
6269894713,0.011656902,0.0768054,-5.023204,3.4953077,-1.7953326,-0.1514917,23.488441
6269904832,0.011128568,0.076910324,-5.022233,3.4930062,-1.8175704,-0.15292637,23.488441
6269914972,0.01069388,0.07658372,-5.0213537,3.5018039,-1.8286865,-0.1554479,23.486906
6269924876,0.010950601,0.076172054,-5.022071,3.520961,-1.8144373,-0.15543309,23.486906
6269934871,0.011027129,0.07605337,-5.0225196,3.5338275,-1.8156714,-0.15334615,23.486906
6269944919,0.010453094,0.07630148,-5.022069,3.5332966,-1.842933,-0.15382291,23.486906
6269954974,0.010088342,0.07612771,-5.022007,3.5346408,-1.8520695,-0.1557878,23.486906
6269965051,0.010738974,0.07538764,-5.0223446,3.5518417,-1.8248744,-0.15566084,23.486906
6269975214,0.011320377,0.07505378,-5.022466,3.5642014,-1.8122766,-0.15284568,23.486906
6269985090,0.010882141,0.075212166,-5.021744,3.5615184,-1.8309808,-0.15308882,23.486906
6269995213,0.010982274,0.07480614,-5.0213146,3.5630424,-1.8207334,-0.15334009,23.486906
6270005244,0.012122954,0.07449665,-5.0223784,3.5724108,-1.7820086,-0.15058333,23.486906
6270015357,0.01235735,0.07503951,-5.022912,3.5615692,-1.7851502,-0.1480464,23.486963
6270025325,0.011590646,0.075986624,-5.022415,3.5308607,-1.8144162,-0.15153196,23.486963
6270035311,0.011780052,0.07607471,-5.0228558,3.5171573,-1.7967672,-0.15261081,23.486963
6270045348,0.012647296,0.07573103,-5.0229387,3.5231993,-1.7648704,-0.1497385,23.486963
6270055403,0.012274164,0.07617816,-5.023143,3.5220091,-1.7874901,-0.14952332,23.486963
6270065404,0.011202679,0.07658336,-5.022228,3.5126288,-1.8185992,-0.15177953,23.486963
6270075521,0.011232441,0.075989805,-5.021539,3.5249977,-1.8030812,-0.15231775,23.486963
6270085606,0.01145356,0.07569152,-5.0224276,3.5462415,-1.7943363,-0.15064421,23.486963
6270095688,0.010695122,0.07616423,-5.0223117,3.540862,-1.8316944,-0.15158276,23.486963
6270105767,0.009879866,0.07625779,-5.021915,3.5286434,-1.847253,-0.15563346,23.486963
6270115782,0.010385945,0.07571272,-5.022597,3.542433,-1.8167666,-0.15395837,23.484608
6270125665,0.01055433,0.07560282,-5.02309,3.5566235,-1.8222806,-0.15074192,23.484608
6270135691,0.009231131,0.07638083,-5.022442,3.543016,-1.8742232,-0.15377155,23.484608
6270145880,0.008696282,0.076392934,-5.021088,3.5304873,-1.8792917,-0.15719873,23.484608
6270155801,0.009819896,0.0754603,-5.0208836,3.5485344,-1.8305588,-0.1547473,23.484608
6270165845,0.010647982,0.07523016,-5.021852,3.5614102,-1.8182364,-0.15149769,23.484608
6270175886,0.010416699,0.07595957,-5.022091,3.5394895,-1.8357203,-0.15160133,23.484608
6270186006,0.010808686,0.075909376,-5.0220046,3.5202563,-1.8142399,-0.15338287,23.484608
6270195955,0.011871919,0.07547066,-5.0228853,3.53252,-1.7759123,-0.15031864,23.484608
6270206086,0.012167704,0.075702146,-5.0234036,3.5398953,-1.7820483,-0.14872974,23.484608
6270216170,0.011767264,0.07644504,-5.0232306,3.518109,-1.8028361,-0.15032226,23.484074
6270226101,0.01191463,0.07614285,-5.0223327,3.5066605,-1.7855768,-0.15139246,23.484074
6270236169,0.012502126,0.07523083,-5.0214534,3.5338066,-1.7678204,-0.14866738,23.484074
6270246164,0.012078028,0.075150244,-5.022405,3.5582092,-1.7887639,-0.14936481,23.484074
6270256261,0.011226697,0.07564467,-5.022486,3.547193,-1.8171501,-0.14994314,23.484074
6270266322,0.01095563,0.07575341,-5.022153,3.535779,-1.8189263,-0.15103386,23.484074
6270276288,0.010900187,0.075363375,-5.0223894,3.5518827,-1.8212693,-0.15163903,23.484074
6270286364,0.010635555,0.075294904,-5.0224166,3.5659328,-1.8338982,-0.15163516,23.484074
6270296432,0.010428694,0.07550217,-5.0223703,3.554287,-1.8370683,-0.15244916,23.484074
6270306501,0.010322059,0.07545672,-5.0217447,3.5437722,-1.835894,-0.15261406,23.484074
6270316668,0.009990597,0.07521048,-5.021044,3.552757,-1.8449208,-0.15326835,23.483936
6270326499,0.009878622,0.07537149,-5.021785,3.5545645,-1.8473085,-0.1540852,23.483936
6270336619,0.010418319,0.07596802,-5.022591,3.5297232,-1.8304864,-0.15440165,23.483936
6270346576,0.01088545,0.07643319,-5.0225816,3.5029938,-1.8207573,-0.15260248,23.483936
6270356620,0.011096572,0.076414496,-5.0224366,3.4979975,-1.8195485,-0.1536759,23.483936
6270366726,0.011371613,0.07629983,-5.022352,3.5055442,-1.8047513,-0.15345952,23.483936
6270376748,0.011763978,0.07620322,-5.0225143,3.5063,-1.789801,-0.15183401,23.483936
6270386757,0.011638437,0.07607161,-5.0223837,3.5095127,-1.7988076,-0.15186581,23.483936
6270396770,0.011283591,0.075660594,-5.0217395,3.5250018,-1.8107805,-0.15243708,23.483936
6270406882,0.011310713,0.0754818,-5.022444,3.5379777,-1.8049761,-0.15238161,23.483936
6270416942,0.011366877,0.07543718,-5.0224833,3.540912,-1.8050139,-0.1509179,23.48331
6270426901,0.010968673,0.075365804,-5.021706,3.5467427,-1.8222386,-0.15071149,23.48331
6270436908,0.010537345,0.07498514,-5.0213394,3.5643153,-1.8304873,-0.15292256,23.48331
6270446968,0.010780645,0.0745307,-5.0213275,3.5791996,-1.8201557,-0.15199967,23.48331
6270457031,0.010809693,0.07451832,-5.0218296,3.5836215,-1.821455,-0.15201114,23.48331
6270467127,0.010408597,0.07459321,-5.0220103,3.5792072,-1.8375992,-0.15292458,23.48331
6270477118,0.010340767,0.07479574,-5.0220037,3.5699782,-1.8365303,-0.15484262,23.48331
6270487260,0.010947477,0.07538213,-5.023098,3.5503535,-1.8196418,-0.15342155,23.48331
6270497252,0.011197323,0.076309115,-5.0234976,3.519078,-1.8177551,-0.15311535,23.48331
6270507381,0.011076327,0.0769615,-5.022783,3.49281,-1.8281676,-0.15404294,23.48331
6270517359,0.011246713,0.077059485,-5.0225744,3.4817848,-1.8204706,-0.15560088,23.482063
6270527326,0.011694714,0.07676817,-5.02258,3.4872851,-1.802608,-0.15384886,23.482063
6270537396,0.011829278,0.076512106,-5.023196,3.4969337,-1.8017604,-0.15245195,23.482063
6270547532,0.011471748,0.076414965,-5.0228376,3.5065835,-1.8117787,-0.15440968,23.482063
6270557404,0.011452255,0.07596105,-5.022326,3.5163124,-1.8068559,-0.15349181,23.482063
6270567467,0.011700086,0.07578105,-5.022605,3.5261555,-1.7988693,-0.15236627,23.482063
6270577565,0.011424452,0.07578573,-5.022621,3.529283,-1.8134539,-0.15068379,23.482063
6270587637,0.010596038,0.075905874,-5.0215526,3.5290573,-1.8394842,-0.15321217,23.482063
6270597576,0.010207528,0.075405315,-5.0208263,3.5430021,-1.8448052,-0.15489377,23.482063
6270607672,0.010354657,0.074592136,-5.020847,3.573033,-1.8351777,-0.1545589,23.482063
6270617826,0.010509521,0.074362226,-5.0218434,3.5922892,-1.8311622,-0.15292592,23.479652
6270627734,0.01064229,0.07456605,-5.022062,3.5844295,-1.8282511,-0.15294716,23.479652
6270637780,0.010971831,0.074802615,-5.021753,3.5677173,-1.8166608,-0.1522192,23.479652
6270647821,0.011520109,0.07505346,-5.0224442,3.554801,-1.8009858,-0.14999631,23.479652
6270657959,0.011858495,0.07551637,-5.0226536,3.5396905,-1.7933034,-0.14975923,23.479652
6270667922,0.012027709,0.076065496,-5.022283,3.5200982,-1.795001,-0.15053561,23.479652
6270677951,0.01204119,0.07640245,-5.0218453,3.5111983,-1.7938448,-0.15069717,23.479652
6270687984,0.012182156,0.07620103,-5.0215416,3.5145328,-1.7899878,-0.15061618,23.479652
6270698027,0.012243964,0.07642772,-5.0224223,3.51385,-1.7961438,-0.15083449,23.479652
6270708120,0.011949203,0.076669045,-5.022555,3.5026746,-1.8093165,-0.15184845,23.479652
6270718179,0.011481992,0.07657297,-5.0216956,3.5017464,-1.8204025,-0.15320058,23.478746
6270728120,0.011096051,0.0763849,-5.0219646,3.5149825,-1.8322865,-0.15509869,23.478746
6270738140,0.010721484,0.07624349,-5.021949,3.5242517,-1.8414356,-0.15711208,23.478746
6270748283,0.010437837,0.07599509,-5.021356,3.5290449,-1.844932,-0.15740113,23.478746
6270758380,0.010130974,0.0755862,-5.020934,3.541953,-1.8503993,-0.15618886,23.478746
6270768420,0.009742836,0.07530757,-5.0210695,3.5577638,-1.8590215,-0.157386,23.478746
6270778330,0.009709153,0.075157486,-5.02189,3.5592186,-1.8560892,-0.15853569,23.478746
6270788396,0.010108768,0.07519475,-5.0222406,3.5539763,-1.8412348,-0.15706868,23.478746
6270798396,0.0104207,0.0752608,-5.0218105,3.5530057,-1.8284167,-0.15497108,23.478746
6270808559,0.010575719,0.07575737,-5.0222683,3.5444841,-1.822484,-0.1549126,23.478746
6270818623,0.010983702,0.07604969,-5.0225496,3.5264544,-1.8104118,-0.15496689,23.477722
6270828635,0.011663164,0.07592095,-5.0221186,3.5213149,-1.7861565,-0.15275656,23.477722
6270838562,0.012007577,0.07579697,-5.022407,3.5299067,-1.7822089,-0.14996323,23.477722
6270848607,0.011851939,0.076053984,-5.022591,3.5255926,-1.7994089,-0.15068817,23.477722
6270858673,0.011892163,0.07642091,-5.0235467,3.5112197,-1.7952137,-0.15273626,23.477722
6270868766,0.01215637,0.07616899,-5.0233417,3.5134618,-1.77939,-0.15166216,23.477722
6270878910,0.012036362,0.075797215,-5.022618,3.5336018,-1.7936001,-0.15069054,23.477722
6270888789,0.011365593,0.07557057,-5.0225716,3.546564,-1.8119231,-0.15204556,23.477722
6270898829,0.011342689,0.07509537,-5.022209,3.5557227,-1.8062706,-0.15265234,23.477722
6270909092,0.011454966,0.07433379,-5.021773,3.5759883,-1.8026493,-0.15061307,23.477722
6270919175,0.010952584,0.07445679,-5.0217595,3.5897317,-1.8257257,-0.14979653,23.477201
6270928970,0.010203475,0.07510164,-5.0218625,3.569734,-1.8507653,-0.15126398,23.477201
6270939019,0.010075315,0.075600736,-5.0221295,3.5438871,-1.8453487,-0.15297551,23.477201
6270949052,0.010494908,0.07551515,-5.022104,3.5453265,-1.8264749,-0.15087181,23.477201
6270959112,0.010655947,0.07560097,-5.021303,3.5479515,-1.8312248,-0.14955853,23.477201
6270969122,0.010601911,0.07626575,-5.0216556,3.5251348,-1.8354362,-0.15028715,23.477201
6270979232,0.011161809,0.076273285,-5.0216765,3.5085695,-1.8093952,-0.14984421,23.477201
6270989275,0.01179916,0.07579665,-5.0216503,3.520716,-1.7905138,-0.14742312,23.477201
6270999226,0.011679295,0.07606439,-5.0223775,3.5232875,-1.803738,-0.14625643,23.477201
6271009332,0.011488775,0.07658216,-5.0226493,3.5023599,-1.8093677,-0.14842084,23.477201
6271019516,0.011708592,0.076496854,-5.022633,3.498589,-1.7936258,-0.14848465,23.474686
6271029458,0.011815664,0.07609048,-5.0225077,3.5173824,-1.795124,-0.14839284,23.474686
6271039491,0.011390714,0.075866945,-5.02194,3.5284133,-1.8090913,-0.14789166,23.474686
6271049480,0.011055466,0.07576367,-5.0215974,3.5285676,-1.8169346,-0.15066731,23.474686
6271059522,0.010726208,0.07545069,-5.020984,3.5427139,-1.8278704,-0.15126869,23.474686
6271069615,0.010237229,0.07481002,-5.020813,3.5692518,-1.845197,-0.15211445,23.474686
6271079716,0.01017909,0.07463469,-5.02123,3.5800636,-1.8461008,-0.15228665,23.474686
6271089666,0.010339522,0.07485871,-5.0209312,3.5706913,-1.8424366,-0.15082394,23.474686
6271099733,0.009792247,0.07547795,-5.0204186,3.5558732,-1.8683083,-0.1524548,23.474686
6271109748,0.009296413,0.076099485,-5.020633,3.5366843,-1.8833547,-0.15632918,23.474686
6271119919,0.010332168,0.07591114,-5.02101,3.5195963,-1.8343505,-0.15487212,23.475
6271129945,0.011498013,0.07576576,-5.0208774,3.5229604,-1.7961369,-0.15095267,23.475
6271139791,0.011314361,0.07606102,-5.0205398,3.5234334,-1.8238264,-0.1518928,23.475
6271149854,0.011422906,0.07639309,-5.021283,3.5017781,-1.8164917,-0.15228648,23.475
6271159941,0.012751511,0.07608551,-5.0228677,3.4912496,-1.757042,-0.15042661,23.475
6271169910,0.012909784,0.07612696,-5.0225897,3.5004556,-1.7619953,-0.14684583,23.475
6271180002,0.01140964,0.07650493,-5.021678,3.502316,-1.820406,-0.15021324,23.475
6271190031,0.011239258,0.07589576,-5.022095,3.513537,-1.8091003,-0.1535128,23.475
6271200067,0.012505828,0.07468413,-5.0228133,3.5438018,-1.7584002,-0.14937542,23.475
6271210285,0.011926682,0.07426124,-5.022128,3.5779026,-1.7884525,-0.14681427,23.475
6271220322,0.010035398,0.074318185,-5.0207815,3.5929487,-1.8597631,-0.15205574,23.473656
6271230180,0.009895445,0.07416864,-5.0213585,3.587409,-1.8469858,-0.15351397,23.473656
6271240237,0.010758123,0.07413519,-5.0230827,3.5817432,-1.8134553,-0.15038393,23.473656
6271250265,0.009686929,0.07469495,-5.0222745,3.5818868,-1.8621962,-0.15196593,23.473656
6271260382,0.008860651,0.07477814,-5.021291,3.5790675,-1.8833482,-0.1563688,23.473656
6271270476,0.010838421,0.07417676,-5.0218124,3.5782611,-1.8019071,-0.15346463,23.473656
6271280350,0.012170188,0.07476618,-5.022505,3.5652926,-1.77074,-0.14737959,23.473656
6271290509,0.010694914,0.07671636,-5.02214,3.514673,-1.8412107,-0.15208977,23.473656
6271300509,0.01049262,0.07710822,-5.021737,3.473294,-1.8298618,-0.15811568,23.473656
6271310579,0.013381359,0.07605575,-5.0227456,3.4818044,-1.7188,-0.15129605,23.473656
6271320663,0.014425581,0.076487534,-5.0238395,3.4812076,-1.7106935,-0.14477189,23.471703
6271330565,0.012404611,0.077605255,-5.022334,3.4525337,-1.7961303,-0.15228124,23.471703
6271340653,0.012118897,0.076696515,-5.021129,3.4650698,-1.7777462,-0.15721492,23.471703
6271350652,0.013504189,0.074800454,-5.0220804,3.5310001,-1.7169852,-0.14976797,23.471703
6271360707,0.01211405,0.07520113,-5.021941,3.5587406,-1.796333,-0.14844055,23.471703
6271370770,0.008911034,0.07615435,-5.020658,3.5349123,-1.9052914,-0.15935256,23.471703
6271380805,0.008770769,0.07505632,-5.0204563,3.5479362,-1.8725727,-0.16165264,23.471703
6271390954,0.010252749,0.073784366,-5.0214205,3.5950334,-1.8175,-0.15323469,23.471703
6271400883,0.00910931,0.074570075,-5.0210934,3.5991182,-1.8835269,-0.15249027,23.471703
6271411021,0.007226021,0.07527554,-5.0193515,3.572504,-1.9418515,-0.16004625,23.471703
6271421136,0.008348581,0.0741412,-5.019736,3.585812,-1.8735199,-0.15987103,23.470608
6271431053,0.010521555,0.07358533,-5.02156,3.6111956,-1.8087391,-0.15073839,23.470608
6271441050,0.010326246,0.07501947,-5.021422,3.573993,-1.8443562,-0.15003575,23.470608
6271451112,0.010271134,0.07614521,-5.021055,3.513245,-1.844181,-0.15719377,23.470608
6271461125,0.012668834,0.075305656,-5.021774,3.5115159,-1.7465714,-0.15294084,23.470608
6271471146,0.014089,0.07561266,-5.022497,3.519845,-1.7182201,-0.1433371,23.470608
6271481221,0.012324819,0.07773439,-5.0223737,3.4617658,-1.8082056,-0.14819905,23.470608
6271491246,0.011438174,0.07794721,-5.022037,3.4265916,-1.8165128,-0.15747134,23.470608
6271501466,0.013098258,0.07608704,-5.0219064,3.4805381,-1.73393,-0.15190417,23.470608
6271511372,0.013134251,0.07595623,-5.0221534,3.5240135,-1.7619072,-0.14635469,23.470608
6271521513,0.010718054,0.077370465,-5.0212016,3.4886174,-1.864034,-0.15391266,23.469639
6271531495,0.010163131,0.07670043,-5.021237,3.48129,-1.8545545,-0.16071928,23.469639
6271541590,0.011419329,0.07439201,-5.0215335,3.5590234,-1.7962575,-0.1536857,23.469639
6271551510,0.010585815,0.07421972,-5.0206056,3.605789,-1.8481014,-0.1483068,23.469639
6271561597,0.008580758,0.07537195,-5.0200214,3.5677893,-1.9143214,-0.1553631,23.469639
6271571650,0.009504573,0.07435158,-5.020653,3.556923,-1.8479283,-0.15805703,23.469639
6271581658,0.011953217,0.072581515,-5.021555,3.6222434,-1.7653482,-0.14901458,23.469639
6271591656,0.011423607,0.07344894,-5.020134,3.6330633,-1.8184073,-0.14517015,23.469639
6271601727,0.010133403,0.07529735,-5.0198445,3.555254,-1.8672316,-0.15229416,23.469639
6271611813,0.01189446,0.075235605,-5.0220737,3.51182,-1.7806933,-0.1528666,23.469639
6271621993,0.013787007,0.0746425,-5.0237393,3.5380495,-1.7202352,-0.144256,23.468855
6271631828,0.012546622,0.07578203,-5.0220604,3.5332007,-1.7882708,-0.14312902,23.468855
6271642085,0.011366953,0.07672898,-5.0207305,3.4905002,-1.8162029,-0.1506038,23.468855
6271651891,0.012668678,0.076036975,-5.022372,3.4878876,-1.750391,-0.14811061,23.468855
6271662161,0.012888139,0.07625001,-5.02431,3.5040882,-1.7646378,-0.14423454,23.468855
6271672013,0.010591744,0.07733521,-5.022404,3.4904501,-1.8599473,-0.14958312,23.468855
6271682059,0.009768031,0.07672715,-5.0201554,3.490398,-1.8589612,-0.15553302,23.468855
6271692154,0.011432572,0.07467632,-5.022053,3.5458782,-1.782696,-0.15081133,23.468855
6271702176,0.011365756,0.07436236,-5.023271,3.5910745,-1.8056053,-0.14588028,23.468855
6271712174,0.008824605,0.075331464,-5.020555,3.5804021,-1.9006357,-0.1511466,23.468855
6271722406,0.007984696,0.0751555,-5.0192685,3.5701778,-1.9072498,-0.15766183,23.467352
6271732263,0.009872612,0.07442794,-5.021825,3.5865483,-1.8316807,-0.15222387,23.467352
6271742312,0.010628257,0.07562036,-5.0234914,3.5610063,-1.8258789,-0.14666232,23.467352
6271752371,0.009237778,0.07712729,-5.0213213,3.5069642,-1.8873097,-0.15325388,23.467352
6271762414,0.009204777,0.076314636,-5.0194154,3.5099866,-1.8652192,-0.15606193,23.467352
6271772455,0.011317171,0.07482903,-5.021612,3.5541964,-1.7779325,-0.14948295,23.467352
6271782488,0.012330898,0.07533091,-5.0234566,3.548933,-1.7684737,-0.1437558,23.467352
6271792497,0.01143515,0.07682071,-5.0219436,3.492821,-1.8139553,-0.1472502,23.467352
6271802564,0.011980839,0.076315545,-5.021348,3.4828188,-1.7774832,-0.15023981,23.467352
6271812655,0.014083662,0.074852906,-5.0229716,3.5208945,-1.6973716,-0.14391825,23.467352
6271822769,0.01420645,0.074979134,-5.0233264,3.5402994,-1.7138599,-0.13875,23.466251
6271832662,0.011841544,0.075475104,-5.0206394,3.533404,-1.8054073,-0.14552034,23.466251
6271842706,0.010522111,0.07466516,-5.019736,3.556783,-1.8325678,-0.15163228,23.466251
6271852704,0.011034876,0.07410755,-5.022175,3.5858011,-1.8048652,-0.14872359,23.466251
6271862885,0.010688849,0.07488554,-5.0220575,3.573651,-1.8329451,-0.14828514,23.466251
6271873026,0.009296647,0.075198226,-5.0196166,3.5578113,-1.8839382,-0.15363713,23.466251
6271882845,0.009752647,0.074205495,-5.019538,3.5784202,-1.8522879,-0.15488479,23.466251
6271892873,0.011252987,0.0741913,-5.021659,3.589998,-1.8032752,-0.14821187,23.466251
6271902931,0.010631114,0.07612413,-5.0223565,3.538459,-1.8504521,-0.14784913,23.466251
6271913005,0.009097208,0.07710232,-5.020787,3.494382,-1.901024,-0.15551154,23.466251
6271923200,0.010129342,0.075809404,-5.0204115,3.5149395,-1.8401594,-0.15504152,23.46465
6271933122,0.011880307,0.07563631,-5.022781,3.530667,-1.7838812,-0.1472375,23.46465
6271943109,0.011271473,0.07699415,-5.0224614,3.489786,-1.8298765,-0.14760935,23.46465
6271953208,0.010515623,0.076700434,-5.020336,3.4745255,-1.8433067,-0.15217826,23.46465
6271963235,0.011966253,0.075118124,-5.0209217,3.5207396,-1.77136,-0.14711148,23.46465
6271973227,0.012905081,0.07573956,-5.0232434,3.5201046,-1.7635391,-0.14118312,23.46465
6271983305,0.011121457,0.07763678,-5.02274,3.4616318,-1.8376346,-0.14639723,23.46465
6271993392,0.009900114,0.07623953,-5.0203905,3.4813404,-1.8493221,-0.1541837,23.46465
6272003365,0.011120264,0.073205195,-5.020336,3.5910952,-1.7889252,-0.14910105,23.46465
6272013738,0.011588413,0.07323001,-5.021847,3.6236727,-1.7944627,-0.14330506,23.46465
6272023629,0.009941135,0.07517843,-5.020955,3.5585647,-1.8673465,-0.14979744,23.462852
6272033495,0.009615796,0.07461536,-5.0199547,3.5461175,-1.8570236,-0.1559003,23.462852
6272043582,0.011773653,0.072939515,-5.0214663,3.6051152,-1.7691593,-0.15026814,23.462852
6272053558,0.012752827,0.07380205,-5.0225267,3.603478,-1.764069,-0.14440177,23.462852
6272063588,0.011352008,0.07558042,-5.0216956,3.5386803,-1.8248211,-0.15067697,23.462852
6272073641,0.011060176,0.07495421,-5.0204253,3.5401928,-1.8079858,-0.15435937,23.462852
6272083726,0.012283397,0.074297674,-5.0214777,3.5731103,-1.765658,-0.14931606,23.462852
6272093897,0.01163627,0.07673158,-5.0226555,3.5150702,-1.8165313,-0.14882073,23.462852
6272103909,0.009757469,0.078516185,-5.02093,3.4321003,-1.8763728,-0.15827332,23.462852
6272113884,0.010400331,0.07701509,-5.0200806,3.4592052,-1.8286635,-0.15919325,23.462852
6272123972,0.012246296,0.07560252,-5.0220294,3.5205479,-1.7647741,-0.15028967,23.463146
6272133889,0.01180711,0.07674439,-5.021844,3.4993875,-1.8054359,-0.14738105,23.463146
6272144004,0.009843909,0.077143334,-5.020164,3.4726577,-1.8618051,-0.15548523,23.463146
6272153930,0.010167478,0.07508486,-5.0197945,3.5326982,-1.8273998,-0.15620843,23.463146
6272164071,0.011348899,0.07398733,-5.021324,3.5889668,-1.7930126,-0.14889094,23.463146
6272174058,0.010220812,0.07573153,-5.021782,3.550067,-1.8571852,-0.15017459,23.463146
6272184062,0.00878409,0.07630737,-5.019874,3.5138717,-1.8993739,-0.15794812,23.463146
6272194249,0.01045598,0.07415019,-5.0198264,3.5631583,-1.8160019,-0.15618145,23.463146
6272204162,0.012767562,0.073600836,-5.0223336,3.5961175,-1.747865,-0.145319,23.463146
6272214240,0.011850186,0.07560846,-5.022514,3.537016,-1.8071252,-0.14604174,23.463146
6272224406,0.010170845,0.07582962,-5.021375,3.5092528,-1.8493605,-0.15501219,23.461857
6272234271,0.011232934,0.0737475,-5.021557,3.5743964,-1.7905835,-0.15238246,23.461857
6272244414,0.012274575,0.073743835,-5.0223727,3.5983384,-1.7749956,-0.14441086,23.461857
6272254347,0.010797933,0.075938754,-5.0222855,3.5268881,-1.8428326,-0.14887431,23.461857
6272264402,0.010075094,0.07627256,-5.020627,3.4884083,-1.8492473,-0.15595782,23.461857
6272274658,0.012018924,0.07453762,-5.0210834,3.5334618,-1.7702849,-0.15183845,23.461857
6272284514,0.013049023,0.074385166,-5.0228343,3.5537727,-1.7516638,-0.14514804,23.461857
6272294497,0.011629664,0.07582344,-5.022133,3.5178373,-1.8196603,-0.1477668,23.461857
6272304565,0.010458301,0.075472295,-5.020911,3.5199475,-1.8427945,-0.15465511,23.461857
6272314643,0.011187423,0.07415546,-5.0214443,3.5730572,-1.8045249,-0.15147695,23.461857
6272324771,0.011203365,0.07516565,-5.021784,3.569166,-1.8248028,-0.14793766,23.461386
6272334716,0.009337002,0.07689028,-5.0211554,3.508842,-1.892569,-0.15545695,23.461386
6272344713,0.009012584,0.0763757,-5.020594,3.507261,-1.8811818,-0.1594845,23.461386
6272354825,0.010545163,0.07527262,-5.0213265,3.5464427,-1.81903,-0.15408687,23.461386
6272364894,0.011227787,0.075896874,-5.022334,3.5330412,-1.8145431,-0.15091927,23.461386
6272374883,0.010759748,0.07644353,-5.021454,3.4978123,-1.8280576,-0.15224628,23.461386
6272384875,0.011557993,0.07517272,-5.0213017,3.5266182,-1.7815872,-0.15213493,23.461386
6272394956,0.012810675,0.07413155,-5.022228,3.5733738,-1.7402481,-0.1454419,23.461386
6272404967,0.012316008,0.07509579,-5.022076,3.55565,-1.7815928,-0.14455199,23.461386
6272415025,0.010914788,0.07591126,-5.0216966,3.520016,-1.8236128,-0.15059632,23.461386
6272425205,0.011221821,0.074925326,-5.0213747,3.5358264,-1.7951758,-0.15115505,23.46017
6272435077,0.012373063,0.0744407,-5.0217957,3.559345,-1.7632115,-0.1465703,23.46017
6272445154,0.012109225,0.07535839,-5.0218277,3.5327756,-1.7890724,-0.14670724,23.46017
6272455158,0.011480801,0.07515857,-5.0209947,3.5223,-1.8057775,-0.15006071,23.46017
6272465275,0.011835864,0.07385271,-5.021567,3.5708213,-1.7832595,-0.14862356,23.46017
6272475395,0.011652789,0.073879,-5.0220733,3.5984638,-1.8020563,-0.14654413,23.46017
6272485296,0.009990142,0.075315796,-5.020976,3.560055,-1.8694205,-0.15088035,23.46017
6272495348,0.009120456,0.07551381,-5.02032,3.5346732,-1.8818498,-0.15504149,23.46017
6272505373,0.010266973,0.074709274,-5.020626,3.5581365,-1.8317755,-0.15261555,23.46017
6272515618,0.011061102,0.07504898,-5.020829,3.554114,-1.8209417,-0.14745137,23.46017
6272525611,0.010453885,0.0764097,-5.020537,3.5100536,-1.8515137,-0.15080315,23.4585
6272535553,0.010579956,0.07611609,-5.0202236,3.4982798,-1.835402,-0.15313898,23.4585
6272545572,0.011618429,0.075420566,-5.0212336,3.5270076,-1.7918313,-0.14863157,23.4585
6272555569,0.011651668,0.07630165,-5.022046,3.5158083,-1.8096174,-0.14603537,23.4585
6272565634,0.010539431,0.07728742,-5.0207005,3.4738517,-1.8484521,-0.15089056,23.4585
6272575656,0.01066975,0.076509945,-5.020551,3.484199,-1.8236991,-0.15344113,23.4585
6272585744,0.011905054,0.075336404,-5.02139,3.5324109,-1.7800483,-0.14812672,23.4585
6272595764,0.011830356,0.07577427,-5.0216155,3.5333056,-1.7959288,-0.14667517,23.4585
6272605792,0.01086676,0.07626212,-5.021024,3.505235,-1.8261793,-0.15014288,23.4585
6272615902,0.011111848,0.074880354,-5.020654,3.5358353,-1.8008697,-0.15235393,23.4585
6272626038,0.011980459,0.07334938,-5.0215225,3.5981934,-1.7709444,-0.14713049,23.457088
6272635983,0.011576762,0.07369681,-5.0214095,3.6068215,-1.8018733,-0.1448851,23.457088
6272645955,0.010599903,0.074271105,-5.020262,3.579291,-1.8375976,-0.14900945,23.457088
6272656032,0.010718104,0.073678486,-5.020002,3.5900073,-1.8145791,-0.1501922,23.457088
6272666097,0.011418999,0.07352484,-5.020919,3.6078703,-1.793118,-0.14544338,23.457088
6272676057,0.011129305,0.07485656,-5.0209184,3.5678017,-1.8171024,-0.14584468,23.457088
6272686076,0.010633374,0.07584656,-5.020748,3.5160146,-1.8271289,-0.14979865,23.457088
6272696148,0.011391784,0.07537363,-5.0208344,3.5206106,-1.7960874,-0.14986242,23.457088
6272706248,0.012094475,0.07530474,-5.0220423,3.5394905,-1.7800871,-0.14683706,23.457088
6272716299,0.011628899,0.07637643,-5.0218,3.5130806,-1.8052286,-0.14752586,23.457088
6272726426,0.010939252,0.07697483,-5.020521,3.4826572,-1.8239473,-0.1507709,23.456308
6272736312,0.010994527,0.07648758,-5.021025,3.4975677,-1.81091,-0.15150224,23.456308
6272746355,0.011318482,0.07622699,-5.0215983,3.5177608,-1.804506,-0.14939848,23.456308
6272756430,0.011040915,0.076778494,-5.021517,3.502732,-1.822495,-0.14996126,23.456308
6272766505,0.010696994,0.076717526,-5.0210958,3.4935052,-1.8293704,-0.15239386,23.456308
6272776579,0.011034147,0.07567245,-5.0211205,3.5239038,-1.8148655,-0.15150954,23.456308
6272786566,0.011099955,0.075275004,-5.02137,3.5498075,-1.8173578,-0.14959854,23.456308
6272796565,0.010293021,0.07553706,-5.020862,3.5454192,-1.8479403,-0.15149827,23.456308
6272806637,0.009588311,0.075127326,-5.0193033,3.5517483,-1.865848,-0.15440066,23.456308
6272816703,0.009835647,0.074159734,-5.0194674,3.5856051,-1.8499622,-0.15410997,23.456308
6272826792,0.010570213,0.07388904,-5.0202813,3.5997312,-1.8312463,-0.15113556,23.455877
6272836824,0.011120657,0.07422212,-5.0204797,3.5768435,-1.8204135,-0.15114233,23.455877
6272846770,0.011589361,0.07426057,-5.0204234,3.5607674,-1.8016227,-0.15113807,23.455877
6272856875,0.012145666,0.073787704,-5.0204334,3.5696704,-1.7772615,-0.15026441,23.455877
6272866918,0.012624567,0.07404433,-5.021392,3.568545,-1.7679303,-0.14886817,23.455877
6272876896,0.012341108,0.0748844,-5.021242,3.546125,-1.7772183,-0.14890698,23.455877
6272886922,0.011867878,0.075275816,-5.0205746,3.5329983,-1.7927544,-0.14993587,23.455877
6272896998,0.011606289,0.075517945,-5.0209785,3.5315068,-1.796405,-0.15089563,23.455877
6272907012,0.01160517,0.075867735,-5.021189,3.5182848,-1.7949051,-0.14938617,23.455877
6272917104,0.011425657,0.07621528,-5.0212064,3.500801,-1.8024424,-0.14993134,23.455877
6272927223,0.011137972,0.076130055,-5.021139,3.502612,-1.8107017,-0.15166385,23.454477
6272937121,0.010903988,0.07581337,-5.0205965,3.519667,-1.813601,-0.15161137,23.454477
6272947186,0.01073381,0.07573927,-5.0209017,3.5306175,-1.8204418,-0.15218885,23.454477
6272957276,0.010551813,0.07557107,-5.02053,3.537599,-1.8308679,-0.15218458,23.454477
6272967265,0.010299625,0.07507739,-5.0194383,3.5514817,-1.8401496,-0.15292457,23.454477
6272977384,0.010309434,0.074876726,-5.0198593,3.5619974,-1.8468868,-0.15292001,23.454477
6272987365,0.0103221,0.07491261,-5.020006,3.559066,-1.8455465,-0.15306315,23.454477
6272997421,0.010748553,0.074839346,-5.0202665,3.5542452,-1.8328755,-0.15230042,23.454477
6273007496,0.011345871,0.07488177,-5.0210395,3.551319,-1.8157543,-0.15104197,23.454477
6273017501,0.011890075,0.07518787,-5.0211563,3.5403707,-1.8035254,-0.14919357,23.454477
6273027631,0.012100132,0.07542867,-5.021248,3.5255673,-1.795263,-0.14880413,23.453833
6273037608,0.012310711,0.075307555,-5.0211782,3.5246902,-1.7857505,-0.14834963,23.453833
6273047567,0.012596474,0.075071976,-5.020776,3.5320642,-1.779065,-0.14633453,23.453833
6273057666,0.012519283,0.07532127,-5.0212426,3.5296576,-1.784144,-0.14672916,23.453833
6273067754,0.012276999,0.07548811,-5.021346,3.5224292,-1.7919542,-0.14709507,23.453833
6273077735,0.012161433,0.075196065,-5.0211725,3.529489,-1.7868987,-0.14747098,23.453833
6273087768,0.012428458,0.07488368,-5.021229,3.5451703,-1.7826391,-0.14627534,23.453833
6273097803,0.012040986,0.07476007,-5.020786,3.5539827,-1.7982605,-0.14625277,23.453833
6273107827,0.01135122,0.07471402,-5.020614,3.5622528,-1.819527,-0.14968283,23.453833
6273117927,0.010777935,0.07441594,-5.020376,3.577518,-1.8301909,-0.15057793,23.453833
6273128027,0.010379606,0.07461046,-5.020155,3.584074,-1.8454164,-0.15028152,23.453663
6273137942,0.009636154,0.07530536,-5.020534,3.5656922,-1.8709332,-0.15267877,23.453663
6273148062,0.00936145,0.07551625,-5.020605,3.5466151,-1.8771861,-0.15563555,23.453663
6273158072,0.009992949,0.07530521,-5.0204763,3.5469449,-1.8523564,-0.15481447,23.453663
6273168097,0.010715899,0.07535081,-5.020781,3.5445805,-1.8290427,-0.15317209,23.453663
6273178131,0.011034694,0.07570992,-5.0207353,3.5274148,-1.8239843,-0.15211402,23.453663
6273188200,0.011387939,0.07554651,-5.021053,3.5191386,-1.8084793,-0.15332684,23.453663
6273198315,0.01228834,0.075008124,-5.0211163,3.5352852,-1.7738911,-0.15004903,23.453663
6273208247,0.012461051,0.075194746,-5.0208483,3.5299697,-1.7760162,-0.14652017,23.453663
6273218365,0.01190124,0.07599053,-5.021212,3.5054507,-1.8005434,-0.15070082,23.453663
6273228528,0.01203571,0.075509116,-5.0208626,3.5063748,-1.7847676,-0.15073237,23.452234
6273238372,0.012620351,0.0748151,-5.0205083,3.5331938,-1.7624018,-0.14759883,23.452234
6273248396,0.012113055,0.07477285,-5.0204196,3.5458763,-1.7830018,-0.14632928,23.452234
6273258484,0.011100647,0.07483183,-5.0202007,3.546795,-1.8116884,-0.14830472,23.452234
6273268526,0.010852244,0.07418593,-5.020574,3.5675676,-1.8101782,-0.14831538,23.452234
6273278578,0.010901481,0.07373832,-5.0206566,3.5939271,-1.8113786,-0.14733374,23.452234
6273288596,0.01027282,0.0742651,-5.0201936,3.587396,-1.8403149,-0.14777164,23.452234
6273298656,0.009545141,0.07490959,-5.0203447,3.5585687,-1.865399,-0.15205002,23.452234
6273308686,0.009914958,0.07452811,-5.020386,3.5634353,-1.8425158,-0.1532203,23.452234
6273318758,0.010644029,0.07415057,-5.0203614,3.5805721,-1.8198296,-0.14793923,23.452234
6273328856,0.010575966,0.07495986,-5.0204444,3.5593634,-1.837913,-0.14831108,23.452055
6273338816,0.010492067,0.075534835,-5.0205917,3.527329,-1.8378278,-0.15144022,23.452055
6273348827,0.01144682,0.075471185,-5.0215025,3.5221117,-1.8037966,-0.15033202,23.452055
6273358880,0.012096571,0.07572029,-5.0215898,3.514583,-1.7928729,-0.14800707,23.452055
6273368883,0.0119477,0.076368965,-5.0207453,3.4892902,-1.8041766,-0.14855377,23.452055
6273378997,0.011932286,0.07624913,-5.0207987,3.483929,-1.7942806,-0.15032735,23.452055
6273389005,0.012092707,0.07570786,-5.020908,3.507697,-1.7851968,-0.14847574,23.452055
6273399047,0.011641376,0.0756698,-5.0203524,3.5211396,-1.8073701,-0.14714216,23.452055
6273409068,0.010978613,0.07554684,-5.0200024,3.5227609,-1.8237854,-0.14935431,23.452055
6273419460,0.011304619,0.074713334,-5.01998,3.5416512,-1.8026206,-0.14972878,23.452055
6273429275,0.011778525,0.07416749,-5.0210366,3.5680048,-1.7874241,-0.14756297,23.450096
6273439398,0.011516645,0.07437234,-5.0210195,3.5703847,-1.8055748,-0.14643565,23.450096
6273449401,0.010884622,0.07444617,-5.019929,3.5609138,-1.8195922,-0.1480827,23.450096
6273459272,0.010814047,0.0741316,-5.0202155,3.5744598,-1.816134,-0.14885443,23.450096
6273469326,0.010487683,0.0742899,-5.0206246,3.5825357,-1.8298296,-0.1478692,23.450096
6273479372,0.009846663,0.075041495,-5.020054,3.5577419,-1.8534278,-0.15078597,23.450096
6273489401,0.010030679,0.07517336,-5.019925,3.5398872,-1.8389351,-0.15175395,23.450096
6273499497,0.010890939,0.074986555,-5.020535,3.542939,-1.8086895,-0.15042472,23.450096
6273509537,0.011256181,0.075874075,-5.0217104,3.5274293,-1.808985,-0.1485693,23.450096
6273519659,0.01101466,0.07666375,-5.021165,3.4878657,-1.8215351,-0.15224421,23.450096
6273529758,0.011258002,0.0762377,-5.020055,3.4870095,-1.8051358,-0.15291809,23.449648
6273539662,0.011815727,0.07549419,-5.020862,3.5198293,-1.7842184,-0.15045917,23.449648
6273549667,0.011697455,0.07551664,-5.0211263,3.5305586,-1.7969561,-0.1491676,23.449648
6273559764,0.011215175,0.07561412,-5.020416,3.5207644,-1.8142862,-0.15061991,23.449648
6273569761,0.011305779,0.07480662,-5.0201697,3.5419106,-1.8016021,-0.15199909,23.449648
6273579771,0.011716596,0.07412742,-5.020864,3.576498,-1.7937641,-0.14820352,23.449648
6273589827,0.011220726,0.07477091,-5.0216403,3.5633063,-1.820587,-0.1482661,23.449648
6273599874,0.010761648,0.07515912,-5.0209384,3.5399857,-1.8307782,-0.15156074,23.449648
6273609891,0.011344247,0.07385639,-5.019744,3.565664,-1.8036876,-0.15158923,23.449648
6273620004,0.012148713,0.073296,-5.020957,3.6028666,-1.7836293,-0.14627224,23.449648
6273630104,0.012010017,0.07407526,-5.021604,3.5819464,-1.7949557,-0.14622544,23.44942
6273640108,0.011556329,0.0746733,-5.020584,3.54666,-1.8090975,-0.14902341,23.44942
6273650082,0.011616516,0.07456301,-5.020731,3.5482557,-1.8039217,-0.15019229,23.44942
6273660131,0.011784327,0.075054884,-5.0215645,3.5429156,-1.8012757,-0.14990973,23.44942
6273670141,0.011472877,0.0767178,-5.0222697,3.4867477,-1.8234575,-0.15149494,23.44942
6273680176,0.010782345,0.0777457,-5.02146,3.4416916,-1.8420633,-0.15648337,23.44942
6273690268,0.010792253,0.07706549,-5.0204935,3.460112,-1.8302356,-0.1572479,23.44942
6273700344,0.011123478,0.076599345,-5.0213957,3.4828305,-1.8210464,-0.1550396,23.44942
6273710347,0.010643412,0.07728303,-5.0215664,3.4642372,-1.8468589,-0.15513311,23.44942
6273720497,0.009568428,0.07709842,-5.020191,3.4592037,-1.8749651,-0.15784827,23.44942
6273730624,0.009375582,0.07605215,-5.019995,3.4996843,-1.8732353,-0.15762123,23.44888
6273740491,0.009765332,0.07577656,-5.020667,3.5212624,-1.8650105,-0.15459424,23.44888
6273750559,0.009804213,0.07609065,-5.0207047,3.5087993,-1.8663024,-0.155238,23.44888
6273760656,0.009867198,0.07531602,-5.0194755,3.5271914,-1.8603797,-0.15464377,23.44888
6273770572,0.010440523,0.07388768,-5.0189333,3.5822005,-1.8358438,-0.15221207,23.44888
6273780677,0.011174822,0.073473684,-5.0202003,3.6029952,-1.8145807,-0.14774941,23.44888
6273790691,0.011487955,0.07372787,-5.020146,3.5851243,-1.8123621,-0.1476451,23.44888
6273800797,0.011572596,0.07342582,-5.019415,3.5911055,-1.8057323,-0.14782472,23.44888
6273810716,0.012266905,0.07297135,-5.0198345,3.608223,-1.7769047,-0.14578484,23.44888
6273820829,0.013074974,0.07384554,-5.0208316,3.5855885,-1.759433,-0.14278565,23.44888
6273830965,0.012782374,0.07482431,-5.021196,3.5441246,-1.7714416,-0.14380664,23.445961
6273840827,0.012378967,0.07456723,-5.0204573,3.5508902,-1.7761904,-0.14729235,23.445961
6273850908,0.012648818,0.07409492,-5.0203967,3.5723357,-1.7701498,-0.1449411,23.445961
6273861020,0.012344882,0.07500352,-5.02143,3.5462782,-1.7853996,-0.14593148,23.445961
6273871013,0.011335535,0.07579036,-5.021068,3.5105982,-1.8168961,-0.14946504,23.445961
6273881027,0.010878642,0.0753903,-5.0198975,3.5235913,-1.8255383,-0.15201244,23.445961
6273891198,0.010969053,0.07527738,-5.0206413,3.5407877,-1.8175871,-0.14984871,23.445961
6273901109,0.010811033,0.076222524,-5.0211263,3.5103464,-1.832249,-0.14984527,23.445961
6273911177,0.009832493,0.07703925,-5.0209785,3.4831545,-1.8610239,-0.15385403,23.445961
6273921466,0.009218948,0.07659981,-5.02003,3.4997082,-1.8721796,-0.15595898,23.445961
6273931417,0.009489886,0.07628928,-5.0193424,3.5186992,-1.8670733,-0.15512922,23.445688
6273941284,0.009508585,0.07663599,-5.019907,3.5042691,-1.8678043,-0.1546051,23.445688
6273951478,0.009271673,0.07672886,-5.019403,3.497269,-1.8731284,-0.15650104,23.445688
6273961405,0.00963709,0.07610281,-5.0193553,3.5207212,-1.8549508,-0.15596648,23.445688
6273971536,0.010807369,0.07558949,-5.019904,3.533809,-1.8183416,-0.15172295,23.445688
6273981511,0.011692205,0.07528477,-5.0200152,3.5355968,-1.7893676,-0.15063,23.445688
6273991488,0.01211151,0.07476456,-5.019786,3.5525992,-1.7805499,-0.14978497,23.445688
6274001626,0.012490144,0.07407495,-5.0196037,3.5783646,-1.7741896,-0.14805965,23.445688
6274011607,0.012902505,0.07378832,-5.02003,3.5838308,-1.7593331,-0.1460933,23.445688
6274021704,0.013025058,0.073835306,-5.0206504,3.5788524,-1.7550831,-0.14618123,23.445688
6274031767,0.01273719,0.07366957,-5.02064,3.5867977,-1.764771,-0.1459813,23.44559
6274041811,0.012784886,0.07363815,-5.02062,3.5899053,-1.765203,-0.14582497,23.44559
6274051883,0.012823702,0.073980965,-5.0212545,3.5769498,-1.7580045,-0.14472674,23.44559
6274061858,0.012285859,0.074249946,-5.020648,3.5620074,-1.7806948,-0.14588636,23.44559
6274071854,0.011356839,0.07435133,-5.020243,3.5669823,-1.8100215,-0.14761786,23.44559
6274081872,0.011073548,0.07470629,-5.0205684,3.559257,-1.8176099,-0.14748517,23.44559
6274091923,0.010864204,0.07573052,-5.02091,3.5218682,-1.8281214,-0.14839861,23.44559
6274101918,0.010078162,0.07677556,-5.021189,3.4914718,-1.8540132,-0.1518599,23.44559
6274112024,0.009537967,0.07681605,-5.0202484,3.4928446,-1.8674808,-0.15473449,23.44559
6274122131,0.009698827,0.07689895,-5.0201244,3.4935184,-1.8619192,-0.15338926,23.44559
6274132249,0.009545008,0.07767489,-5.020625,3.4669523,-1.8679535,-0.15451556,23.443525
6274142216,0.008866663,0.07813042,-5.020074,3.4489138,-1.8906341,-0.15662278,23.443525
6274152158,0.00877256,0.077620015,-5.0199986,3.4578362,-1.8865186,-0.15781301,23.443525
6274162235,0.009947346,0.07698822,-5.020355,3.4722579,-1.8413575,-0.15381385,23.443525
6274172225,0.010870232,0.07675862,-5.020598,3.4765522,-1.8161573,-0.1506796,23.443525
6274182305,0.010611706,0.07644437,-5.020451,3.4861104,-1.8316077,-0.1515301,23.443525
6274192320,0.010669562,0.07512911,-5.0196567,3.5206356,-1.8208337,-0.15128574,23.443525
6274202330,0.011697654,0.07361046,-5.019467,3.5644577,-1.7776146,-0.1470138,23.443525
6274212493,0.012177435,0.07318624,-5.019746,3.5824952,-1.7756743,-0.14299817,23.443525
6274222559,0.011419088,0.073086485,-5.0190825,3.583462,-1.8008177,-0.14472848,23.443525
6274232589,0.011654109,0.07237056,-5.0189867,3.600752,-1.7858094,-0.14478628,23.441639
6274242541,0.012676577,0.07175691,-5.019673,3.6211946,-1.7517685,-0.14055641,23.441639
6274252558,0.012485038,0.07236918,-5.0195193,3.6107566,-1.7731962,-0.13877025,23.441639
6274262602,0.011370784,0.073222116,-5.019443,3.5882263,-1.8175038,-0.1433442,23.441639
6274272637,0.011035224,0.07358444,-5.01951,3.5763,-1.8187894,-0.14558373,23.441639
6274282641,0.01133968,0.074147105,-5.019823,3.5610042,-1.8101621,-0.1438355,23.441639
6274292785,0.010803813,0.07532794,-5.020118,3.530655,-1.8381491,-0.14533363,23.441639
6274302879,0.010175468,0.07620898,-5.0196466,3.5004072,-1.8591273,-0.1496299,23.441639
6274312794,0.010598977,0.07647173,-5.0204115,3.487952,-1.8319818,-0.15092753,23.441639
6274322907,0.011254398,0.07683146,-5.021313,3.4789846,-1.815171,-0.14862359,23.441639
6274332943,0.010816953,0.077492535,-5.020666,3.4605913,-1.8436093,-0.14933147,23.440496
6274342894,0.010183459,0.07755299,-5.0204573,3.4544609,-1.8580542,-0.15355136,23.440496
6274352940,0.010730879,0.076719075,-5.020453,3.479572,-1.8277671,-0.15306064,23.440496
6274363028,0.011094856,0.07632088,-5.020283,3.500454,-1.8203939,-0.14985691,23.440496
6274373024,0.01023916,0.076461844,-5.019798,3.4996648,-1.8535438,-0.15214051,23.440496
6274383132,0.009847975,0.07588605,-5.0192337,3.5127087,-1.853458,-0.15379539,23.440496
6274393121,0.010634363,0.07476656,-5.0197783,3.550224,-1.8166504,-0.15196447,23.440496
6274403220,0.010909408,0.07433119,-5.0201154,3.57288,-1.8217956,-0.14883687,23.440496
6274413202,0.010143611,0.07438551,-5.0191894,3.570764,-1.8541008,-0.14983042,23.440496
6274423309,0.010391331,0.07363097,-5.019131,3.5859218,-1.8302693,-0.1514813,23.440496
6274433658,0.01189025,0.07262865,-5.019727,3.6167595,-1.775989,-0.14667523,23.440464
6274443341,0.01242074,0.073052645,-5.0197325,3.6132863,-1.7723991,-0.14323017,23.440464
6274453387,0.012011476,0.07409695,-5.019505,3.5743184,-1.7942402,-0.14505573,23.440464
6274463481,0.012370699,0.07413986,-5.019681,3.5576572,-1.7714374,-0.14650466,23.440464
6274473497,0.013226001,0.07417289,-5.020598,3.564736,-1.7477884,-0.14292522,23.440464
6274483489,0.012614084,0.0752143,-5.020748,3.5418684,-1.7813507,-0.14331941,23.440464
6274493508,0.011502847,0.07633342,-5.0198603,3.4985871,-1.8190285,-0.14741744,23.440464
6274503585,0.011390585,0.07633535,-5.019905,3.4905994,-1.803385,-0.14933972,23.440464
6274513603,0.011626156,0.07608697,-5.020345,3.507865,-1.7971544,-0.14754543,23.440464
6274523673,0.010540225,0.07687839,-5.019973,3.4924338,-1.8471243,-0.14902307,23.440464
6274533898,0.009159649,0.07759383,-5.019271,3.4658015,-1.890132,-0.15474005,23.440655
6274543739,0.009051153,0.0767554,-5.0190516,3.4850478,-1.8794669,-0.15561369,23.440655
6274554002,0.00936953,0.07602159,-5.020017,3.5233061,-1.866447,-0.15269989,23.440655
6274563867,0.009157133,0.07627959,-5.0198464,3.5220919,-1.8888334,-0.15265885,23.440655
6274573839,0.008932149,0.076073,-5.01893,3.5097108,-1.8923851,-0.15435529,23.440655
6274583882,0.009842526,0.075019665,-5.0193844,3.5368614,-1.8519692,-0.15316576,23.440655
6274593974,0.010931909,0.074364856,-5.0199533,3.5660024,-1.8224175,-0.1483818,23.440655
6274603964,0.01118762,0.07489348,-5.0198298,3.5473168,-1.8276752,-0.14724404,23.440655
6274614039,0.011464528,0.075062476,-5.019522,3.5254555,-1.811693,-0.14804524,23.440655
6274624183,0.012788985,0.074138425,-5.019848,3.5493636,-1.7623153,-0.14515671,23.440655
6274634332,0.013693619,0.073693424,-5.021017,3.5724864,-1.7363317,-0.1409595,23.438814
6274644124,0.013489016,0.07445338,-5.021029,3.5486083,-1.7555848,-0.14084595,23.438814
6274654142,0.013035891,0.074639015,-5.0198994,3.5283864,-1.770721,-0.14374916,23.438814
6274664451,0.012866979,0.074035294,-5.0198183,3.5532742,-1.7625449,-0.14431114,23.438814
6274674246,0.012704915,0.073889196,-5.020109,3.573109,-1.7681255,-0.14322832,23.438814
6274684291,0.011879521,0.07458981,-5.019484,3.551679,-1.7990661,-0.14446734,23.438814
6274694385,0.011169314,0.074794285,-5.0189457,3.5395796,-1.819716,-0.14824802,23.438814
6274704385,0.010901401,0.074250855,-5.0190663,3.5637722,-1.8230627,-0.14926806,23.438814
6274714414,0.010426682,0.07465055,-5.0201263,3.5676637,-1.8435775,-0.14867143,23.438814
6274724520,0.009391401,0.07590705,-5.0199385,3.526722,-1.8830128,-0.15223171,23.438814
6274734675,0.008809863,0.07644558,-5.0188055,3.4977589,-1.8976947,-0.15501592,23.437017
6274744621,0.009054702,0.07631581,-5.0192356,3.5051935,-1.879104,-0.15594372,23.437017
6274754584,0.009555114,0.076529816,-5.0198736,3.5009568,-1.8663192,-0.15412514,23.437017
6274764622,0.009820254,0.07694099,-5.0195255,3.4748113,-1.8653913,-0.15410054,23.437017
6274774778,0.010329904,0.07666079,-5.0192633,3.4737146,-1.8473591,-0.15416506,23.437017
6274784916,0.011222987,0.07594741,-5.0196724,3.4998126,-1.8161118,-0.15148354,23.437017
6274794811,0.011885224,0.07575497,-5.020713,3.504346,-1.8029076,-0.14883815,23.437017
6274804899,0.011928907,0.075979665,-5.020304,3.4905326,-1.8032037,-0.14785677,23.437017
6274814903,0.012037518,0.07519849,-5.018966,3.5059295,-1.7930119,-0.14930727,23.437017
6274824944,0.012523437,0.07423923,-5.019367,3.5458758,-1.7748077,-0.14668155,23.437017
6274835006,0.012603326,0.07398958,-5.0196233,3.5641818,-1.7739235,-0.14557734,23.437052
6274844961,0.012267054,0.07385094,-5.0189524,3.5651617,-1.7912518,-0.14551316,23.437052
6274854956,0.011777088,0.07331292,-5.0187154,3.587872,-1.7983736,-0.14812963,23.437052
6274865053,0.011742319,0.07284955,-5.019174,3.6154613,-1.7941929,-0.1456895,23.437052
6274875047,0.011506761,0.07327653,-5.019991,3.605622,-1.8031305,-0.1469006,23.437052
6274885082,0.011017159,0.0740216,-5.0196986,3.5800266,-1.8229563,-0.14850175,23.437052
6274895159,0.010753244,0.07424265,-5.0190973,3.572424,-1.8254778,-0.14982724,23.437052
6274905194,0.010861128,0.07459147,-5.0198665,3.56569,-1.8191787,-0.14973785,23.437052
6274915264,0.010834522,0.075533725,-5.0201464,3.5351985,-1.8270121,-0.14956976,23.437052
6274925314,0.010445236,0.07622744,-5.019522,3.5032175,-1.8410583,-0.15154502,23.437052
6274935394,0.010333112,0.07625032,-5.019565,3.4955494,-1.8372792,-0.1520512,23.435822
6274945388,0.010601637,0.07641591,-5.0198107,3.4901676,-1.8250976,-0.15142168,23.435822
6274955586,0.010743671,0.07705537,-5.0203886,3.4661655,-1.8284012,-0.15075384,23.435822
6274965485,0.010430612,0.07725507,-5.0200763,3.4497333,-1.8372643,-0.1529147,23.435822
6274975496,0.010541587,0.07664907,-5.019278,3.4661243,-1.8312889,-0.1517787,23.435822
6274985629,0.010687433,0.0759452,-5.019939,3.490036,-1.8214614,-0.15034425,23.435822
6274995583,0.010456388,0.07560773,-5.0198483,3.5008614,-1.8303776,-0.14901662,23.435822
6275005615,0.010187992,0.07497658,-5.0189233,3.5178285,-1.83941,-0.15145119,23.435822
6275015624,0.010526094,0.073899426,-5.0189147,3.5521884,-1.8229437,-0.15047263,23.435822
6275025870,0.011114161,0.07317116,-5.019405,3.5783188,-1.8009377,-0.14881733,23.435822
6275035820,0.011294077,0.0732682,-5.0199394,3.5822964,-1.8046485,-0.14905031,23.435375
6275045838,0.011094958,0.07322713,-5.0196195,3.5850859,-1.8134775,-0.14987604,23.435375
6275055894,0.011246095,0.07280489,-5.019035,3.5966003,-1.805313,-0.14877674,23.435375
6275065840,0.011707484,0.072898604,-5.01979,3.594808,-1.7976108,-0.14747293,23.435375
6275075934,0.011655829,0.07359791,-5.0198827,3.5748646,-1.8041555,-0.14739072,23.435375
6275085975,0.011393038,0.074209906,-5.0192404,3.554307,-1.8110485,-0.14909224,23.435375
6275095980,0.011614813,0.07445775,-5.01926,3.543345,-1.8025464,-0.14946242,23.435375
6275106049,0.011846681,0.07502886,-5.0199327,3.5298924,-1.7961,-0.14670725,23.435375
6275116017,0.01147661,0.07584778,-5.0204034,3.5060804,-1.8110919,-0.14867538,23.435375
6275126122,0.01091603,0.07640468,-5.019922,3.4883044,-1.8316504,-0.1505417,23.435375
6275136204,0.010866415,0.07634961,-5.0194373,3.4859161,-1.8322278,-0.15113722,23.434988
6275146156,0.01086901,0.076282665,-5.020124,3.488289,-1.8264537,-0.15048622,23.434988
6275156211,0.010654802,0.07636499,-5.020324,3.4886944,-1.8367321,-0.15018536,23.434988
6275166226,0.010142434,0.07626618,-5.019479,3.4929748,-1.8489851,-0.15094246,23.434988
6275176359,0.010070282,0.07591933,-5.019533,3.5019753,-1.8481694,-0.15167639,23.434988
6275186321,0.010276275,0.0755283,-5.019914,3.5105739,-1.8419952,-0.15188377,23.434988
6275196376,0.010368858,0.07538283,-5.020455,3.5197139,-1.8443257,-0.15186286,23.434988
6275206604,0.010318164,0.07492483,-5.0200214,3.5310545,-1.8418187,-0.1522366,23.434988
6275216422,0.010706424,0.074425034,-5.0193915,3.5461187,-1.8287495,-0.15036227,23.434988
6275226649,0.011231256,0.07405697,-5.0201607,3.5600977,-1.8117477,-0.14876677,23.434988
6275236624,0.011571136,0.07378243,-5.020259,3.5682945,-1.7996479,-0.1466617,23.434053
6275246625,0.011873139,0.07365643,-5.019974,3.5706656,-1.7908452,-0.14651467,23.434053
6275256622,0.012177238,0.0735534,-5.0199947,3.5670702,-1.7804387,-0.14620206,23.434053
6275266675,0.012421572,0.07367679,-5.0201206,3.5616906,-1.7740219,-0.14668368,23.434053
6275276725,0.012330202,0.07389862,-5.020582,3.5564945,-1.7749269,-0.14715001,23.434053
6275286797,0.012247879,0.07425847,-5.0203195,3.5497258,-1.7802753,-0.14783984,23.434053
6275296839,0.011887143,0.07466796,-5.0195837,3.5389156,-1.7910633,-0.14730735,23.434053
6275306926,0.011374057,0.07514641,-5.02004,3.5276203,-1.8099099,-0.14990146,23.434053
6275316872,0.010919994,0.07526935,-5.020136,3.5196545,-1.8223548,-0.15074255,23.434053
6275326981,0.010589647,0.075352,-5.0198064,3.5128767,-1.8290584,-0.15119168,23.434053
6275337051,0.010149643,0.075629964,-5.0196867,3.5072243,-1.8441099,-0.15205644,23.432472
6275347043,0.009777188,0.07578729,-5.0194373,3.5035582,-1.8588246,-0.15249312,23.432472
6275357163,0.009567869,0.07581782,-5.0196176,3.506469,-1.857761,-0.15313773,23.432472
6275367081,0.009617926,0.0758542,-5.0199785,3.5109372,-1.8539591,-0.15185122,23.432472
6275377101,0.009663314,0.07605466,-5.0193496,3.5055506,-1.8633182,-0.15140049,23.432472
6275387205,0.009571153,0.07611351,-5.0195518,3.5026336,-1.8672853,-0.15264438,23.432472
6275397247,0.009989138,0.07555442,-5.019582,3.5145547,-1.8457705,-0.15316968,23.432472
6275407238,0.010850404,0.07502484,-5.019637,3.5315402,-1.8171375,-0.14963943,23.432472
6275417306,0.011289425,0.074988365,-5.019653,3.5350654,-1.8110633,-0.14867903,23.432472
6275427466,0.011423416,0.07492428,-5.0193486,3.5358026,-1.8102616,-0.14844131,23.432472
6275437498,0.011915995,0.07449959,-5.019835,3.5486665,-1.79006,-0.14797361,23.430174
6275447428,0.012572722,0.07413139,-5.0202327,3.5631478,-1.771451,-0.14594501,23.430174
6275457527,0.012613713,0.07433269,-5.0200133,3.5599933,-1.7810115,-0.14558825,23.430174
6275467498,0.012142011,0.07443224,-5.019917,3.552883,-1.7949215,-0.14705564,23.430174
6275477485,0.012048265,0.073932715,-5.0198507,3.5643134,-1.7857732,-0.14782952,23.430174
6275487600,0.012142684,0.07366735,-5.019921,3.57994,-1.7792478,-0.14591001,23.430174
6275497638,0.011736801,0.074174225,-5.019974,3.5709968,-1.8016436,-0.14559239,23.430174
6275507620,0.011021121,0.07463383,-5.0194163,3.5535054,-1.8273704,-0.1478968,23.430174
6275517652,0.010755705,0.07473065,-5.0195417,3.5527377,-1.8283982,-0.14942528,23.430174
6275527785,0.010787012,0.074885845,-5.0199437,3.5496936,-1.8257589,-0.14921524,23.430174
6275537854,0.01039335,0.0756404,-5.019567,3.5242476,-1.8434665,-0.1484431,23.429363
6275547797,0.009827727,0.07647182,-5.0196466,3.4966054,-1.8615373,-0.1517887,23.429363
6275557834,0.009681621,0.07652898,-5.0193334,3.4915397,-1.8553683,-0.1525384,23.429363
6275567951,0.010221949,0.076431,-5.0191507,3.4968429,-1.8426491,-0.15116616,23.429363
6275577939,0.010488339,0.07660016,-5.0192924,3.4906645,-1.8444183,-0.15037549,23.429363
6275587947,0.010563656,0.07649121,-5.0188847,3.4863706,-1.8414706,-0.15086493,23.429363
6275598008,0.010951203,0.075876355,-5.019269,3.4992647,-1.8226992,-0.15013291,23.429363
6275608058,0.011444809,0.07549029,-5.0195003,3.5144508,-1.8075911,-0.14811957,23.429363
6275618061,0.011548162,0.075360805,-5.019466,3.5175219,-1.8087109,-0.14734785,23.429363
6275628206,0.011487828,0.07521632,-5.019495,3.52411,-1.8114684,-0.14774065,23.429363
6275638438,0.011658865,0.074569665,-5.019183,3.545194,-1.8052737,-0.14805992,23.430084
6275648202,0.011801246,0.07395007,-5.0187373,3.5629268,-1.8001918,-0.14609121,23.430084
6275658247,0.011876893,0.07366943,-5.0186305,3.569328,-1.8019775,-0.14600465,23.430084
6275668276,0.011860122,0.07327889,-5.0186205,3.5766122,-1.7999362,-0.14565939,23.430084
6275678349,0.011839336,0.07303926,-5.019189,3.5865953,-1.7940291,-0.14593254,23.430084
6275688344,0.011711074,0.073301874,-5.0193925,3.5831544,-1.8003213,-0.14488892,23.430084
6275698391,0.011468668,0.073712096,-5.018868,3.566677,-1.8109145,-0.1456887,23.430084
6275708507,0.011406533,0.073984526,-5.019391,3.5557945,-1.809522,-0.14707738,23.430084
6275718516,0.011532046,0.074278615,-5.019431,3.5472856,-1.8059536,-0.1462489,23.430084
6275728567,0.011403057,0.07482447,-5.01918,3.5268385,-1.8165022,-0.14627959,23.430084
6275738705,0.011172393,0.07551424,-5.019112,3.504491,-1.8275336,-0.14739555,23.428719
6275748770,0.011190772,0.07588297,-5.019396,3.4965484,-1.8248403,-0.14804406,23.428719
6275758634,0.011222858,0.07620014,-5.020101,3.4923928,-1.825581,-0.14878646,23.428719
6275768722,0.010775755,0.076791406,-5.0200367,3.4778306,-1.8406692,-0.1492449,23.428719
6275778746,0.010425969,0.0768883,-5.01932,3.4698613,-1.8500239,-0.1492716,23.428719
6275788803,0.010649215,0.076299176,-5.0196385,3.4884026,-1.8397071,-0.14970605,23.428719
6275798805,0.010927447,0.07576391,-5.0198298,3.513911,-1.8310649,-0.1479444,23.428719
6275808847,0.010800688,0.07550745,-5.0192056,3.5230803,-1.8394543,-0.14661464,23.428719
6275818921,0.010753235,0.07513498,-5.018829,3.5320928,-1.8421739,-0.14771026,23.428719
6275828951,0.011071294,0.07439719,-5.0189734,3.5564024,-1.8223636,-0.14697981,23.428719
6275839104,0.011409001,0.073913135,-5.0197153,3.5724163,-1.8098874,-0.14539057,23.425213
6275849048,0.011381043,0.07383859,-5.019475,3.5705886,-1.8169606,-0.14530677,23.425213
6275859057,0.011368282,0.07359676,-5.0187206,3.568927,-1.8138674,-0.14448245,23.425213
6275869137,0.011914599,0.07313046,-5.0192685,3.5798826,-1.7941638,-0.14448312,23.425213
6275879131,0.012390684,0.073238835,-5.0195427,3.5844264,-1.7833817,-0.14385125,23.425213
6275889161,0.012251185,0.07369604,-5.0193644,3.5669327,-1.7923212,-0.14420992,23.425213
6275899249,0.011899704,0.074085146,-5.0192037,3.547489,-1.800865,-0.1451769,23.425213
6275909295,0.011925824,0.07424396,-5.019402,3.5417788,-1.7974035,-0.14573196,23.425213
6275919338,0.01179715,0.07457158,-5.020013,3.534285,-1.7968373,-0.14562228,23.425213
6275929516,0.011429119,0.075147994,-5.0196123,3.516411,-1.8138738,-0.14660436,23.425213
6275939518,0.010968487,0.07537774,-5.018719,3.5060277,-1.8288623,-0.14831078,23.42432
6275949478,0.010747055,0.07528758,-5.0189223,3.512292,-1.8277993,-0.14913368,23.42432
6275959499,0.01069151,0.07519952,-5.018926,3.520459,-1.8301332,-0.14858562,23.42432
6275969486,0.010240232,0.07555867,-5.018382,3.5155118,-1.8485749,-0.14842036,23.42432
6275979627,0.009754887,0.07577852,-5.018455,3.5068817,-1.8589462,-0.15021253,23.42432
6275989668,0.009889396,0.07570967,-5.0184917,3.5059407,-1.8501581,-0.15010291,23.42432
6275999675,0.010121241,0.07583658,-5.0189586,3.506115,-1.8404682,-0.1495831,23.42432
6276009803,0.01010041,0.076010965,-5.0187097,3.5027108,-1.8437583,-0.14993049,23.42432
6276019825,0.010107809,0.07571634,-5.01778,3.5054033,-1.8442271,-0.15058397,23.42432
6276029833,0.010584938,0.07510992,-5.0183516,3.5224407,-1.825108,-0.15013158,23.42432
6276041044,0.011224324,0.07453671,-5.018527,3.5393348,-1.8050313,-0.14780039,23.424728
6276050124,0.011580884,0.07429555,-5.018273,3.5454047,-1.7988338,-0.14605598,23.424728
6276059844,0.011798816,0.07408773,-5.0184803,3.5501282,-1.7917216,-0.14605828,23.424728
6276069886,0.012300295,0.07357967,-5.018757,3.5644314,-1.7738974,-0.14489977,23.424728
6276079986,0.012391612,0.0734587,-5.019222,3.5741885,-1.7723603,-0.14342454,23.424728
6276090159,0.011903112,0.07369284,-5.018797,3.5713937,-1.7929761,-0.14422368,23.424728
6276100062,0.01155983,0.07359538,-5.018031,3.5713198,-1.8037479,-0.14603254,23.424728
6276110125,0.011518993,0.07343819,-5.01839,3.5738077,-1.8010103,-0.14509471,23.424728
6276120133,0.011348536,0.07384894,-5.018494,3.5677989,-1.8116543,-0.14439945,23.424728
6276130276,0.01079118,0.074381694,-5.018131,3.5487726,-1.8320715,-0.14602375,23.424728
6276140534,0.010494706,0.07473118,-5.018301,3.5370662,-1.834361,-0.14796048,23.42217
6276150237,0.010635546,0.074945524,-5.018957,3.5316615,-1.8288529,-0.14767371,23.42217
6276160370,0.010444341,0.075646035,-5.0194025,3.5148623,-1.839824,-0.14837405,23.42217
6276170390,0.010081843,0.07622969,-5.019052,3.493195,-1.8539872,-0.15082979,23.42217
6276180347,0.010178897,0.076017655,-5.0182347,3.4896193,-1.845137,-0.15080065,23.42217
6276190579,0.010745156,0.07592515,-5.019099,3.49506,-1.826814,-0.14992043,23.42217
6276200469,0.01080515,0.076176785,-5.0193844,3.489509,-1.8301873,-0.14878644,23.42217
6276210507,0.010518253,0.07628348,-5.018934,3.4864688,-1.842144,-0.15044084,23.42217
6276220621,0.010769957,0.07559754,-5.018901,3.5030086,-1.8303585,-0.15143535,23.42217
6276230622,0.011247555,0.07494115,-5.0190144,3.5282385,-1.8096722,-0.14863451,23.42217
6276240756,0.01144091,0.07483662,-5.0192685,3.5390487,-1.8157856,-0.1467452,23.421267
6276250672,0.011151259,0.0746364,-5.018584,3.5455368,-1.8282982,-0.14810045,23.421267
6276260849,0.01136903,0.07382236,-5.0179815,3.5663161,-1.8156042,-0.14797848,23.421267
6276270839,0.011929926,0.07341227,-5.0186543,3.583667,-1.7978126,-0.1453537,23.421267
6276280833,0.012005523,0.0738104,-5.0190525,3.577085,-1.8065279,-0.14453214,23.421267
6276290834,0.011636302,0.074023016,-5.018076,3.5642965,-1.8203328,-0.1443656,23.421267
6276300873,0.011834226,0.07380426,-5.0179086,3.567198,-1.8059561,-0.14492871,23.421267
6276310965,0.012459835,0.07363853,-5.0181003,3.5712793,-1.7844398,-0.14218126,23.421267
6276320960,0.012297245,0.074286796,-5.0185447,3.5575411,-1.7934151,-0.14103286,23.421267
6276331140,0.011821305,0.07485693,-5.01838,3.5351584,-1.8137798,-0.14319044,23.421267
6276341217,0.011721332,0.075019896,-5.0181212,3.5237005,-1.8071244,-0.14393607,23.420145
6276351057,0.012015125,0.07540977,-5.0187974,3.5139227,-1.7966704,-0.14127128,23.420145
6276361181,0.011538859,0.07618602,-5.018792,3.4932785,-1.8196552,-0.14137118,23.420145
6276371207,0.010623137,0.07658148,-5.018105,3.4762692,-1.8442905,-0.14460938,23.420145
6276381197,0.010524634,0.0761452,-5.017697,3.4844728,-1.8379357,-0.14556505,23.420145
6276391381,0.010768871,0.075632155,-5.017923,3.5056818,-1.8280046,-0.14500245,23.420145
6276401345,0.010405257,0.07578152,-5.018227,3.5120828,-1.8471915,-0.1452082,23.420145
6276411334,0.009946265,0.07575509,-5.0178843,3.512279,-1.8606998,-0.14708877,23.420145
6276421351,0.010387673,0.07508494,-5.017681,3.527897,-1.8424915,-0.1471526,23.420145
6276431489,0.01079802,0.074826755,-5.0184336,3.5453413,-1.8286227,-0.14522974,23.420145
6276441565,0.010569792,0.07475849,-5.018242,3.5465324,-1.8420293,-0.14593616,23.418777
6276451506,0.010384676,0.07456819,-5.017573,3.5466592,-1.8429033,-0.14855221,23.418777
6276461557,0.011020932,0.07405166,-5.017647,3.5597868,-1.812765,-0.14783475,23.418777
6276471590,0.011657665,0.07374753,-5.017766,3.5675223,-1.7979726,-0.14489397,23.418777
6276481677,0.01159678,0.074183494,-5.0182085,3.5584972,-1.8086283,-0.14556068,23.418777
6276491629,0.011738039,0.074242555,-5.018079,3.548821,-1.8030721,-0.14644893,23.418777
6276501682,0.012441986,0.07374923,-5.0177712,3.5530515,-1.7771225,-0.14461973,23.418777
6276511708,0.012745895,0.073964894,-5.018713,3.552899,-1.7727606,-0.14393973,23.418777
6276521875,0.012373697,0.074494176,-5.0186105,3.5361884,-1.7898608,-0.14474227,23.418777
6276531838,0.012098506,0.07450977,-5.017775,3.5274024,-1.7969898,-0.14626196,23.418777
6276542052,0.011914776,0.07458128,-5.0178494,3.5354955,-1.7987834,-0.14500605,23.418255
6276551895,0.011443199,0.07486799,-5.0180016,3.534193,-1.821096,-0.1453198,23.418255
6276561994,0.010619508,0.07544163,-5.0182395,3.5177076,-1.8492367,-0.14850627,23.418255
6276572051,0.010307904,0.075751685,-5.0180974,3.5094776,-1.8549762,-0.15013102,23.418255
6276582012,0.010448067,0.0754844,-5.017647,3.5132668,-1.8477409,-0.14863181,23.418255
6276592034,0.010278675,0.075486325,-5.018204,3.516301,-1.8484601,-0.14870355,23.418255
6276602099,0.010130215,0.0756985,-5.0183315,3.51248,-1.853268,-0.14781791,23.418255
6276612145,0.010098884,0.07544461,-5.0178723,3.512834,-1.8504108,-0.14774941,23.418255
6276622179,0.010331909,0.07514885,-5.0178113,3.5222409,-1.8440979,-0.14716971,23.418255
6276632303,0.010538784,0.07513502,-5.0182343,3.5259948,-1.8322002,-0.14593956,23.418255
6276642359,0.011069072,0.07515545,-5.0188394,3.5182402,-1.8167428,-0.14629005,23.41579
6276652324,0.011423574,0.074919745,-5.0186224,3.5144806,-1.8034363,-0.14543855,23.41579
6276662413,0.011849524,0.07453214,-5.0178595,3.52654,-1.7956482,-0.14347118,23.41579
6276672348,0.012077487,0.07403513,-5.018182,3.5421662,-1.784772,-0.1432067,23.41579
6276682529,0.012221425,0.07375784,-5.018259,3.5527637,-1.7805188,-0.14195357,23.41579
6276692486,0.012055602,0.07369982,-5.0178246,3.5582027,-1.7909911,-0.1408442,23.41579
6276702491,0.011823484,0.07344462,-5.017749,3.5640326,-1.7963302,-0.1420068,23.41579
6276712669,0.011828901,0.073419034,-5.0178237,3.5701632,-1.7937452,-0.14112945,23.41579
6276722622,0.01161335,0.07359904,-5.0179815,3.567495,-1.8055037,-0.14133018,23.41579
6276732714,0.011066526,0.07388309,-5.017599,3.5615108,-1.8265454,-0.14313087,23.41579
6276742770,0.010715318,0.074045815,-5.016899,3.5530295,-1.8352538,-0.14282596,23.41448
6276752706,0.010775022,0.074223466,-5.0174007,3.5505033,-1.8313894,-0.14372212,23.41448
6276762962,0.010665336,0.07436496,-5.017592,3.5485978,-1.8339223,-0.14369857,23.41448
6276772902,0.01049155,0.07494111,-5.017549,3.5360487,-1.8420047,-0.14456937,23.41448
6276782802,0.010518651,0.075394444,-5.0178857,3.5166628,-1.8354061,-0.14608598,23.41448
6276792893,0.01078382,0.07565709,-5.0181665,3.502413,-1.8255333,-0.1453197,23.41448
6276802897,0.010641797,0.07617267,-5.0182595,3.4932222,-1.8348334,-0.14639354,23.41448
6276812961,0.010534287,0.07623809,-5.01756,3.4833148,-1.8393242,-0.14809266,23.41448
6276823057,0.010825931,0.07601703,-5.0172067,3.4830616,-1.8203961,-0.14723006,23.41448
6276833242,0.011247489,0.07586569,-5.0178227,3.490536,-1.8099653,-0.1462233,23.41448
6276843209,0.011214528,0.07542726,-5.0176454,3.507116,-1.8135387,-0.14745243,23.414154
6276853143,0.011267122,0.0748905,-5.0173087,3.5253358,-1.8088735,-0.1467723,23.414154
6276863265,0.011707057,0.07433612,-5.017647,3.5376391,-1.7962915,-0.14618737,23.414154
6276873171,0.011800461,0.073775925,-5.017779,3.5543206,-1.7937512,-0.14421946,23.414154
6276883220,0.011674745,0.07343269,-5.0179014,3.5746896,-1.8025597,-0.14486215,23.414154
6276893342,0.011532295,0.073126316,-5.017521,3.5851588,-1.8048799,-0.14518546,23.414154
6276903395,0.011664946,0.07290467,-5.017239,3.5886905,-1.8012748,-0.14428195,23.414154
6276913363,0.011561452,0.07311465,-5.018281,3.589012,-1.8061508,-0.14476429,23.414154
6276923429,0.011343066,0.07367519,-5.018327,3.579428,-1.8202615,-0.14561373,23.414154
6276933500,0.011173198,0.07402493,-5.017702,3.5618937,-1.8242652,-0.14600676,23.414154
6276943609,0.011196457,0.074416116,-5.0178924,3.550711,-1.8187457,-0.14626269,23.41387
6276953498,0.011211413,0.07473636,-5.018125,3.5400803,-1.8220395,-0.14686866,23.41387
6276963565,0.010947254,0.07525849,-5.018443,3.5242712,-1.8282527,-0.14760646,23.41387
6276973621,0.01095469,0.07568309,-5.018211,3.507859,-1.8285273,-0.14788948,23.41387
6276983667,0.01099244,0.07583278,-5.0175347,3.4945593,-1.8260345,-0.14713684,23.41387
6276993690,0.011124759,0.0762396,-5.018256,3.4871838,-1.825962,-0.14851731,23.41387
6277003713,0.011083899,0.07661413,-5.018242,3.4785433,-1.8276321,-0.1487647,23.41387
6277013758,0.011030818,0.07659498,-5.0178137,3.4757578,-1.8317612,-0.14830148,23.41387
6277023807,0.010941442,0.07618028,-5.0177517,3.4881065,-1.8314229,-0.14869761,23.41387
6277034016,0.011080342,0.07558168,-5.017987,3.5085175,-1.8277714,-0.14883168,23.41387
6277044032,0.011191102,0.07519073,-5.018693,3.5196052,-1.8266495,-0.14772573,23.4118
6277053942,0.011211986,0.07502738,-5.018442,3.5269158,-1.8234165,-0.14726241,23.4118
6277063978,0.011369043,0.074551135,-5.01792,3.53814,-1.817072,-0.14640659,23.4118
6277074040,0.011374256,0.07420018,-5.0180902,3.5504348,-1.8119336,-0.14638565,23.4118
6277084075,0.011455275,0.07397296,-5.018273,3.5620341,-1.8109295,-0.1469584,23.4118
6277094262,0.011377725,0.07354629,-5.0174446,3.5703301,-1.8100703,-0.14550082,23.4118
6277104137,0.011413455,0.07327585,-5.0174365,3.578649,-1.8091975,-0.14443214,23.4118
6277114268,0.011421018,0.07308099,-5.0175033,3.5801268,-1.8050059,-0.14432086,23.4118
6277124273,0.011603591,0.07317411,-5.017952,3.574987,-1.7992492,-0.14451869,23.4118
6277134333,0.011684232,0.073448606,-5.0176654,3.5672343,-1.796271,-0.14378981,23.4118
6277144485,0.011770542,0.073652886,-5.0170064,3.5569727,-1.7972777,-0.14458188,23.410463
6277154489,0.011778654,0.07408947,-5.0176005,3.5425298,-1.7988759,-0.14488058,23.410463
6277164511,0.011668469,0.07458911,-5.0175323,3.5272481,-1.8048242,-0.14521831,23.410463
6277174503,0.011521162,0.07495874,-5.017036,3.5156949,-1.8159657,-0.14511307,23.410463
6277184507,0.011179511,0.07525074,-5.016942,3.503675,-1.8269684,-0.14558892,23.410463
6277194544,0.010918978,0.07559389,-5.0171976,3.4950092,-1.833616,-0.14762866,23.410463
6277204897,0.010840179,0.07564485,-5.017667,3.4911747,-1.8368465,-0.14976779,23.410463
6277214616,0.010867806,0.07569379,-5.0175967,3.4948132,-1.8371,-0.14987884,23.410463
6277224709,0.010958767,0.075366005,-5.0168366,3.498381,-1.8373781,-0.1488624,23.410463
6277234732,0.01092743,0.07520658,-5.017467,3.5060444,-1.8359398,-0.1485223,23.410463
6277244866,0.010842232,0.07485352,-5.0173893,3.5169318,-1.8329391,-0.14694384,23.409193
6277254854,0.010876568,0.074415416,-5.016814,3.5299618,-1.8333825,-0.14594789,23.409193
6277264799,0.010870777,0.07419013,-5.0170794,3.5404398,-1.8325424,-0.14543824,23.409193
6277274935,0.010964241,0.074067734,-5.017096,3.5458379,-1.8272094,-0.14539005,23.409193
6277284880,0.011148918,0.074061505,-5.0175233,3.5476007,-1.8186712,-0.14483674,23.409193
6277294931,0.011636786,0.07388881,-5.0173645,3.5474043,-1.808063,-0.14400426,23.409193
6277304982,0.01210629,0.07366818,-5.016755,3.552284,-1.7937617,-0.14210583,23.409193
6277315020,0.01222698,0.073570296,-5.0169106,3.5592353,-1.7883488,-0.14115535,23.409193
6277325099,0.012103069,0.0736229,-5.0171766,3.5608375,-1.7916737,-0.14098613,23.409193
6277335167,0.012051599,0.07372935,-5.016751,3.5551288,-1.7929134,-0.14190896,23.409193
6277345244,0.012127444,0.07406184,-5.017199,3.5499363,-1.7950932,-0.1425417,23.409359
6277355183,0.011803067,0.07449668,-5.0172396,3.540979,-1.8099649,-0.14323774,23.409359
6277365179,0.011210958,0.07498597,-5.01743,3.5285993,-1.8300622,-0.14571638,23.409359
6277375253,0.010912771,0.07508087,-5.017304,3.5214293,-1.8368655,-0.14703698,23.409359
6277385425,0.011021446,0.07503116,-5.0170155,3.5237796,-1.8364604,-0.14687964,23.409359
6277395385,0.010676754,0.07544077,-5.0174923,3.5236087,-1.8477737,-0.14706647,23.409359
6277405379,0.010361463,0.07563404,-5.017365,3.5140307,-1.8599471,-0.1491052,23.409359
6277415463,0.010475664,0.075425066,-5.0169177,3.5120075,-1.8502158,-0.1491798,23.409359
6277425597,0.01094599,0.07528699,-5.0173054,3.519486,-1.8347793,-0.14770462,23.409359
6277435652,0.011006625,0.0755222,-5.0175176,3.515798,-1.8415529,-0.14703095,23.409359
6277445687,0.010669926,0.07572515,-5.0175986,3.5033448,-1.848335,-0.14831029,23.407698
6277455588,0.010950062,0.0753251,-5.0174084,3.5072765,-1.8283961,-0.14808565,23.407698
6277465609,0.011744833,0.07472887,-5.01705,3.5274284,-1.8043475,-0.14510354,23.407698
6277475672,0.011901303,0.07460195,-5.017652,3.5378513,-1.803392,-0.14411935,23.407698
6277485738,0.011769027,0.07454438,-5.0175915,3.5367756,-1.8112332,-0.14385843,23.407698
6277495756,0.011931083,0.07391664,-5.0170636,3.5467057,-1.8015088,-0.14353786,23.407698
6277505765,0.012106024,0.07348505,-5.017577,3.5681648,-1.7913901,-0.14197707,23.407698
6277515863,0.011955379,0.073741764,-5.0180674,3.5687087,-1.8035518,-0.14136872,23.407698
6277525986,0.011444844,0.07417663,-5.018173,3.5524669,-1.8199296,-0.14283547,23.407698
6277535941,0.011373165,0.07414314,-5.017776,3.5520046,-1.8192897,-0.14412564,23.407698
6277546246,0.011429522,0.07398969,-5.017209,3.561832,-1.8156391,-0.14231795,23.40779
6277555980,0.011195189,0.07436655,-5.017435,3.553918,-1.8254861,-0.14272352,23.40779
6277566036,0.010979664,0.074752584,-5.0171585,3.5343952,-1.8296616,-0.14359194,23.40779
6277576066,0.011218119,0.07472655,-5.016604,3.5266688,-1.8198931,-0.14359558,23.40779
6277586121,0.011284817,0.07494335,-5.0170083,3.5267503,-1.8164284,-0.14416727,23.40779
6277596169,0.011090334,0.07545105,-5.0170884,3.5131493,-1.8259261,-0.14433582,23.40779
6277606299,0.010742713,0.07587399,-5.017233,3.4930155,-1.8330078,-0.14533742,23.40779
6277616265,0.010649958,0.075932756,-5.01693,3.4887376,-1.8344617,-0.1467064,23.40779
6277626239,0.010637354,0.075866565,-5.0164824,3.4904199,-1.8350453,-0.1464236,23.40779
6277636383,0.010541107,0.07583415,-5.01696,3.485665,-1.8366768,-0.14662318,23.40779
6277646532,0.010601261,0.07551663,-5.0167675,3.4906285,-1.8358951,-0.1468904,23.405857
6277656365,0.010831787,0.07482593,-5.0165477,3.5127614,-1.8312088,-0.1472094,23.405857
6277666395,0.010992412,0.07437941,-5.017096,3.5320864,-1.8271048,-0.14673117,23.405857
6277676500,0.011070496,0.07428182,-5.0173087,3.5365815,-1.8255056,-0.14617097,23.405857
6277686570,0.011399068,0.07391295,-5.017267,3.542274,-1.8162109,-0.14592533,23.405857
6277696580,0.011718247,0.073520035,-5.017116,3.556385,-1.8045375,-0.14432557,23.405857
6277706584,0.011978346,0.073364936,-5.0166383,3.5621357,-1.8013654,-0.14277512,23.405857
6277716938,0.011982931,0.07352306,-5.016972,3.5559754,-1.801426,-0.14245781,23.405857
6277726653,0.01199484,0.07353263,-5.0167375,3.5576105,-1.7988043,-0.14277366,23.405857
6277736747,0.011998214,0.073572576,-5.0162945,3.5610857,-1.7993767,-0.14269213,23.405857
6277746837,0.011955783,0.074009374,-5.016351,3.5511446,-1.8039412,-0.14389125,23.405905
6277756830,0.01192351,0.07432555,-5.0162663,3.536334,-1.8039753,-0.14280605,23.405905
6277766888,0.011707523,0.07438495,-5.0165377,3.5331233,-1.8057886,-0.14402318,23.405905
6277776894,0.011446375,0.07445851,-5.016735,3.534614,-1.8152918,-0.14364512,23.405905
6277786874,0.011029033,0.07482337,-5.016664,3.5264578,-1.8279952,-0.14392163,23.405905
6277797105,0.010644391,0.075213,-5.0173388,3.5152586,-1.836013,-0.14633112,23.405905
6277807038,0.010470731,0.075285524,-5.0171885,3.511826,-1.8439795,-0.1471461,23.405905
6277817088,0.010407446,0.075284496,-5.01697,3.5130618,-1.8477851,-0.14713104,23.405905
6277827101,0.010487334,0.07529462,-5.017192,3.5098689,-1.844948,-0.14793496,23.405905
6277837165,0.010630618,0.07519852,-5.0170317,3.5125945,-1.8396509,-0.14784506,23.405905
6277847265,0.010693326,0.075059384,-5.0176873,3.5208266,-1.8363482,-0.14710373,23.403877
6277857246,0.010896008,0.07505664,-5.0179577,3.5214257,-1.8331889,-0.14737274,23.403877
6277867233,0.011293115,0.074984945,-5.017325,3.5173504,-1.824437,-0.14621359,23.403877
6277877278,0.011368774,0.074894235,-5.017356,3.5213559,-1.8186274,-0.14589526,23.403877
6277887370,0.011390207,0.07446463,-5.016736,3.5320444,-1.8162122,-0.14512487,23.403877
6277897471,0.01162924,0.074055254,-5.016245,3.5416574,-1.8090479,-0.14366974,23.403877
6277907500,0.011856793,0.073850326,-5.0165234,3.5484438,-1.799444,-0.14153111,23.403877
6277917504,0.011758628,0.073814884,-5.0162654,3.555542,-1.8062768,-0.14208242,23.403877
6277927532,0.011476119,0.0737324,-5.0164814,3.5600426,-1.8159976,-0.14290527,23.403877
6277937631,0.011589542,0.07350693,-5.0167565,3.561178,-1.8056589,-0.1415625,23.403877
6277947741,0.011743994,0.073341236,-5.016478,3.5601175,-1.7963164,-0.13962208,23.404348
6277957586,0.01147148,0.07364097,-5.0168858,3.5567455,-1.8070319,-0.13983454,23.404348
6277967719,0.011138878,0.07397523,-5.016746,3.5446365,-1.8176316,-0.1412795,23.404348
6277977787,0.011329865,0.07411848,-5.0165753,3.534169,-1.8093475,-0.14097165,23.404348
6277987716,0.011458564,0.074411586,-5.017029,3.5275865,-1.80588,-0.1409131,23.404348
6277997761,0.011157041,0.07482852,-5.0168886,3.5175607,-1.822465,-0.14135993,23.404348
6278007788,0.010802728,0.07523624,-5.017087,3.5051925,-1.8311659,-0.14461279,23.404348
6278017859,0.010986763,0.07514398,-5.0171103,3.5029526,-1.8158964,-0.14361687,23.404348
6278028003,0.011180335,0.07504528,-5.0169373,3.5096757,-1.8101034,-0.14197402,23.404348
6278038102,0.010819285,0.07538001,-5.017127,3.5084088,-1.8271497,-0.14167196,23.404348
6278048101,0.010549974,0.07539867,-5.016807,3.5059373,-1.83615,-0.14360112,23.404028
6278058078,0.010799743,0.07484579,-5.0164776,3.5203416,-1.8255804,-0.14351371,23.404028
6278068073,0.010980516,0.07436921,-5.0167027,3.5434992,-1.8233188,-0.14250116,23.404028
6278078112,0.010712175,0.07445902,-5.016994,3.5479507,-1.8362538,-0.14418343,23.404028
6278088311,0.010588422,0.07456988,-5.0176406,3.5383346,-1.8392544,-0.14548919,23.404028
6278098165,0.010899647,0.07439807,-5.0176888,3.5423331,-1.8269062,-0.14506258,23.404028
6278108305,0.011222694,0.0739231,-5.01713,3.5560207,-1.82149,-0.14326574,23.404028
6278118281,0.011319704,0.07394146,-5.0175843,3.5568209,-1.8218588,-0.14262287,23.404028
6278128333,0.011623655,0.07390072,-5.017272,3.5477583,-1.8115476,-0.14239536,23.404028
6278138428,0.011998638,0.07359022,-5.01684,3.5504274,-1.7958024,-0.14261171,23.404028
6278148518,0.01220423,0.07357035,-5.0170093,3.5569286,-1.7908809,-0.14168033,23.402508
6278158499,0.012126043,0.073891036,-5.017154,3.5454726,-1.794148,-0.14083277,23.402508
6278168521,0.012006461,0.07441874,-5.017752,3.5260284,-1.7981288,-0.14242303,23.402508
6278178595,0.011800529,0.074532285,-5.0175705,3.5196953,-1.8053373,-0.14303735,23.402508
6278188597,0.011346319,0.07463654,-5.0168095,3.5242867,-1.8175131,-0.14340171,23.402508
6278198609,0.011044357,0.07483393,-5.017102,3.5219848,-1.8263255,-0.14352633,23.402508
6278208681,0.010845457,0.07504345,-5.0169406,3.515755,-1.8297346,-0.14320365,23.402508
6278218661,0.010618168,0.0747802,-5.0163527,3.5177023,-1.8404016,-0.14513402,23.402508
6278228706,0.010358609,0.07474988,-5.016571,3.525889,-1.8457785,-0.14613824,23.402508
6278238887,0.010603555,0.07467016,-5.016767,3.5241792,-1.83931,-0.14614835,23.402508
6278248892,0.01070116,0.07480796,-5.0172386,3.5206325,-1.8359851,-0.14629716,23.40073
6278258836,0.010536426,0.0749623,-5.0170207,3.521132,-1.8440255,-0.14752339,23.40073
6278268840,0.010507776,0.074699745,-5.016263,3.5230536,-1.8389701,-0.14679085,23.40073
6278278946,0.011164845,0.07453516,-5.016805,3.5256383,-1.8202668,-0.14604633,23.40073
6278289005,0.011606232,0.07431382,-5.016763,3.5279994,-1.809818,-0.14559516,23.40073
6278299033,0.011590994,0.07416783,-5.01613,3.5312815,-1.8072857,-0.14630954,23.40073
6278309047,0.011847447,0.07384759,-5.0161934,3.5368974,-1.7959832,-0.14717598,23.40073
6278319135,0.012381674,0.07367123,-5.0163717,3.5440004,-1.7761757,-0.14445964,23.40073
6278329318,0.012429071,0.0738558,-5.01707,3.5461466,-1.781425,-0.14250939,23.40073
6278339338,0.01175585,0.07406287,-5.0170765,3.5439334,-1.8048917,-0.14487568,23.40073
6278349292,0.011487528,0.073834,-5.01666,3.5448518,-1.8101622,-0.14477648,23.400303
6278359457,0.011658339,0.07369642,-5.0175343,3.5524104,-1.8031399,-0.14468211,23.400303
6278369332,0.011423671,0.07416496,-5.0176053,3.5490308,-1.8188457,-0.1440923,23.400303
6278379311,0.010709683,0.07457254,-5.0163965,3.5345342,-1.8365767,-0.1451663,23.400303
6278389514,0.010768969,0.07432988,-5.016131,3.5348964,-1.8235222,-0.14506465,23.400303
6278399402,0.011313666,0.07392162,-5.016584,3.5468585,-1.8106772,-0.14232583,23.400303
6278409515,0.011133391,0.0743598,-5.0173736,3.5427186,-1.8256396,-0.14235505,23.400303
6278419596,0.010522473,0.074989654,-5.0172596,3.5207005,-1.8489318,-0.14503533,23.400303
6278429574,0.010438515,0.07499289,-5.0163603,3.5117006,-1.8468575,-0.14636992,23.400303
6278439645,0.010723486,0.074875094,-5.016916,3.5199254,-1.8327211,-0.14472416,23.400303
6278449784,0.010753689,0.07530138,-5.017104,3.5124092,-1.8345606,-0.14410038,23.39926
6278459684,0.010577943,0.07548533,-5.0160255,3.4930737,-1.8375714,-0.14588298,23.39926
6278469750,0.010789181,0.07476361,-5.015438,3.5075154,-1.8220911,-0.14702062,23.39926
6278479884,0.011271091,0.073867366,-5.016151,3.5420315,-1.8103237,-0.14485848,23.39926
6278489841,0.011292523,0.07399492,-5.0173984,3.547177,-1.8176085,-0.14501095,23.39926
6278499864,0.010948869,0.07430999,-5.0173445,3.5369766,-1.8238559,-0.14660001,23.39926
6278509838,0.01099988,0.07377234,-5.016487,3.549441,-1.817671,-0.14614558,23.39926
6278520051,0.011316279,0.0733786,-5.0170627,3.5696738,-1.8064373,-0.14611627,23.39926
6278529940,0.011581155,0.073632635,-5.0175204,3.5639427,-1.7998676,-0.14612415,23.39926
6278540087,0.011583515,0.0739706,-5.017049,3.5473926,-1.8033764,-0.14565489,23.39926
6278550179,0.011544578,0.073736906,-5.016505,3.5529466,-1.8094695,-0.1479486,23.399035
6278560184,0.011867105,0.07356407,-5.0168567,3.5650904,-1.8021631,-0.14688388,23.399035
6278570104,0.012326567,0.07399977,-5.0181623,3.5497737,-1.7872205,-0.14433616,23.399035
6278580188,0.012334089,0.074617065,-5.018318,3.5265336,-1.7885029,-0.14336675,23.399035
6278590169,0.011930524,0.07485407,-5.0173264,3.519607,-1.8064828,-0.14361325,23.399035
6278600271,0.011640682,0.075080864,-5.017423,3.5157611,-1.8134923,-0.14474341,23.399035
6278610277,0.011656021,0.07516745,-5.01743,3.5047917,-1.8083746,-0.14456291,23.399035
6278620336,0.011577163,0.07501769,-5.0167723,3.5064795,-1.8114432,-0.14366904,23.399035
6278630375,0.011238035,0.07469244,-5.016427,3.522503,-1.8284127,-0.14301226,23.399035
6278640524,0.010973261,0.074551016,-5.016491,3.5271657,-1.8357166,-0.14410199,23.399035
6278650580,0.011027559,0.07468539,-5.017202,3.5189152,-1.8331158,-0.14389798,23.397734
6278660504,0.01093468,0.07471384,-5.0172067,3.5202327,-1.8401673,-0.1444616,23.397734
6278670580,0.010640748,0.07463255,-5.0165586,3.5270438,-1.8502182,-0.1457167,23.397734
6278680611,0.010737281,0.07460973,-5.0164337,3.523591,-1.8451563,-0.14661941,23.397734
6278690695,0.01104937,0.074127704,-5.0161476,3.5316124,-1.8292192,-0.14676023,23.397734
6278700625,0.011439504,0.07333833,-5.0158463,3.558761,-1.8187408,-0.14537668,23.397734
6278710703,0.011696751,0.073324434,-5.016399,3.5726314,-1.8145326,-0.14393067,23.397734
6278720755,0.011659353,0.07400566,-5.017031,3.5494864,-1.8166,-0.1441663,23.397734
6278730769,0.011542569,0.07454656,-5.0174236,3.5254543,-1.8182232,-0.14675824,23.397734
6278740957,0.01173292,0.0743827,-5.017103,3.5308704,-1.8071975,-0.14721951,23.397734
6278750953,0.012086022,0.074219495,-5.0167823,3.5392444,-1.7930363,-0.14497864,23.396872
6278761232,0.012022587,0.07446452,-5.016793,3.5289772,-1.7970946,-0.14408693,23.396872
6278770915,0.011582964,0.07439799,-5.016141,3.5321243,-1.81131,-0.14513238,23.396872
6278781158,0.011451582,0.07365741,-5.0157123,3.557734,-1.8109907,-0.1449967,23.396872
6278791015,0.011688956,0.07365903,-5.016269,3.5602396,-1.8066784,-0.14318934,23.396872
6278801204,0.011504806,0.07449223,-5.0167375,3.5308008,-1.8209106,-0.14314851,23.396872
6278811139,0.010986041,0.074990414,-5.0172124,3.511413,-1.8366646,-0.14645432,23.396872
6278821130,0.010954984,0.07460668,-5.0166597,3.5216086,-1.8306518,-0.14678171,23.396872
6278831207,0.011164794,0.074504465,-5.0161257,3.5262444,-1.8254259,-0.14407076,23.396872
6278841300,0.011061026,0.07484317,-5.0162573,3.5150764,-1.835737,-0.14401235,23.396872
6278851489,0.010966371,0.07446705,-5.015852,3.5194438,-1.8318752,-0.14555044,23.395994
6278861334,0.01144035,0.07391491,-5.01589,3.5375464,-1.8095887,-0.1438999,23.395994
6278871395,0.01179669,0.07418391,-5.016386,3.5317943,-1.8029282,-0.1427561,23.395994
6278881434,0.011617953,0.07464143,-5.0164204,3.512694,-1.81096,-0.14469388,23.395994
6278891408,0.011536166,0.07445585,-5.016741,3.5176485,-1.8072773,-0.14706379,23.395994
6278901499,0.011688443,0.07425847,-5.016755,3.5310647,-1.8003451,-0.1460604,23.395994
6278911525,0.011509708,0.07436965,-5.015908,3.5250485,-1.8119901,-0.14535443,23.395994
6278921562,0.011186263,0.074281275,-5.015756,3.5265486,-1.8200793,-0.14758481,23.395994
6278931579,0.011454524,0.07323623,-5.0157967,3.55852,-1.7997097,-0.14730938,23.395994
6278941665,0.011961031,0.07264026,-5.015914,3.5821738,-1.786302,-0.14374956,23.395994
6278951864,0.011652908,0.07326914,-5.016118,3.569617,-1.8062315,-0.14373352,23.39576
6278961809,0.011180074,0.07348621,-5.016018,3.5562546,-1.8224405,-0.14639217,23.39576
6278971827,0.011277833,0.07300478,-5.016818,3.5713809,-1.8083322,-0.14514437,23.39576
6278981796,0.011485839,0.07339141,-5.01724,3.571783,-1.8117934,-0.1425096,23.39576
6278991865,0.010796141,0.07440626,-5.016376,3.536675,-1.8448482,-0.14345828,23.39576
6279001874,0.010260739,0.07483549,-5.016145,3.517072,-1.850979,-0.14682987,23.39576
6279011966,0.010908987,0.0743364,-5.0162477,3.5293386,-1.8187047,-0.14512335,23.39576
6279021970,0.011553013,0.07465013,-5.016708,3.526507,-1.8083154,-0.14158478,23.39576
6279031957,0.011243652,0.07554469,-5.0167036,3.4930348,-1.8293883,-0.14332372,23.39576
6279042100,0.01097301,0.07553984,-5.01646,3.4861042,-1.8297747,-0.14648567,23.39576
6279052210,0.011513291,0.0748175,-5.01711,3.5117128,-1.8058501,-0.14400893,23.394142
6279062385,0.011605863,0.07478713,-5.0172396,3.5202248,-1.8086281,-0.14180633,23.394142
6279072246,0.010983545,0.075183615,-5.016114,3.5040362,-1.8338479,-0.14430894,23.394142
6279082286,0.010739898,0.074815184,-5.016119,3.5130322,-1.8278111,-0.14706792,23.394142
6279092269,0.011364328,0.07388929,-5.016465,3.5486252,-1.798813,-0.14361563,23.394142
6279102290,0.011526114,0.073716074,-5.0161457,3.5604115,-1.804055,-0.14160113,23.394142
6279112383,0.010847637,0.07401786,-5.01585,3.5501666,-1.8321279,-0.14395827,23.394142
6279122511,0.010651627,0.07345844,-5.0156026,3.55898,-1.8269012,-0.14544924,23.394142
6279132500,0.011157585,0.07296444,-5.016447,3.5820274,-1.8043076,-0.14211385,23.394142
6279142502,0.01123575,0.073545955,-5.016588,3.5721443,-1.8144544,-0.1401062,23.394142
6279152635,0.010800606,0.074195325,-5.015554,3.5394623,-1.8352509,-0.14288783,23.393198
6279162526,0.010971963,0.07409768,-5.015839,3.535992,-1.8197892,-0.14413393,23.393198
6279172627,0.011665235,0.073940486,-5.016619,3.5481648,-1.797969,-0.1406693,23.393198
6279182626,0.011716945,0.07455932,-5.0164695,3.5303972,-1.8105595,-0.1389438,23.393198
6279192855,0.011131556,0.07521408,-5.0158596,3.5003781,-1.8287083,-0.1420584,23.393198
6279202846,0.011282122,0.074883595,-5.0158844,3.5041373,-1.8126988,-0.14242563,23.393198
6279212713,0.011853022,0.074559644,-5.016832,3.5229285,-1.7902619,-0.13962941,23.393198
6279222797,0.011655164,0.07517722,-5.0168767,3.5123453,-1.8088157,-0.13946116,23.393198
6279232795,0.010889269,0.07566219,-5.015881,3.4918153,-1.8375319,-0.14375295,23.393198
6279243013,0.010677642,0.07513212,-5.0163007,3.5036645,-1.832015,-0.14646009,23.393198
6279253083,0.010874842,0.0745338,-5.016728,3.5338073,-1.8184683,-0.1450358,23.394053
6279262953,0.010523078,0.07473796,-5.016309,3.5310507,-1.8392493,-0.14519063,23.394053
6279273016,0.009955315,0.07497147,-5.0156374,3.5170403,-1.8587013,-0.14837338,23.394053
6279283037,0.010158441,0.074172825,-5.0154037,3.5349584,-1.8388584,-0.14829603,23.394053
6279293082,0.01098781,0.07354765,-5.016344,3.5635235,-1.8132527,-0.14514181,23.394053
6279303112,0.011060803,0.07399915,-5.016516,3.557763,-1.8250657,-0.14413427,23.394053
6279313224,0.010706988,0.07441816,-5.0156803,3.5338812,-1.8418082,-0.14675681,23.394053
6279323270,0.011159957,0.07412393,-5.0161705,3.5346982,-1.8174409,-0.14617495,23.394053
6279333281,0.01202367,0.07353282,-5.0167036,3.5538666,-1.790018,-0.14328407,23.394053
6279343381,0.012023476,0.0736559,-5.0162883,3.554914,-1.7987316,-0.1406906,23.394053
6279353394,0.011780266,0.07385105,-5.016005,3.5442748,-1.8106683,-0.14144698,23.392048
6279363348,0.011866638,0.07384174,-5.016135,3.5444732,-1.8007668,-0.14107749,23.392048
6279373664,0.011943653,0.074004166,-5.016723,3.5391996,-1.8009955,-0.1399218,23.392048
6279383538,0.011563132,0.07428044,-5.0162888,3.5296175,-1.8132645,-0.14173514,23.392048
6279393489,0.011438083,0.07425561,-5.0156856,3.5270534,-1.8172023,-0.14255281,23.392048
6279403494,0.01151081,0.074274756,-5.0163875,3.5258768,-1.8104767,-0.14354506,23.392048
6279413611,0.011587427,0.07418256,-5.01649,3.5260227,-1.8080933,-0.14336102,23.392048
6279423601,0.011251835,0.07406393,-5.0157123,3.5323644,-1.8192321,-0.1443291,23.392048
6279433681,0.010924368,0.074414976,-5.01576,3.5296426,-1.8319038,-0.14547758,23.392048
6279443709,0.010903817,0.07483068,-5.015991,3.5144477,-1.8300536,-0.1453741,23.392048
6279453994,0.010975281,0.075227015,-5.0166216,3.5012884,-1.8272182,-0.14486286,23.390715
6279463789,0.010934926,0.075168,-5.016257,3.5015593,-1.8286617,-0.14517951,23.390715
6279473835,0.011210991,0.074738815,-5.0157013,3.5182986,-1.8185499,-0.1445809,23.390715
6279483833,0.011491426,0.07476728,-5.016546,3.524573,-1.8124405,-0.14453265,23.390715
6279493873,0.011268673,0.074854404,-5.0166035,3.5190473,-1.8231708,-0.14521405,23.390715
6279503926,0.011260654,0.0743469,-5.0160775,3.5279064,-1.8225678,-0.14461702,23.390715
6279514108,0.011632569,0.07381341,-5.0158978,3.5505917,-1.8050085,-0.14228263,23.390715
6279524011,0.011822021,0.07384942,-5.015896,3.5555177,-1.8045322,-0.14067407,23.390715
6279534068,0.011462381,0.074033335,-5.016205,3.544758,-1.8155925,-0.14165373,23.390715
6279544227,0.011466556,0.073959775,-5.016166,3.5422478,-1.8143167,-0.14343187,23.390715
6279554243,0.011451377,0.073741905,-5.015566,3.547308,-1.8151935,-0.14233008,23.390184
6279564218,0.011267538,0.07366701,-5.01601,3.5558567,-1.8206054,-0.14269735,23.390184
6279574194,0.011251805,0.073693454,-5.0158525,3.5561097,-1.8222588,-0.14318708,23.390184
6279584283,0.011330851,0.07377266,-5.0157585,3.5446706,-1.8223119,-0.14247744,23.390184
6279594307,0.011316731,0.074226335,-5.016065,3.5317917,-1.8206733,-0.14175308,23.390184
6279604311,0.011400682,0.074317336,-5.0156336,3.5245357,-1.8185183,-0.14170748,23.390184
6279614391,0.011481361,0.07466485,-5.0164976,3.5185382,-1.8221514,-0.14196837,23.390184
6279624499,0.011721728,0.074846625,-5.0169806,3.5073583,-1.8176552,-0.14119324,23.390184
6279634515,0.01201069,0.07453416,-5.0162416,3.5121555,-1.8053778,-0.13951123,23.390184
6279644611,0.011898632,0.07415963,-5.015951,3.5283792,-1.8092388,-0.13875242,23.390184
6279654701,0.011863533,0.07394006,-5.016275,3.54136,-1.8095208,-0.14027645,23.39088
6279664666,0.012122269,0.07402837,-5.016404,3.5351279,-1.8029319,-0.13982272,23.39088
6279674689,0.011940981,0.07432402,-5.0165734,3.5239956,-1.81395,-0.14012124,23.39088
6279684702,0.011377034,0.074329,-5.0163403,3.527448,-1.8283982,-0.14068611,23.39088
6279694715,0.011480715,0.073877566,-5.0165534,3.5375538,-1.8225477,-0.14163363,23.39088
6279704892,0.011778768,0.07387262,-5.0170784,3.5385413,-1.811198,-0.14008845,23.39088
6279714832,0.011495736,0.07400458,-5.016287,3.5314357,-1.8229687,-0.14076298,23.39088
6279724851,0.010794905,0.07418794,-5.0164204,3.532068,-1.843037,-0.14390713,23.39088
6279734842,0.010873647,0.074431345,-5.016699,3.526476,-1.8385915,-0.14574234,23.39088
6279744970,0.011481156,0.07467825,-5.017178,3.51401,-1.8187929,-0.14420718,23.39088
6279755029,0.011485871,0.07516792,-5.017225,3.498154,-1.8256724,-0.14329845,23.390106
6279765053,0.011111821,0.07533478,-5.0165915,3.4918609,-1.8378313,-0.14526194,23.390106
6279775048,0.011238934,0.075208955,-5.017118,3.5025308,-1.8211812,-0.1455623,23.390106
6279785091,0.011592664,0.07508968,-5.0172324,3.5089297,-1.810373,-0.14387529,23.390106
6279795366,0.011131296,0.07545172,-5.0164742,3.505203,-1.835541,-0.1445856,23.390106
6279805231,0.010442372,0.07555568,-5.0162225,3.5062,-1.8535001,-0.14763916,23.390106
6279815212,0.010799443,0.075182915,-5.0166707,3.5141666,-1.836432,-0.14765416,23.390106
6279825368,0.011147684,0.074995935,-5.0166984,3.519131,-1.8257656,-0.14490351,23.390106
6279835294,0.010811389,0.0748302,-5.016555,3.529371,-1.8445475,-0.14590964,23.390106
6279845576,0.010335302,0.07428431,-5.015954,3.5510993,-1.8518776,-0.1477191,23.390106
6279855504,0.01058434,0.07382482,-5.0163136,3.5683668,-1.8397516,-0.14617592,23.388937
6279865582,0.010665948,0.073950626,-5.0167937,3.5667374,-1.8400118,-0.14497934,23.388937
6279875526,0.010615955,0.07405175,-5.0160117,3.5527523,-1.8502933,-0.14602448,23.388937
6279885505,0.011226677,0.07365719,-5.016329,3.5540483,-1.8290247,-0.14698055,23.388937
6279895585,0.012527512,0.07310665,-5.0170417,3.566374,-1.7795181,-0.14269975,23.388937
6279905577,0.013351098,0.07317023,-5.017238,3.5611646,-1.7611202,-0.13916413,23.388937
6279915777,0.013021081,0.07374247,-5.016786,3.5468335,-1.7788416,-0.13913454,23.388937
6279925678,0.012935642,0.07343286,-5.0160685,3.5495512,-1.776917,-0.14091587,23.388937
6279935696,0.013271064,0.07315045,-5.0167785,3.5615556,-1.7578514,-0.13819309,23.388937
6279945869,0.013198109,0.07358286,-5.0169153,3.5500026,-1.7749933,-0.13597071,23.388937
6279955945,0.012423264,0.073923275,-5.016001,3.53375,-1.7998453,-0.1394942,23.38765
6279965886,0.012401375,0.0734363,-5.0161476,3.543136,-1.7881088,-0.1406812,23.38765
6279975932,0.012730113,0.0729932,-5.01637,3.5612636,-1.7759773,-0.13725683,23.38765
6279985917,0.011792989,0.073821425,-5.016428,3.5521123,-1.8120387,-0.13697423,23.38765
6279995924,0.010172313,0.07478057,-5.0157704,3.5229912,-1.8672531,-0.14252944,23.38765
6280006067,0.009521882,0.07481975,-5.0154834,3.5182226,-1.8770059,-0.1462371,23.38765
6280016031,0.009955686,0.07454981,-5.016366,3.5277615,-1.8541423,-0.14458075,23.38765
6280026074,0.010001988,0.07513295,-5.016402,3.5104396,-1.8557634,-0.14377914,23.38765
6280036215,0.009659669,0.07552999,-5.015292,3.4852612,-1.8663462,-0.14598371,23.38765
6280046220,0.010102969,0.07503095,-5.015566,3.4942663,-1.8397142,-0.14624493,23.38765
6280056345,0.011038711,0.07458756,-5.016123,3.5125296,-1.8099368,-0.14216328,23.38664
6280066268,0.01107942,0.075337656,-5.0162206,3.49492,-1.8275898,-0.14053214,23.38664
6280076309,0.010646302,0.07573809,-5.015978,3.471756,-1.8402264,-0.14375949,23.38664
6280086342,0.011664237,0.0745494,-5.0157046,3.497314,-1.799139,-0.1432575,23.38664
6280096410,0.012817241,0.073748946,-5.016426,3.5346804,-1.7657136,-0.13832071,23.38664
6280106416,0.012319453,0.07421148,-5.016166,3.5308015,-1.7987628,-0.13792217,23.38664
6280116440,0.011182413,0.074292734,-5.015065,3.5245256,-1.8340296,-0.14296436,23.38664
6280126488,0.011296522,0.07327476,-5.0159025,3.5590215,-1.819511,-0.1432532,23.38664
6280136500,0.011681479,0.07313199,-5.01666,3.5790794,-1.8164434,-0.14039668,23.38664
6280146676,0.01089895,0.07405406,-5.0161624,3.5466762,-1.8491459,-0.14323296,23.38664
6280156731,0.010572646,0.07415617,-5.0158997,3.5285423,-1.84682,-0.1469282,23.387388
6280166718,0.011454155,0.073173076,-5.016028,3.5608191,-1.8000295,-0.14376882,23.387388
6280176722,0.011915229,0.07341914,-5.016937,3.5723455,-1.7972909,-0.14065002,23.387388
6280186714,0.010837818,0.07483987,-5.0164824,3.5261166,-1.8424428,-0.14339577,23.387388
6280196753,0.010509901,0.074846774,-5.0155783,3.5039282,-1.8373122,-0.14621532,23.387388
6280206823,0.01160559,0.07400438,-5.016347,3.534384,-1.787291,-0.14313446,23.387388
6280216843,0.012101089,0.07426286,-5.016892,3.5349803,-1.7876229,-0.13899717,23.387388
6280226937,0.011371953,0.07545661,-5.015865,3.4939175,-1.8221495,-0.14172474,23.387388
6280236931,0.011164529,0.07517026,-5.0157666,3.4903886,-1.8115538,-0.14373115,23.387388
6280247229,0.011734011,0.07479032,-5.016545,3.521575,-1.7961748,-0.14088514,23.387388
6280257127,0.011117459,0.07578857,-5.016967,3.5062728,-1.8406029,-0.14229213,23.384783
6280267036,0.010153954,0.076376915,-5.015849,3.4702876,-1.8753339,-0.14868237,23.384783
6280277074,0.010536959,0.07500046,-5.0147934,3.4950073,-1.843559,-0.14935243,23.384783
6280287091,0.011333079,0.07388515,-5.015577,3.545893,-1.8185818,-0.14590447,23.384783
6280297203,0.010935061,0.07425047,-5.0155435,3.5433953,-1.8476397,-0.14622499,23.384783
6280307216,0.010584304,0.074279934,-5.0147133,3.5217583,-1.8549223,-0.14945017,23.384783
6280317224,0.011478112,0.07334475,-5.0150924,3.5468264,-1.8131002,-0.14797409,23.384783
6280327302,0.01211985,0.07291325,-5.0162554,3.5739508,-1.7980545,-0.14427127,23.384783
6280337351,0.011850312,0.07380253,-5.0162106,3.5500717,-1.8212407,-0.14535294,23.384783
6280347429,0.011884202,0.07368473,-5.015178,3.5345056,-1.8097832,-0.14703757,23.384783
6280357653,0.012683692,0.072559185,-5.0145574,3.5693405,-1.7692901,-0.14266251,23.38402
6280367489,0.012705313,0.07270111,-5.0153837,3.587365,-1.7780702,-0.13976292,23.38402
6280377525,0.011723755,0.07394379,-5.0155177,3.5528653,-1.8161404,-0.14297831,23.38402
6280387591,0.011553157,0.07409881,-5.0148897,3.5333703,-1.8161981,-0.14526355,23.38402
6280397567,0.011952927,0.07377671,-5.015864,3.5530424,-1.8007123,-0.14322527,23.38402
6280407696,0.011659047,0.074479654,-5.016478,3.5453613,-1.8233103,-0.14170468,23.38402
6280417632,0.011021324,0.07527389,-5.015916,3.5100496,-1.8435984,-0.1452918,23.38402
6280427695,0.011304551,0.07462051,-5.015398,3.5127845,-1.817206,-0.14617915,23.38402
6280437880,0.0118379,0.073801056,-5.015277,3.5442178,-1.7954289,-0.14154176,23.38402
6280447855,0.011229041,0.074356034,-5.015666,3.5393329,-1.8236008,-0.14196742,23.38402
6280458043,0.010599998,0.07479836,-5.015259,3.513283,-1.8447981,-0.145998,23.384083
6280467964,0.010945944,0.074299164,-5.015243,3.5212553,-1.8244406,-0.14575446,23.384083
6280477902,0.0114789,0.07416788,-5.0163145,3.5376263,-1.8157872,-0.14236328,23.384083
6280487942,0.011078688,0.0751055,-5.0163803,3.5109296,-1.8316023,-0.14228265,23.384083
6280498031,0.010772778,0.07530402,-5.015671,3.488099,-1.8325397,-0.1439215,23.384083
6280508041,0.011222666,0.07419281,-5.015337,3.519397,-1.8110249,-0.14363852,23.384083
6280518051,0.011624547,0.07361496,-5.0154753,3.5509691,-1.8050072,-0.13995516,23.384083
6280528116,0.01119911,0.074256375,-5.015538,3.537382,-1.8304776,-0.14157678,23.384083
6280538148,0.010979534,0.07430796,-5.0148964,3.5254686,-1.8377675,-0.14527012,23.384083
6280548347,0.011990825,0.07328475,-5.0153794,3.5512567,-1.7963805,-0.14347468,23.384083
6280558379,0.012814662,0.07345111,-5.016927,3.5566807,-1.774157,-0.13939719,23.382536
6280568354,0.012181633,0.07451142,-5.016461,3.5183935,-1.8067398,-0.14038633,23.382536
6280578407,0.011317404,0.07438714,-5.0153418,3.5096176,-1.8247956,-0.14542435,23.382536
6280588437,0.011687109,0.073061764,-5.0153966,3.5546196,-1.7962084,-0.14317042,23.382536
6280598817,0.012144906,0.073118076,-5.0156474,3.5666804,-1.788789,-0.14121236,23.382536
6280608424,0.011201479,0.07454115,-5.015761,3.525055,-1.8265063,-0.14328277,23.382536
6280618518,0.010341971,0.07487868,-5.014895,3.504699,-1.8450469,-0.14772691,23.382536
6280628527,0.01102373,0.07438805,-5.015075,3.5184116,-1.8159993,-0.14535807,23.382536
6280638597,0.011389702,0.075150184,-5.016497,3.5052743,-1.8142985,-0.14256644,23.382536
6280648734,0.010224511,0.076400965,-5.015949,3.4623854,-1.8644195,-0.1455957,23.382536
6280658888,0.009467266,0.07578537,-5.014914,3.4727564,-1.8785976,-0.14913462,23.381392
6280668683,0.010510461,0.07421256,-5.0151587,3.5311217,-1.8317575,-0.1461841,23.381392
6280678768,0.011367219,0.07404608,-5.0153384,3.5459607,-1.8219749,-0.14062294,23.381392
6280688775,0.010449346,0.0748961,-5.0152755,3.5182502,-1.866405,-0.14434406,23.381392
6280698898,0.010113022,0.074451864,-5.0148,3.523102,-1.872389,-0.14738995,23.381392
6280708891,0.011300968,0.07364959,-5.015228,3.5500948,-1.8285284,-0.14343259,23.381392
6280718866,0.011836849,0.07427557,-5.016181,3.5357063,-1.8231648,-0.13962863,23.381392
6280728931,0.011106612,0.07470505,-5.015178,3.512694,-1.8506298,-0.14256309,23.381392
6280738985,0.011271743,0.07362256,-5.014238,3.5430505,-1.8318424,-0.14427939,23.381392
6280749032,0.012450952,0.07245587,-5.015094,3.585351,-1.7863934,-0.13941936,23.381392
6280759141,0.012806125,0.0728923,-5.0148344,3.579566,-1.7896111,-0.137364,23.380976
6280769093,0.012145222,0.07316946,-5.0148835,3.5633893,-1.8114729,-0.14178196,23.380976
6280779142,0.012550836,0.07268911,-5.0149856,3.5749285,-1.7807688,-0.14195058,23.380976
6280789189,0.013836619,0.07288577,-5.015642,3.571462,-1.7430098,-0.13826343,23.380976
6280799309,0.013629144,0.073938444,-5.016154,3.5382736,-1.7601575,-0.1379443,23.380976
6280809313,0.012714444,0.07415224,-5.0148344,3.5256197,-1.7871147,-0.14129291,23.380976
6280819314,0.012763611,0.07348322,-5.0150375,3.5531957,-1.7755687,-0.14251702,23.380976
6280829328,0.0128718,0.07392816,-5.01594,3.5525854,-1.7765698,-0.13959388,23.380976
6280839407,0.011823462,0.075256765,-5.0156045,3.5108893,-1.8206606,-0.1409494,23.380976
6280849487,0.010718167,0.075833246,-5.0149884,3.4897866,-1.852574,-0.14716539,23.380976
6280859624,0.010644294,0.075580314,-5.015068,3.4969697,-1.8425536,-0.14596336,23.380007
6280869636,0.010864006,0.07593879,-5.0152736,3.4883628,-1.8439443,-0.14343904,23.380007
6280879588,0.009885538,0.07670531,-5.0152974,3.4663682,-1.8835409,-0.14594223,23.380007
6280889598,0.009126611,0.07617216,-5.0144377,3.4757335,-1.8986828,-0.1485668,23.380007
6280899664,0.009671064,0.07508591,-5.0144196,3.5122495,-1.8634112,-0.14690353,23.380007
6280909773,0.010414248,0.07480376,-5.0153575,3.5301092,-1.8473277,-0.14379607,23.380007
6280919667,0.009948877,0.07499649,-5.014695,3.5181155,-1.8679508,-0.14344327,23.380007
6280929731,0.009913155,0.07461025,-5.014929,3.5242524,-1.8617715,-0.14524464,23.380007
6280939793,0.010921192,0.07391102,-5.01563,3.5414274,-1.8240004,-0.142956,23.380007
6280949865,0.011758506,0.07384176,-5.01577,3.5412452,-1.8042363,-0.13897519,23.380007
6280960202,0.011678734,0.07410875,-5.0155764,3.532415,-1.8111969,-0.14100431,23.379622
6280969918,0.011679791,0.07375266,-5.0148025,3.5400677,-1.8066771,-0.14147292,23.379622
6280980177,0.012236796,0.07299632,-5.015239,3.565194,-1.7843761,-0.14052728,23.379622
6280989959,0.012309193,0.07290935,-5.015637,3.58102,-1.7866877,-0.13910806,23.379622
6281000057,0.011637749,0.07351442,-5.015551,3.5680146,-1.8187715,-0.14016365,23.379622
6281010096,0.011338039,0.07377351,-5.0155177,3.5485163,-1.8189727,-0.14331557,23.379622
6281020158,0.012260684,0.073620334,-5.0160456,3.5508084,-1.781056,-0.14283524,23.379622
6281030148,0.012972452,0.07366575,-5.016252,3.5473723,-1.771138,-0.14004654,23.379622
6281040215,0.012435406,0.07389401,-5.0157247,3.5393572,-1.7872931,-0.14069794,23.379622
6281050284,0.012059197,0.07347617,-5.01471,3.5524733,-1.7947618,-0.14109522,23.379622
6281060375,0.011936901,0.07331925,-5.0158424,3.5681312,-1.7976943,-0.13996503,23.377174
6281070379,0.011475525,0.07431566,-5.016886,3.5443058,-1.8161705,-0.13988195,23.377174
6281080353,0.010726903,0.075419754,-5.0160975,3.4982128,-1.8422426,-0.14160526,23.377174
6281090512,0.010495419,0.07560407,-5.015479,3.4861543,-1.8458848,-0.14436826,23.377174
6281100417,0.011122211,0.075082175,-5.015228,3.4992704,-1.8199456,-0.14238442,23.377174
6281110502,0.011682916,0.075093456,-5.0154095,3.4958057,-1.8079563,-0.13905826,23.377174
6281120530,0.011126473,0.07550035,-5.015031,3.4824803,-1.8340092,-0.1403543,23.377174
6281130618,0.010198955,0.07500479,-5.013862,3.4994686,-1.8525804,-0.14323291,23.377174
6281140626,0.010459011,0.07427349,-5.014386,3.5302396,-1.8363332,-0.14259073,23.377174
6281150689,0.010969154,0.07442832,-5.015445,3.5295117,-1.821266,-0.1410893,23.377174
6281160760,0.010743443,0.07461927,-5.014293,3.5173497,-1.8362827,-0.14123407,23.376894
6281170750,0.010388579,0.07381506,-5.013378,3.5412033,-1.8463658,-0.14384736,23.376894
6281180830,0.011057112,0.07277558,-5.0136504,3.5810108,-1.8159277,-0.14279191,23.376894
6281190821,0.011906221,0.07281111,-5.014712,3.5773745,-1.7919601,-0.13833624,23.376894
6281200851,0.011558269,0.07356968,-5.015196,3.5498273,-1.8128508,-0.1403304,23.376894
6281210899,0.010993983,0.07341972,-5.014569,3.5540268,-1.8277696,-0.1436633,23.376894
6281220987,0.011646684,0.0724311,-5.015032,3.580741,-1.799825,-0.14356734,23.376894
6281231017,0.012341565,0.072428904,-5.015703,3.5845857,-1.78395,-0.14031133,23.376894
6281241156,0.011789851,0.07323571,-5.015294,3.556085,-1.8175199,-0.1410199,23.376894
6281251088,0.010984249,0.07364584,-5.014724,3.5392985,-1.839918,-0.1453661,23.376894
6281261168,0.011587095,0.073090956,-5.015193,3.5496705,-1.8105619,-0.14388713,23.377243
6281271149,0.012319235,0.07344246,-5.0157995,3.5436952,-1.7938744,-0.14039816,23.377243
6281281196,0.011816907,0.07458105,-5.015799,3.508211,-1.8256758,-0.14092341,23.377243
6281291210,0.011125374,0.07486666,-5.0147996,3.4930825,-1.8385011,-0.14462572,23.377243
6281301259,0.011744631,0.07432427,-5.015146,3.5155272,-1.8097218,-0.14345655,23.377243
6281311358,0.01211261,0.07435255,-5.0156713,3.5230076,-1.8102232,-0.1396546,23.377243
6281321339,0.011108319,0.07521809,-5.0147347,3.5021608,-1.850084,-0.14063463,23.377243
6281331398,0.010540237,0.075141475,-5.014582,3.4971151,-1.8599331,-0.14424638,23.377243
6281341501,0.011263629,0.074324325,-5.0149765,3.5268824,-1.8284848,-0.14253071,23.377243
6281351749,0.011974081,0.07404311,-5.01535,3.5396974,-1.8146645,-0.13836467,23.377243
6281361623,0.011771111,0.07466811,-5.014914,3.520444,-1.8264703,-0.13962868,23.376263
6281371564,0.011907748,0.07419951,-5.0146112,3.5187006,-1.813307,-0.14052819,23.376263
6281381623,0.012824202,0.07320179,-5.015561,3.5548315,-1.7788378,-0.13818592,23.376263
6281391641,0.013057197,0.07316438,-5.0159416,3.5692415,-1.785634,-0.13528366,23.376263
6281401655,0.012078244,0.073662184,-5.0145917,3.548706,-1.8257238,-0.1374586,23.376263
6281411749,0.011716805,0.07343792,-5.0145555,3.5501518,-1.8200831,-0.14175375,23.376263
6281421762,0.012701113,0.07269944,-5.0152235,3.5785186,-1.7760332,-0.13821429,23.376263
6281431756,0.012913737,0.073261395,-5.0151353,3.5689723,-1.7785943,-0.13452083,23.376263
6281441836,0.011740913,0.074541,-5.014512,3.5249507,-1.8257257,-0.13885093,23.376263
6281451876,0.011062487,0.074229114,-5.0143538,3.5245016,-1.8328173,-0.14402089,23.376263
6281462029,0.011688657,0.07319256,-5.0155783,3.5672667,-1.801351,-0.14124124,23.375221
6281472003,0.011441181,0.07381192,-5.0155725,3.564921,-1.8202292,-0.13929129,23.375221
6281481969,0.010241294,0.07487835,-5.014202,3.5186758,-1.8612069,-0.1435793,23.375221
6281492113,0.010487369,0.074398525,-5.0137706,3.5170937,-1.8359196,-0.14700271,23.375221
6281502128,0.011619115,0.07358146,-5.014546,3.5520496,-1.7920775,-0.14231487,23.375221
6281512163,0.011278788,0.074586205,-5.0149565,3.533747,-1.827198,-0.14056005,23.375221
6281522175,0.009889205,0.07585634,-5.014043,3.4793744,-1.8788326,-0.14750543,23.375221
6281532186,0.010263331,0.07495815,-5.0138235,3.4919124,-1.8520051,-0.14909758,23.375221
6281542282,0.011589168,0.07382745,-5.015222,3.539469,-1.8076701,-0.14402941,23.375221
6281552274,0.011556752,0.07471191,-5.015127,3.5234907,-1.83069,-0.14120552,23.375221
6281562491,0.010642356,0.07542059,-5.0134797,3.4767349,-1.8636419,-0.14674361,23.374609
6281572373,0.011258247,0.07423752,-5.013627,3.5019875,-1.8256241,-0.14817448,23.374609
6281582406,0.012424044,0.07307115,-5.014073,3.5517602,-1.7890031,-0.1420483,23.374609
6281592445,0.012043657,0.07373042,-5.0143766,3.5402896,-1.8181556,-0.14002807,23.374609
6281602576,0.01149533,0.074150994,-5.0144796,3.509507,-1.8306464,-0.14486502,23.374609
6281612567,0.012477379,0.072665945,-5.0141077,3.5453336,-1.7786173,-0.14230032,23.374609
6281622595,0.013182353,0.0718567,-5.015166,3.596538,-1.7630353,-0.13634415,23.374609
6281632594,0.012198527,0.07303752,-5.0148087,3.5743876,-1.8148661,-0.13879567,23.374609
6281642687,0.011287115,0.073552996,-5.0134587,3.537862,-1.8326576,-0.14220263,23.374609
6281652748,0.011705957,0.0729184,-5.0141172,3.555134,-1.8008068,-0.14164181,23.374609
6281662837,0.011933764,0.07337161,-5.0146985,3.5609376,-1.8063571,-0.13858706,23.372667
6281672895,0.01125828,0.07467415,-5.014259,3.5156217,-1.8369732,-0.1408507,23.372667
6281682941,0.011280211,0.07488955,-5.014649,3.4921243,-1.8241333,-0.1431937,23.372667
6281692830,0.011816136,0.07429231,-5.0151434,3.5145242,-1.8020129,-0.14088182,23.372667
6281702947,0.011296704,0.074720986,-5.015166,3.518832,-1.8329853,-0.13952842,23.372667
6281712987,0.010281833,0.07550725,-5.0144706,3.4906235,-1.868484,-0.14318568,23.372667
6281722982,0.010320742,0.07536159,-5.0139084,3.4792836,-1.8555084,-0.14483108,23.372667
6281733186,0.010806806,0.07491447,-5.014863,3.4966912,-1.836622,-0.14288098,23.372667
6281743080,0.01070229,0.07504221,-5.0149117,3.5021408,-1.846787,-0.14342362,23.372667
6281753140,0.010699982,0.07493698,-5.013982,3.4986851,-1.8470603,-0.14469364,23.372667
6281763233,0.011103087,0.07407747,-5.0142736,3.5207403,-1.8241409,-0.14374655,23.3743
6281773154,0.011358012,0.0735021,-5.014729,3.547252,-1.8248132,-0.14068857,23.3743
6281783266,0.010764251,0.073813014,-5.0148563,3.5434039,-1.8503232,-0.14383942,23.3743
6281793277,0.010694007,0.07364788,-5.014435,3.5411966,-1.8458008,-0.14517626,23.3743
6281803351,0.011579147,0.07285437,-5.0140667,3.5617423,-1.812194,-0.14251634,23.3743
6281813317,0.011967292,0.07311523,-5.0154366,3.5683556,-1.8049765,-0.14061393,23.3743
6281823374,0.0119776,0.07345095,-5.0155373,3.5479279,-1.8070179,-0.14122483,23.3743
6281833417,0.012708732,0.07280445,-5.014766,3.5557117,-1.7728933,-0.14098634,23.3743
6281843517,0.01348617,0.07208372,-5.0149,3.5879538,-1.7509646,-0.13631326,23.3743
6281853648,0.012846103,0.07282179,-5.015514,3.577268,-1.7843887,-0.13649276,23.3743
6281863644,0.012189522,0.0737837,-5.015786,3.542662,-1.8076059,-0.141478,23.370533
6281873628,0.012340531,0.07348401,-5.015528,3.5443685,-1.7872857,-0.14182357,23.370533
6281883585,0.012396196,0.073474795,-5.015176,3.5586884,-1.7899346,-0.13856784,23.370533
6281893772,0.011617233,0.07473114,-5.0152626,3.5256329,-1.8250802,-0.14048243,23.370533
6281903699,0.01109604,0.07533648,-5.0149083,3.4886415,-1.8352342,-0.14402525,23.370533
6281913833,0.011252252,0.074593194,-5.0140996,3.502426,-1.8246576,-0.14297347,23.370533
6281923867,0.010910958,0.074475974,-5.0139036,3.5276842,-1.8412423,-0.14142269,23.370533
6281933810,0.010049515,0.07534422,-5.013995,3.5040355,-1.871262,-0.14379482,23.370533
6281944123,0.009856083,0.07574973,-5.0146756,3.4732711,-1.864991,-0.14715613,23.370533
6281953961,0.010600854,0.07491789,-5.0142117,3.4942694,-1.836387,-0.1444083,23.370533
6281964053,0.010755913,0.074587464,-5.0138683,3.5165365,-1.8364826,-0.14041671,23.372005
6281974044,0.010535132,0.07513436,-5.0143733,3.4948385,-1.8476386,-0.14243339,23.372005
6281984041,0.011004179,0.07470712,-5.014058,3.4903393,-1.8232021,-0.1442315,23.372005
6281994167,0.011642958,0.07352388,-5.01404,3.5356429,-1.8001167,-0.1417121,23.372005
6282004196,0.011492353,0.07338442,-5.0141716,3.5548897,-1.8137814,-0.14065196,23.372005
6282014157,0.011339222,0.07388314,-5.0139666,3.532788,-1.8196915,-0.14234199,23.372005
6282024210,0.011727985,0.07343704,-5.014532,3.5336173,-1.7996867,-0.14305778,23.372005
6282034251,0.011966812,0.07287957,-5.014523,3.5633562,-1.7999352,-0.14007825,23.372005
6282044290,0.011688252,0.072950184,-5.0140834,3.567465,-1.8180995,-0.1404896,23.372005
6282054358,0.011602532,0.07311954,-5.014573,3.5499063,-1.8106819,-0.14181426,23.372005
6282064502,0.011991643,0.07265466,-5.014273,3.5583255,-1.793858,-0.1417451,23.37135
6282074429,0.011851571,0.072557546,-5.0135746,3.5809915,-1.8045057,-0.13998625,23.37135
6282084410,0.011385194,0.07325543,-5.0140843,3.5651662,-1.823387,-0.14113209,23.37135
6282094498,0.011400861,0.07392709,-5.0142927,3.5279162,-1.8189663,-0.14229831,23.37135
6282104591,0.01153634,0.07399334,-5.0149016,3.5205,-1.811766,-0.14311212,23.37135
6282114563,0.011318386,0.07422945,-5.015094,3.5241652,-1.8258971,-0.14316392,23.37135
6282124609,0.011089744,0.075003766,-5.0146904,3.5000105,-1.8357308,-0.1441258,23.37135
6282134627,0.011013491,0.07518342,-5.015186,3.479957,-1.8292338,-0.1452782,23.37135
6282144713,0.010856628,0.074802,-5.0148168,3.4955945,-1.8323698,-0.1440321,23.37135
6282154767,0.010760563,0.07469711,-5.0142455,3.5127907,-1.8447125,-0.1442849,23.37135
6282164931,0.010852607,0.07483987,-5.014523,3.50408,-1.8379952,-0.14445859,23.370989
6282174834,0.01107035,0.07470986,-5.0146265,3.497067,-1.8285595,-0.14420743,23.370989
6282184845,0.011013421,0.074319415,-5.0147347,3.5150301,-1.8343332,-0.14295286,23.370989
6282194900,0.011010327,0.07373308,-5.014653,3.534768,-1.8334521,-0.14280765,23.370989
6282204982,0.011428248,0.07350128,-5.014203,3.5415778,-1.8157036,-0.140912,23.370989
6282214968,0.01156709,0.07329613,-5.014486,3.5468307,-1.8115563,-0.14095451,23.370989
6282225019,0.011284702,0.07282281,-5.014161,3.5629005,-1.819294,-0.14113012,23.370989
6282235182,0.01157684,0.07256728,-5.013669,3.5729866,-1.808567,-0.14151019,23.370989
6282245080,0.012014102,0.07272533,-5.014292,3.5653422,-1.7950274,-0.14037196,23.370989
6282255178,0.011744597,0.07315091,-5.0148005,3.5512648,-1.8084459,-0.14022928,23.370989
6282265306,0.011313079,0.073523924,-5.0152364,3.5413697,-1.8222197,-0.14200485,23.37025
6282275326,0.011659798,0.07350673,-5.015509,3.5359802,-1.8057154,-0.14166859,23.37025
6282285260,0.012037165,0.0736634,-5.015234,3.5295947,-1.7961051,-0.14142428,23.37025
6282295337,0.011625118,0.07397494,-5.015041,3.524772,-1.8159636,-0.14282484,23.37025
6282305368,0.011196557,0.07389974,-5.0145097,3.5302858,-1.8281367,-0.14404103,23.37025
6282315513,0.011528954,0.07372952,-5.0143843,3.535474,-1.8157082,-0.14220569,23.37025
6282325408,0.011458639,0.07425841,-5.0150723,3.5249698,-1.8233654,-0.14140888,23.37025
6282335505,0.010676987,0.07505225,-5.0150824,3.5026388,-1.8578658,-0.14365333,23.37025
6282345583,0.010324713,0.07520707,-5.0152283,3.4926202,-1.8589152,-0.14716735,23.37025
6282355616,0.010865968,0.07482301,-5.015052,3.5025644,-1.8338144,-0.14534675,23.37025
6282365688,0.010983449,0.074816234,-5.014358,3.5110664,-1.8403565,-0.1437808,23.368343
6282375721,0.01034921,0.07504826,-5.01417,3.5092773,-1.8638977,-0.14626087,23.368343
6282385679,0.010528001,0.07461388,-5.013962,3.5142615,-1.8468786,-0.14620928,23.368343
6282395749,0.011482635,0.07400474,-5.0140686,3.5302243,-1.8132905,-0.1420005,23.368343
6282405796,0.011857638,0.074051164,-5.014606,3.531521,-1.8133719,-0.14067641,23.368343
6282415807,0.011643672,0.07419465,-5.0143304,3.520774,-1.8213371,-0.14285368,23.368343
6282425872,0.012015537,0.07370617,-5.0144367,3.5272596,-1.7982948,-0.14281274,23.368343
6282436025,0.012683056,0.07326827,-5.0144024,3.5484238,-1.7760993,-0.13914518,23.368343
6282445914,0.012300517,0.07343388,-5.013831,3.5492017,-1.7953098,-0.13790455,23.368343
6282455987,0.011901245,0.07371267,-5.0136333,3.5351512,-1.8117411,-0.14157012,23.368343
6282466096,0.012253203,0.073108956,-5.013578,3.5398083,-1.7901644,-0.14084986,23.368631
6282476033,0.012551455,0.072679006,-5.013628,3.5557299,-1.7794075,-0.13755295,23.368631
6282486102,0.011985792,0.07316474,-5.0139346,3.5502205,-1.8101072,-0.13774915,23.368631
6282496225,0.011168672,0.07366644,-5.013672,3.529502,-1.8330544,-0.14101887,23.368631
6282506196,0.010878524,0.07370554,-5.0139894,3.526655,-1.8291337,-0.14176959,23.368631
6282516243,0.010639297,0.073890895,-5.0142126,3.5326645,-1.838018,-0.1412635,23.368631
6282526253,0.010234263,0.07423017,-5.0134354,3.5215538,-1.8577806,-0.14128534,23.368631
6282536292,0.010168264,0.07408012,-5.013577,3.5130613,-1.8483862,-0.14276713,23.368631
6282546362,0.010983617,0.07362108,-5.0137367,3.5274749,-1.8225354,-0.1414122,23.368631
6282556479,0.011163551,0.07360371,-5.0137258,3.5362804,-1.8201739,-0.13856928,23.368631
6282566589,0.010797776,0.07422341,-5.014033,3.5191536,-1.8343592,-0.13985166,23.368484
6282576524,0.010863964,0.07450458,-5.01412,3.5031242,-1.8323227,-0.14228842,23.368484
6282586609,0.010979066,0.07440292,-5.014526,3.5092595,-1.8190402,-0.14124385,23.368484
6282596712,0.01112306,0.0745454,-5.01445,3.5147731,-1.8238119,-0.14083114,23.368484
6282606614,0.011120308,0.07458864,-5.013775,3.5070632,-1.8281538,-0.14159226,23.368484
6282616659,0.01148698,0.0740712,-5.0137496,3.5145094,-1.8118987,-0.14064698,23.368484
6282626714,0.011900822,0.07341076,-5.0140243,3.5424116,-1.7988034,-0.13969456,23.368484
6282636767,0.011832703,0.07341968,-5.0139,3.5505583,-1.8124148,-0.1385248,23.368484
6282646794,0.011472486,0.07364916,-5.013911,3.5389192,-1.8232082,-0.139334,23.368484
6282656847,0.011566518,0.07338512,-5.0138273,3.543081,-1.8154507,-0.13932937,23.368484
6282666923,0.011639466,0.07317789,-5.0141435,3.5570304,-1.8141733,-0.13994019,23.367456
6282676915,0.011520331,0.07341809,-5.0137954,3.5520604,-1.8255086,-0.13903108,23.367456
6282686948,0.011571188,0.073594145,-5.0131416,3.5372589,-1.8248899,-0.14087364,23.367456
6282697018,0.011740442,0.07348594,-5.013885,3.5389209,-1.8145107,-0.14084692,23.367456
6282707085,0.011615344,0.07365993,-5.014097,3.5427861,-1.8207479,-0.14106916,23.367456
6282717017,0.011254618,0.07419302,-5.0136747,3.5285294,-1.8347355,-0.14261732,23.367456
6282727208,0.011167032,0.074476294,-5.013872,3.511536,-1.8293062,-0.14388657,23.367456
6282737131,0.011473045,0.0744672,-5.01404,3.5089486,-1.8188941,-0.1440044,23.367456
6282747194,0.011400647,0.07478542,-5.0144577,3.5032227,-1.8258615,-0.14328092,23.367456
6282757262,0.011248975,0.07505538,-5.0142794,3.490167,-1.8329912,-0.14455833,23.367456
6282767373,0.0115772,0.074713625,-5.014049,3.4929488,-1.8188901,-0.14384562,23.36812
6282777395,0.011746394,0.07442543,-5.0149684,3.5132263,-1.8101339,-0.14271975,23.36812
6282787377,0.011497544,0.07437292,-5.0146837,3.5211577,-1.8264288,-0.14161104,23.36812
6282797354,0.011128843,0.07431458,-5.0138392,3.519199,-1.8348987,-0.14246416,23.36812
6282807450,0.011483492,0.073765375,-5.014077,3.5298786,-1.815538,-0.14180589,23.36812
6282817433,0.011903925,0.07345776,-5.0145774,3.5431294,-1.8060589,-0.13887633,23.36812
6282827505,0.011469366,0.0738843,-5.0147333,3.5381367,-1.8290904,-0.13921021,23.36812
6282837513,0.011088613,0.07379595,-5.0142655,3.534261,-1.8371994,-0.14203094,23.36812
6282847586,0.011490227,0.0729705,-5.013848,3.5543022,-1.8103411,-0.14118016,23.36812
6282857639,0.011867238,0.07284864,-5.0148625,3.5679574,-1.801993,-0.13958183,23.36812
6282867784,0.011418212,0.0734967,-5.014752,3.55281,-1.8227782,-0.13885549,23.365345
6282877692,0.011281636,0.07353338,-5.013932,3.538271,-1.8241233,-0.14040749,23.365345
6282887754,0.011725478,0.07318364,-5.0144763,3.5474164,-1.8005661,-0.14005916,23.365345
6282897905,0.011780367,0.07357862,-5.0148673,3.5420012,-1.8063433,-0.13795288,23.365345
6282907895,0.011010716,0.074579336,-5.014832,3.5106847,-1.8384622,-0.14009072,23.365345
6282917901,0.010541762,0.07468905,-5.014098,3.498473,-1.8424445,-0.14369227,23.365345
6282927834,0.011191268,0.07404345,-5.013666,3.5153108,-1.8200849,-0.14324108,23.365345
6282937939,0.011321954,0.07420841,-5.0145016,3.5200968,-1.8218733,-0.14076342,23.365345
6282948039,0.010776782,0.0748981,-5.013991,3.4995458,-1.8486273,-0.14221974,23.365345
6282958106,0.010515996,0.07459351,-5.013124,3.4954517,-1.8498162,-0.1439284,23.365345
6282968147,0.010951608,0.07392781,-5.013349,3.5168748,-1.8309709,-0.14337446,23.366014
6282978132,0.011025638,0.07400703,-5.013549,3.5213878,-1.832783,-0.1418469,23.366014
6282988306,0.010659682,0.07437693,-5.0134716,3.5071661,-1.8469791,-0.14265959,23.366014
6282998361,0.010859727,0.07380231,-5.0132103,3.5190601,-1.8330126,-0.1431461,23.366014
6283008280,0.011464408,0.07300623,-5.0131617,3.5488644,-1.8113863,-0.14091772,23.366014
6283018331,0.011614452,0.07323352,-5.0140023,3.5497744,-1.818551,-0.14024235,23.366014
6283028503,0.011352929,0.07355372,-5.014056,3.5365329,-1.8247913,-0.14053123,23.366014
6283038375,0.011801977,0.07324388,-5.0136576,3.5414097,-1.8050508,-0.13922426,23.366014
6283048363,0.01232178,0.0731344,-5.0144706,3.5522575,-1.7913017,-0.13731304,23.366014
6283058684,0.01215653,0.07387095,-5.014791,3.5367975,-1.8033637,-0.13694824,23.366014
6283068938,0.011782307,0.074241236,-5.0146737,3.5199208,-1.8114887,-0.13876209,23.366022
6283078509,0.011869644,0.07393982,-5.0144587,3.531667,-1.8039498,-0.13915725,23.366022
6283088783,0.011883844,0.07398089,-5.014168,3.5402286,-1.8094624,-0.13726743,23.366022
6283098682,0.011471525,0.074640706,-5.014471,3.523374,-1.826921,-0.13974717,23.366022
6283108670,0.011317686,0.07460716,-5.0140576,3.516555,-1.8249054,-0.14069782,23.366022
6283118772,0.011671341,0.07399504,-5.01381,3.5359907,-1.8091248,-0.13925648,23.366022
6283128721,0.011579046,0.07422762,-5.0140595,3.5393114,-1.8186244,-0.13791972,23.366022
6283138811,0.010858269,0.07479327,-5.013864,3.519904,-1.8442664,-0.14067382,23.366022
6283148762,0.01059219,0.074944794,-5.013993,3.516126,-1.8472527,-0.14272828,23.366022
6283159023,0.010816061,0.0745453,-5.01412,3.532806,-1.8366991,-0.14252605,23.366022
6283168973,0.010946777,0.07474002,-5.0136943,3.5317771,-1.8466452,-0.141874,23.366083
6283179083,0.010688334,0.074995235,-5.014178,3.5144453,-1.8537959,-0.14462619,23.366083
6283189146,0.011077096,0.07457853,-5.014312,3.5184314,-1.8332008,-0.14492722,23.366083
6283199022,0.011653093,0.07399613,-5.0143676,3.5354025,-1.815954,-0.1421439,23.366083
6283209068,0.011654804,0.07434511,-5.014635,3.5296686,-1.8249288,-0.14259522,23.366083
6283219151,0.011378178,0.074722186,-5.0146403,3.5138354,-1.832332,-0.1443518,23.366083
6283229163,0.011615767,0.074167825,-5.0150146,3.5222752,-1.8165377,-0.14489964,23.366083
6283239252,0.011948157,0.073813744,-5.015115,3.5375633,-1.8051189,-0.14276497,23.366083
6283249172,0.011776938,0.07375959,-5.014709,3.536225,-1.8134534,-0.14281505,23.366083
6283259564,0.011580819,0.07358605,-5.0143657,3.5364354,-1.8158226,-0.14384353,23.366083
6283269522,0.011787105,0.0730303,-5.014309,3.5546458,-1.8038138,-0.14288452,23.365366
6283279439,0.011843138,0.07307911,-5.014104,3.5618591,-1.8074536,-0.14070937,23.365366
6283289393,0.01147066,0.07350796,-5.0141864,3.546877,-1.826598,-0.14183988,23.365366
6283299495,0.011238164,0.073533304,-5.014125,3.5414028,-1.8284839,-0.14282346,23.365366
6283309439,0.011348805,0.07336627,-5.014795,3.552141,-1.8194795,-0.14034475,23.365366
6283319492,0.011419011,0.07346801,-5.0145965,3.54911,-1.8259048,-0.13928421,23.365366
6283329514,0.011104999,0.07404028,-5.013904,3.5308626,-1.8386375,-0.14016151,23.365366
6283339600,0.011045848,0.07406119,-5.014287,3.5239904,-1.8347918,-0.14198539,23.365366
6283349637,0.011332349,0.073940136,-5.014248,3.5272465,-1.82631,-0.14033896,23.365366
6283359711,0.011415384,0.074276336,-5.014221,3.5159225,-1.8283736,-0.13960375,23.365366
6283369769,0.011356142,0.07457244,-5.0144615,3.4985309,-1.8279135,-0.14084081,23.364262
6283379797,0.011568932,0.07436365,-5.0145097,3.5002184,-1.8154628,-0.13988787,23.364262
6283389771,0.011708315,0.07432821,-5.0148926,3.5081708,-1.8103564,-0.13889904,23.364262
6283399839,0.011492173,0.074374296,-5.0143557,3.503212,-1.820433,-0.13897905,23.364262
6283409804,0.011536157,0.07404696,-5.013349,3.5044422,-1.8236841,-0.14043567,23.364262
6283419922,0.011532883,0.07362248,-5.013797,3.5251865,-1.8135097,-0.13922694,23.364262
6283429960,0.011591801,0.07342279,-5.0138564,3.5392008,-1.8152494,-0.13821612,23.364262
6283440014,0.011481734,0.073502064,-5.013026,3.5364509,-1.8236164,-0.13792974,23.364262
6283450184,0.011502465,0.07327419,-5.0128055,3.5418694,-1.8175944,-0.13918284,23.364262
6283460063,0.011683414,0.07289747,-5.01324,3.559748,-1.8095053,-0.13866664,23.364262
6283470359,0.011477449,0.073204994,-5.0138903,3.5586905,-1.8208135,-0.13796751,23.36333
6283480187,0.011093547,0.073544666,-5.0135155,3.5417583,-1.8345491,-0.14037813,23.36333
6283490185,0.011055852,0.07340044,-5.012981,3.5410874,-1.8296986,-0.14160371,23.36333
6283500170,0.011424914,0.07345869,-5.013953,3.549323,-1.8163236,-0.13964893,23.36333
6283510288,0.011375682,0.074023776,-5.0144496,3.533406,-1.8153125,-0.1400888,23.36333
6283520301,0.011257137,0.07436938,-5.0138087,3.5056522,-1.8209918,-0.14142059,23.36333
6283530360,0.011257441,0.074292295,-5.013613,3.5009181,-1.8166509,-0.14241335,23.36333
6283540406,0.011435983,0.074165426,-5.0141745,3.509558,-1.8094314,-0.14171866,23.36333
6283550399,0.011322433,0.07460879,-5.0149393,3.5003135,-1.8158282,-0.14135033,23.36333
6283560520,0.010974556,0.074873544,-5.014419,3.48632,-1.8278062,-0.14273804,23.36333
6283570585,0.010988436,0.07443409,-5.0132017,3.4989693,-1.8245777,-0.14259514,23.363762
6283580633,0.011306341,0.0739284,-5.0135946,3.5210795,-1.8151624,-0.1413544,23.363762
6283590593,0.011247354,0.07388007,-5.01353,3.5270076,-1.820406,-0.14130518,23.363762
6283600679,0.01078782,0.07375973,-5.012789,3.5261917,-1.8364043,-0.14277913,23.363762
6283610677,0.010434499,0.07344138,-5.012644,3.5396163,-1.8429971,-0.14288896,23.363762
6283620732,0.010673663,0.073261864,-5.0130706,3.5536573,-1.8377898,-0.14210157,23.363762
6283630705,0.010929567,0.073300704,-5.01377,3.5529563,-1.8299116,-0.1412286,23.363762
6283641080,0.010987657,0.0732537,-5.0133777,3.5498364,-1.8282853,-0.14018036,23.363762
6283650845,0.011132378,0.072980955,-5.0125012,3.5552769,-1.8232359,-0.1399061,23.363762
6283660894,0.011497703,0.07280102,-5.013337,3.557223,-1.809828,-0.13950613,23.363762
6283671070,0.011736675,0.073041484,-5.0138307,3.5474582,-1.8041716,-0.13927163,23.362404
6283680940,0.011562306,0.073288016,-5.0137405,3.5365996,-1.8063666,-0.13967557,23.362404
6283691031,0.01166107,0.073374085,-5.0139084,3.5284326,-1.8013258,-0.14068273,23.362404
6283701069,0.012000045,0.07358366,-5.0141783,3.5203037,-1.792113,-0.13943979,23.362404
6283711119,0.012121858,0.07389779,-5.014916,3.512777,-1.7921069,-0.13970254,23.362404
6283721123,0.011817393,0.07401574,-5.014446,3.5106797,-1.8026196,-0.14011194,23.362404
6283731316,0.011414758,0.073948294,-5.0135436,3.5133069,-1.8141484,-0.1410993,23.362404
6283741523,0.011211323,0.074019924,-5.013986,3.5164382,-1.8213483,-0.14325155,23.362404
6283751441,0.011050553,0.073985465,-5.0142474,3.520376,-1.828334,-0.14404328,23.362404
6283761325,0.010684222,0.074056976,-5.013373,3.5225844,-1.839264,-0.14434738,23.362404
6283771443,0.010397365,0.07417661,-5.013352,3.5231478,-1.848873,-0.14530301,23.362629
6283781471,0.010392522,0.074122,-5.0134125,3.5226133,-1.8480129,-0.14467661,23.362629
6283791494,0.01051464,0.074102774,-5.0142264,3.5263555,-1.8444866,-0.14383966,23.362629
6283801433,0.010453007,0.07407691,-5.0140295,3.5283046,-1.8482878,-0.14428912,23.362629
6283811494,0.010533704,0.073938414,-5.0130053,3.5271356,-1.8485472,-0.14460708,23.362629
6283821504,0.0108424,0.07372902,-5.013579,3.5332015,-1.8300558,-0.14516042,23.362629
6283831585,0.011633603,0.0734325,-5.0139966,3.5400155,-1.8096911,-0.14351,23.362629
6283841579,0.012028707,0.07340679,-5.014,3.5363948,-1.8055464,-0.1411701,23.362629
6283851627,0.011935126,0.073651284,-5.0142627,3.524426,-1.8047358,-0.14112227,23.362629
6283861768,0.012268042,0.07349488,-5.0147457,3.5250509,-1.7962786,-0.1406882,23.362629
6283871906,0.012480663,0.07325139,-5.015319,3.5321062,-1.7904975,-0.14064316,23.363077
6283881811,0.012221994,0.07347852,-5.01507,3.5313618,-1.8025407,-0.14166841,23.363077
6283891845,0.011953395,0.073430896,-5.013848,3.5298967,-1.8155892,-0.14221837,23.363077
6283901924,0.011965991,0.073068485,-5.0139365,3.5432467,-1.8095284,-0.1435967,23.363077
6283911940,0.012088505,0.07283377,-5.0144234,3.5555654,-1.8061353,-0.14246821,23.363077
6283921960,0.011821319,0.07314732,-5.0142365,3.544773,-1.8240337,-0.14185578,23.363077
6283932023,0.011238267,0.07365794,-5.0144105,3.5297074,-1.8388801,-0.144858,23.363077
6283942047,0.011055304,0.07374686,-5.0143423,3.5285716,-1.8373442,-0.14468342,23.363077
6283952070,0.011126844,0.073942795,-5.0148625,3.5287867,-1.8390957,-0.14505096,23.363077
6283962160,0.010919949,0.07430343,-5.0143347,3.5153658,-1.8480719,-0.14466958,23.363077
6283972476,0.010795945,0.07435085,-5.0133595,3.51033,-1.843052,-0.14388107,23.361147
6283982255,0.011183851,0.07397075,-5.0139766,3.5210736,-1.8276932,-0.14363655,23.361147
6283992299,0.011347543,0.07414713,-5.01418,3.5218909,-1.8243945,-0.14201652,23.361147
6284002321,0.01116271,0.07449377,-5.01386,3.504152,-1.8317803,-0.14220186,23.361147
6284012378,0.011227811,0.07443325,-5.0138097,3.5009658,-1.8239815,-0.14238869,23.361147
6284022416,0.011516125,0.07406338,-5.0141425,3.5137482,-1.8098369,-0.14119068,23.361147
6284032448,0.011581969,0.074219264,-5.014233,3.5159414,-1.813397,-0.13979591,23.361147
6284042505,0.011486419,0.07410453,-5.013432,3.5136204,-1.8192347,-0.14163306,23.361147
6284052515,0.011609647,0.07335301,-5.012338,3.5336127,-1.8080332,-0.1400222,23.361147
6284062844,0.011797066,0.07301081,-5.0135055,3.5579567,-1.8001664,-0.14005385,23.361147
6284072729,0.011698965,0.073352695,-5.013731,3.5531116,-1.8148459,-0.14040759,23.360685
6284082641,0.011396065,0.07367812,-5.013245,3.5371811,-1.8254871,-0.14153363,23.360685
6284092650,0.011468655,0.07336354,-5.013667,3.5423486,-1.8138577,-0.14195818,23.360685
6284102863,0.011877682,0.07334158,-5.0140643,3.5501974,-1.8067899,-0.13945594,23.360685
6284112713,0.011578929,0.07396471,-5.0141997,3.5350924,-1.823585,-0.13983782,23.360685
6284122925,0.011231352,0.07409939,-5.0134044,3.525994,-1.8334409,-0.14173333,23.360685
6284132862,0.011527473,0.073305525,-5.01279,3.5457954,-1.8176144,-0.14126395,23.360685
6284142900,0.011695737,0.073375754,-5.014049,3.5526576,-1.8146224,-0.13963531,23.360685
6284152933,0.01129343,0.07434053,-5.014443,3.5237134,-1.836025,-0.14164864,23.360685
6284163329,0.011042874,0.07461348,-5.0133586,3.5028105,-1.8409505,-0.14320229,23.360685
6284173107,0.011488682,0.074111916,-5.0138392,3.515306,-1.8201466,-0.14210106,23.360357
6284183063,0.011677975,0.074230544,-5.0141225,3.521388,-1.8168985,-0.13889466,23.360357
6284193104,0.011257389,0.07481666,-5.014004,3.504468,-1.8388939,-0.1402907,23.360357
6284203148,0.010872906,0.07461948,-5.0131645,3.503929,-1.8444009,-0.14268817,23.360357
6284213136,0.011175999,0.073738724,-5.012741,3.5279622,-1.8259645,-0.14279799,23.360357
6284223178,0.011386311,0.07380856,-5.013679,3.5386922,-1.8193357,-0.14149687,23.360357
6284233186,0.011080447,0.07405955,-5.0138,3.528145,-1.8333926,-0.14150053,23.360357
6284243254,0.011016943,0.07365749,-5.013109,3.5359874,-1.8279189,-0.14179315,23.360357
6284253276,0.011579472,0.07307548,-5.0134697,3.557198,-1.806078,-0.13969932,23.360357
6284263485,0.011829092,0.07319474,-5.0138407,3.5563312,-1.8039021,-0.13757725,23.360357
6284273511,0.011286814,0.07373689,-5.0135818,3.5389156,-1.8216732,-0.13955967,23.360327
6284283427,0.011237294,0.073338814,-5.012926,3.5401902,-1.819246,-0.14243391,23.360327
6284293506,0.011744492,0.072803885,-5.0127835,3.5575776,-1.7960267,-0.13995284,23.360327
6284303619,0.012003085,0.07313047,-5.0141773,3.5527308,-1.7894355,-0.13884938,23.360327
6284313587,0.01178948,0.073551066,-5.0142107,3.5352592,-1.8046101,-0.13904522,23.360327
6284323589,0.011632293,0.07346833,-5.0134387,3.5353785,-1.808892,-0.13987973,23.360327
6284333644,0.011756896,0.07373706,-5.0137396,3.5309186,-1.8079823,-0.1400761,23.360327
6284343719,0.011515853,0.074472494,-5.0140104,3.5069394,-1.8175782,-0.1414451,23.360327
6284353733,0.011132558,0.07458758,-5.0139914,3.497977,-1.8255062,-0.14355445,23.360327
6284363782,0.011218411,0.074060105,-5.0135417,3.5193594,-1.8195193,-0.14364369,23.360327
6284373903,0.011490773,0.07373368,-5.01321,3.5318959,-1.8160478,-0.14193796,23.36032
6284384028,0.011150742,0.07423533,-5.014072,3.5211341,-1.8266165,-0.14222716,23.36032
6284393867,0.010823268,0.07423116,-5.0139894,3.517812,-1.8369832,-0.1437716,23.36032
6284403869,0.010710798,0.07363573,-5.012947,3.5351648,-1.8363845,-0.14265767,23.36032
6284413918,0.010797664,0.07376816,-5.0132036,3.542059,-1.8376492,-0.14130773,23.36032
6284424015,0.010750533,0.074135475,-5.01358,3.5254462,-1.8382752,-0.1416972,23.36032
6284434106,0.011066608,0.073945805,-5.0138426,3.524044,-1.821129,-0.14001472,23.36032
6284444085,0.011545436,0.073273934,-5.0135283,3.5464823,-1.8050641,-0.13808253,23.36032
6284454097,0.011779942,0.073210046,-5.0130806,3.5536342,-1.8076626,-0.13573161,23.36032
6284464210,0.01169085,0.073541276,-5.0138216,3.539599,-1.8121865,-0.13627931,23.36032
6284474310,0.011840218,0.0735438,-5.0141463,3.5353098,-1.8056415,-0.13576141,23.359617
6284484258,0.01210694,0.073388375,-5.013601,3.5446146,-1.7989423,-0.13475265,23.359617
6284494363,0.012058387,0.0737775,-5.013653,3.5377176,-1.8045847,-0.1343326,23.359617
6284504372,0.011935229,0.07429399,-5.013915,3.5199146,-1.810025,-0.13632001,23.359617
6284514330,0.011934257,0.07397615,-5.014014,3.5222352,-1.800531,-0.13641402,23.359617
6284524426,0.01202454,0.07335577,-5.0135393,3.5455513,-1.8007528,-0.13490304,23.359617
6284534444,0.01156329,0.073398486,-5.013054,3.5535057,-1.8254188,-0.1362258,23.359617
6284544512,0.010891446,0.07396085,-5.013822,3.535931,-1.8443942,-0.13852246,23.359617
6284554568,0.010603766,0.07431874,-5.0139136,3.522007,-1.8474447,-0.14042312,23.359617
6284564635,0.010527595,0.07443027,-5.0134363,3.5178475,-1.8529953,-0.1410144,23.359617
6284574801,0.010554481,0.07456808,-5.0133033,3.5151112,-1.8526311,-0.14275599,23.359613
6284584645,0.01088529,0.07461484,-5.013636,3.5106878,-1.8416443,-0.14247458,23.359613
6284594706,0.011086867,0.074596986,-5.014094,3.5106554,-1.8368305,-0.14243987,23.359613
6284604712,0.011105207,0.07427636,-5.0137796,3.5221417,-1.835816,-0.14116724,23.359613
6284614764,0.011481657,0.07408844,-5.0137067,3.5301046,-1.8282658,-0.14226523,23.359613
6284624823,0.011553398,0.0745014,-5.015063,3.518699,-1.8199432,-0.14261009,23.359613
6284634902,0.011527834,0.07495615,-5.0151286,3.5032277,-1.8211397,-0.14371198,23.359613
6284644952,0.011700267,0.07465431,-5.014002,3.5058773,-1.8141351,-0.14352997,23.359613
6284654961,0.012134436,0.073927745,-5.0140605,3.523932,-1.7959894,-0.14152636,23.359613
6284665002,0.012247734,0.07362202,-5.0142717,3.5376287,-1.7902596,-0.14058582,23.359613
6284675087,0.011726061,0.07357621,-5.0146914,3.5424623,-1.8092109,-0.14077121,23.35853
6284685037,0.011088667,0.07310669,-5.01409,3.5567422,-1.823048,-0.1409664,23.35853
6284695088,0.011204557,0.072501644,-5.0137253,3.5769658,-1.811181,-0.14020076,23.35853
6284705160,0.011379918,0.07262017,-5.0145802,3.57746,-1.8044603,-0.13960983,23.35853
6284715202,0.010962205,0.07329264,-5.014389,3.5556748,-1.8202305,-0.14012016,23.35853
6284725203,0.010871525,0.073311605,-5.013286,3.5451338,-1.82836,-0.14107327,23.35853
6284735273,0.011253659,0.07292562,-5.0134077,3.5544903,-1.8122339,-0.140171,23.35853
6284745423,0.011479159,0.07323522,-5.0137525,3.5530832,-1.8152039,-0.138794,23.35853
6284755341,0.010910088,0.0740908,-5.01408,3.530763,-1.8370801,-0.14112318,23.35853
6284765513,0.010749686,0.074337006,-5.01401,3.5151398,-1.834082,-0.14168374,23.35853
6284775571,0.011378745,0.07429452,-5.0136824,3.5116346,-1.8106055,-0.14103553,23.357588
6284785502,0.011734466,0.07493743,-5.014481,3.495345,-1.8091922,-0.14069296,23.357588
6284795503,0.011406915,0.07531453,-5.014185,3.4740832,-1.8239765,-0.1427097,23.357588
6284805579,0.011346701,0.07517085,-5.013685,3.4760387,-1.8255384,-0.14393096,23.357588
6284815568,0.011358645,0.074690804,-5.0137916,3.4947796,-1.8218877,-0.14295036,23.357588
6284825701,0.011017144,0.07449144,-5.0136228,3.5064964,-1.8333304,-0.1428957,23.357588
6284835680,0.010652014,0.074266024,-5.013492,3.5149717,-1.8421153,-0.14363542,23.357588
6284845774,0.01068836,0.07361674,-5.0134997,3.5363336,-1.8308758,-0.14320412,23.357588
6284855735,0.010932101,0.07316609,-5.013429,3.554766,-1.8246073,-0.1411732,23.357588
6284865837,0.010712196,0.07342731,-5.0137434,3.5549967,-1.8400209,-0.14145254,23.357588
6284875939,0.010520631,0.07325621,-5.013148,3.555753,-1.8476547,-0.14269876,23.357407
6284885877,0.010876273,0.07261236,-5.0125184,3.5736527,-1.8309855,-0.14128637,23.357407
6284895952,0.011270972,0.07271517,-5.0130787,3.5802827,-1.8208586,-0.13910054,23.357407
6284906024,0.011200728,0.07331762,-5.012828,3.5577571,-1.8307066,-0.13806403,23.357407
6284916041,0.011254747,0.07367233,-5.013394,3.5394015,-1.8251014,-0.14042571,23.357407
6284926054,0.011959626,0.07370175,-5.013609,3.5395427,-1.7977237,-0.1385479,23.357407
6284936086,0.0124847,0.07401994,-5.013705,3.5303712,-1.7866281,-0.13529842,23.357407
6284946097,0.012293382,0.07478064,-5.0141454,3.5034063,-1.7984883,-0.13590917,23.357407
6284956182,0.012177396,0.0748786,-5.0136533,3.4945278,-1.7989744,-0.13747954,23.357407
6284966212,0.012370438,0.07434503,-5.0131273,3.5098925,-1.7903504,-0.13602963,23.357407
6284976348,0.012139366,0.07448534,-5.0136743,3.5133958,-1.801716,-0.13477966,23.357016
6284986515,0.011442673,0.07502817,-5.013822,3.498104,-1.8275067,-0.13719088,23.357016
6284996347,0.010914774,0.07496066,-5.013876,3.4996629,-1.8333036,-0.13954471,23.357016
6285006463,0.010974128,0.074380144,-5.013859,3.52203,-1.8279668,-0.13899925,23.357016
6285016402,0.010816102,0.07425864,-5.0131226,3.5334089,-1.8393363,-0.1370637,23.357016
6285026524,0.01028753,0.07428717,-5.0133004,3.5285513,-1.85733,-0.13920456,23.357016
6285036493,0.010217611,0.073948815,-5.0130844,3.5381687,-1.8551009,-0.14082803,23.357016
6285046505,0.010555609,0.07343243,-5.013016,3.5532277,-1.8417768,-0.13967928,23.357016
6285056644,0.010754236,0.073604435,-5.013359,3.546373,-1.8401321,-0.1382135,23.357016
6285066636,0.01087317,0.07389751,-5.01348,3.5300276,-1.8353621,-0.13995148,23.357016
6285077121,0.011404663,0.07365887,-5.013997,3.5322566,-1.8117315,-0.13946247,23.355457
6285086719,0.011920757,0.07334982,-5.0140095,3.5413537,-1.7944863,-0.13769606,23.355457
6285096769,0.01200754,0.073417336,-5.013629,3.532804,-1.8019485,-0.13612966,23.355457
6285106973,0.011917812,0.073581226,-5.013882,3.5229416,-1.8029149,-0.13717882,23.355457
6285116845,0.012281406,0.073221445,-5.014076,3.5290039,-1.7870996,-0.13712825,23.355457
6285126858,0.012504732,0.07328139,-5.0139627,3.5340908,-1.7840494,-0.13527092,23.355457
6285136866,0.012015507,0.073783346,-5.0140524,3.5177317,-1.8060056,-0.13602081,23.355457
6285146971,0.011445351,0.07390568,-5.013281,3.5114255,-1.8215024,-0.13854058,23.355457
6285157044,0.011332237,0.073315464,-5.013599,3.5322137,-1.8159068,-0.14042436,23.355457
6285167104,0.011341729,0.07311621,-5.013648,3.5479064,-1.8202591,-0.1388783,23.355457
6285177156,0.010754133,0.07340997,-5.012772,3.5380497,-1.8444524,-0.13908504,23.356613
6285187148,0.010377231,0.073682055,-5.013098,3.5289767,-1.8538691,-0.14123149,23.356613
6285197204,0.010714229,0.0734435,-5.0132732,3.5377324,-1.8397474,-0.14136033,23.356613
6285207256,0.010930718,0.07359147,-5.013516,3.5375535,-1.8359567,-0.14062476,23.356613
6285217277,0.010755825,0.074235424,-5.0134473,3.517939,-1.8484579,-0.14212942,23.356613
6285227258,0.010757447,0.07426921,-5.0134587,3.5082254,-1.8443093,-0.14306928,23.356613
6285237392,0.011194662,0.07381143,-5.0141206,3.5243175,-1.8209327,-0.14271049,23.356613
6285247371,0.011659463,0.07368419,-5.0145874,3.5326664,-1.8114454,-0.14016743,23.356613
6285257379,0.011597564,0.07406241,-5.01385,3.5189347,-1.8231316,-0.13967247,23.356613
6285267573,0.01153791,0.07411126,-5.014034,3.512754,-1.8222309,-0.14148976,23.356613
6285277572,0.011965486,0.07387353,-5.014419,3.522552,-1.804232,-0.14117476,23.35606
6285287505,0.012278574,0.07382793,-5.014103,3.5249012,-1.7997943,-0.13944824,23.35606
6285297635,0.012087328,0.07405145,-5.0139904,3.517636,-1.8134745,-0.14023367,23.35606
6285307595,0.01188729,0.07356514,-5.013278,3.5295155,-1.8144654,-0.13996173,23.35606
6285317661,0.01199183,0.07291079,-5.0137815,3.5559044,-1.8052183,-0.13952188,23.35606
6285327777,0.011866727,0.07294973,-5.0135884,3.5612557,-1.8157339,-0.13809237,23.35606
6285337701,0.011370514,0.073392555,-5.0127163,3.5455146,-1.8366195,-0.13934371,23.35606
6285347813,0.011279416,0.07341008,-5.0130544,3.5396242,-1.8336209,-0.14030051,23.35606
6285357850,0.011690907,0.07338574,-5.0135856,3.5436664,-1.8177924,-0.1396526,23.35606
6285367894,0.011568067,0.07387298,-5.0133915,3.5316167,-1.8259265,-0.13770014,23.35606
6285378015,0.011038017,0.07423997,-5.0132394,3.5138621,-1.8453786,-0.14062476,23.35565
6285387960,0.010966945,0.073892914,-5.0130477,3.5200992,-1.839444,-0.14120722,23.35565
6285398003,0.011294029,0.0735656,-5.0135417,3.534417,-1.8232318,-0.13840301,23.35565
6285408019,0.011327733,0.07401823,-5.013612,3.5223265,-1.8313218,-0.13765419,23.35565
6285418065,0.011065241,0.07452056,-5.0128455,3.5006604,-1.8414832,-0.13867901,23.35565
6285428078,0.011134268,0.07436428,-5.01324,3.5025144,-1.8277519,-0.13969073,23.35565
6285438129,0.011648967,0.07409042,-5.0137258,3.5131314,-1.8165882,-0.13719425,23.35565
6285448172,0.011455722,0.074278966,-5.0131664,3.5084434,-1.8278749,-0.13740906,23.35565
6285458308,0.011097346,0.074210994,-5.0130897,3.507221,-1.8354894,-0.13912354,23.35565
6285468424,0.011454498,0.07346497,-5.0131397,3.527958,-1.8159158,-0.13892017,23.35565
6285478384,0.011921742,0.07311179,-5.013791,3.5453804,-1.8030822,-0.13654216,23.352316
6285488314,0.011677319,0.07350789,-5.013576,3.5381413,-1.8172966,-0.13595577,23.352316
6285498385,0.011434893,0.073510356,-5.012891,3.5274553,-1.8217918,-0.13820747,23.352316
6285508432,0.0117846,0.07319083,-5.013511,3.539057,-1.8031377,-0.13898054,23.352316
6285518413,0.011964031,0.07301109,-5.013677,3.5467923,-1.7986228,-0.13588712,23.352316
6285528542,0.011665438,0.0733887,-5.0133286,3.5362933,-1.8160734,-0.13652986,23.352316
6285538507,0.011422142,0.07321334,-5.0126886,3.5343835,-1.8147907,-0.13888013,23.352316
6285548563,0.011852173,0.07279868,-5.0130506,3.55236,-1.7983713,-0.13785861,23.352316
6285558687,0.011749847,0.073106684,-5.0137024,3.5516832,-1.8043531,-0.1360367,23.352316
6285568742,0.011169917,0.07380371,-5.0132575,3.524798,-1.8304837,-0.13767323,23.352316
6285578807,0.010968407,0.07401208,-5.012138,3.514246,-1.8301334,-0.1387142,23.355207
6285588817,0.011398337,0.073698305,-5.0130215,3.525044,-1.8117299,-0.13874614,23.355207
6285598850,0.011303291,0.07408464,-5.0135794,3.5261323,-1.8187447,-0.13829997,23.355207
6285608814,0.010771643,0.074533895,-5.013039,3.5101016,-1.8403789,-0.13962089,23.355207
6285618902,0.010720341,0.07438804,-5.012958,3.5117524,-1.8369148,-0.14195664,23.355207
6285628923,0.011291894,0.073855445,-5.013278,3.5309467,-1.8151847,-0.13995968,23.355207
6285638958,0.011411234,0.07413589,-5.014276,3.5289536,-1.8139756,-0.13794822,23.355207
6285648986,0.011043227,0.07470309,-5.0139556,3.5055354,-1.8286011,-0.1390351,23.355207
6285659134,0.011083463,0.074505,-5.012961,3.5010865,-1.8265204,-0.14049403,23.355207
6285669175,0.011321223,0.074079886,-5.0136714,3.5233064,-1.8109441,-0.13995151,23.355207
6285679288,0.011457462,0.07401399,-5.014171,3.5333147,-1.8125893,-0.13852194,23.353361
6285689193,0.011070042,0.0740987,-5.0135574,3.5249653,-1.8256325,-0.13816951,23.353361
6285699187,0.011118025,0.073871166,-5.0132246,3.529928,-1.8257302,-0.13923837,23.353361
6285709226,0.011466446,0.07333455,-5.0132236,3.5453243,-1.8138055,-0.13696052,23.353361
6285719328,0.011592383,0.07347905,-5.0138397,3.5463014,-1.8137776,-0.13710985,23.353361
6285729322,0.011265809,0.07394473,-5.0134926,3.5331204,-1.8305027,-0.13802646,23.353361
6285739352,0.011042392,0.07383424,-5.012673,3.5319085,-1.8395127,-0.13936736,23.353361
6285749416,0.01110605,0.07363319,-5.0131946,3.5437782,-1.832764,-0.14082344,23.353361
6285759420,0.01135118,0.07351955,-5.013182,3.5476973,-1.826768,-0.14117323,23.353361
6285769506,0.011477706,0.07361793,-5.012839,3.5410085,-1.8301953,-0.14073244,23.353361
6285779678,0.011416563,0.073719904,-5.012792,3.5356584,-1.8299636,-0.142805,23.352962
6285789585,0.011632108,0.07389203,-5.012894,3.5326235,-1.825055,-0.14317085,23.352962
6285799742,0.011586532,0.07406905,-5.013345,3.5233023,-1.8233491,-0.14283398,23.352962
6285809687,0.011463252,0.07434339,-5.0131364,3.5136876,-1.8261777,-0.14481176,23.352962
6285819706,0.011468928,0.07417273,-5.0125933,3.5136385,-1.8219216,-0.1443736,23.352962
6285829810,0.011585701,0.07402099,-5.013206,3.5167747,-1.8144698,-0.14349736,23.352962
6285839791,0.011507907,0.074130245,-5.013082,3.5169995,-1.8161945,-0.14380395,23.352962
6285849835,0.011340516,0.07395605,-5.012278,3.518559,-1.8217045,-0.14196606,23.352962
6285859828,0.011254449,0.07373594,-5.012706,3.5273638,-1.8189628,-0.14102904,23.352962
6285869933,0.011389464,0.073524244,-5.0125794,3.531765,-1.816481,-0.14044748,23.352962
6285880041,0.011348093,0.07359157,-5.0130663,3.531828,-1.8249311,-0.14099637,23.351234
6285890017,0.011272344,0.0734345,-5.012654,3.5368085,-1.830055,-0.14131473,23.351234
6285900020,0.011547043,0.07297632,-5.0118723,3.5476174,-1.8227688,-0.14009961,23.351234
6285910105,0.011715993,0.073037565,-5.0125484,3.5539072,-1.8188976,-0.13891055,23.351234
6285920146,0.011460992,0.07328835,-5.0127006,3.5452335,-1.8291997,-0.13906364,23.351234
6285930170,0.011361959,0.07342317,-5.0121326,3.5363986,-1.8321443,-0.1400064,23.351234
6285940213,0.011753922,0.07323936,-5.012597,3.5370834,-1.8170981,-0.14025827,23.351234
6285950202,0.012135753,0.073285125,-5.013062,3.5342073,-1.8094989,-0.13899234,23.351234
6285960241,0.012030663,0.073894605,-5.0134673,3.5213532,-1.8220655,-0.13953033,23.351234
6285970326,0.011758942,0.07409457,-5.012953,3.5109315,-1.8284141,-0.14045273,23.351234
6285980559,0.011855294,0.0737169,-5.0124707,3.5166368,-1.8158898,-0.13809669,23.351334
6285990384,0.011922413,0.07361358,-5.0131855,3.52252,-1.8111879,-0.13695875,23.351334
6286000533,0.011486653,0.07404745,-5.013413,3.5164778,-1.8275521,-0.13754305,23.351334
6286010505,0.011056379,0.07413326,-5.0126657,3.507389,-1.8398607,-0.1390126,23.351334
6286020512,0.011078926,0.07392974,-5.0126195,3.5147908,-1.83254,-0.13915136,23.351334
6286030586,0.011138921,0.0737803,-5.012624,3.5276763,-1.8296064,-0.13841152,23.351334
6286040679,0.010885774,0.073918045,-5.0127654,3.5283246,-1.8432642,-0.13798152,23.351334
6286050638,0.010726252,0.07387777,-5.012414,3.5276144,-1.8459866,-0.14018753,23.351334
6286060777,0.010990793,0.07340676,-5.0120254,3.536254,-1.8312433,-0.13980752,23.351334
6286070782,0.011161579,0.0733653,-5.0130563,3.543156,-1.8242224,-0.1392473,23.351334
6286080898,0.011078193,0.07367205,-5.0130076,3.5319958,-1.8324727,-0.1396264,23.349813
6286090800,0.011131235,0.07379358,-5.01246,3.522366,-1.8261601,-0.14025949,23.349813
6286100862,0.011805837,0.073554814,-5.012613,3.5244987,-1.8034537,-0.13992208,23.349813
6286110842,0.012214812,0.07333597,-5.013035,3.5270057,-1.794275,-0.13773014,23.349813
6286120920,0.012172913,0.07357683,-5.01332,3.5229707,-1.8045857,-0.13847591,23.349813
6286131076,0.012121201,0.07337143,-5.0130744,3.5215232,-1.8044257,-0.13923831,23.349813
6286141013,0.012265675,0.073172376,-5.012656,3.5289114,-1.7957541,-0.13765685,23.349813
6286151014,0.012043674,0.073488556,-5.0131636,3.5283096,-1.806918,-0.13773373,23.349813
6286161067,0.011529275,0.07386952,-5.0126925,3.5200474,-1.8252537,-0.13808182,23.349813
6286171346,0.011488051,0.07368554,-5.011799,3.523585,-1.8225129,-0.13859034,23.349813
6286181295,0.011605824,0.07335796,-5.012113,3.5379975,-1.8171142,-0.13829571,23.350403
6286191165,0.011175361,0.073566645,-5.0122824,3.5404522,-1.8350732,-0.13866006,23.350403
6286201268,0.010611285,0.073755674,-5.01254,3.5352383,-1.852577,-0.14110409,23.350403
6286211313,0.010630257,0.07371683,-5.0125446,3.5393503,-1.843794,-0.14168541,23.350403
6286221335,0.011014936,0.07369885,-5.012504,3.5402904,-1.8359382,-0.14065193,23.350403
6286231376,0.010912981,0.07426177,-5.0128736,3.5261087,-1.8436694,-0.14166269,23.350403
6286241407,0.010942606,0.074290626,-5.012699,3.5134265,-1.8400025,-0.14226395,23.350403
6286251503,0.011515827,0.07390511,-5.0125837,3.5212352,-1.815855,-0.14059238,23.350403
6286261494,0.011943376,0.07375996,-5.013207,3.527311,-1.8084148,-0.13923325,23.350403
6286271588,0.011658422,0.07409925,-5.0132446,3.514637,-1.8218757,-0.14062886,23.350403
6286281676,0.011642801,0.07421637,-5.0132885,3.5054572,-1.817884,-0.1420175,23.350433
6286291582,0.012164987,0.07371434,-5.013019,3.5171788,-1.7967955,-0.14070028,23.350433
6286301629,0.012288931,0.073536105,-5.012539,3.5261624,-1.7965332,-0.1387033,23.350433
6286311716,0.011780573,0.073782586,-5.0129566,3.521098,-1.8160223,-0.14019793,23.350433
6286321806,0.011394818,0.07351295,-5.0125027,3.5250752,-1.8162621,-0.14048073,23.350433
6286331832,0.011479576,0.0730104,-5.012295,3.5443323,-1.8101023,-0.13938762,23.350433
6286341951,0.011172297,0.073139064,-5.0124936,3.5508206,-1.8257805,-0.13967232,23.350433
6286351896,0.010759089,0.07343092,-5.0122805,3.5374196,-1.8433995,-0.14200161,23.350433
6286361903,0.010926181,0.07328805,-5.0122647,3.5362556,-1.830835,-0.1436525,23.350433
6286372055,0.01139523,0.07292159,-5.012271,3.5500104,-1.8163689,-0.14070961,23.350433
6286382085,0.011209867,0.07319747,-5.0122533,3.5461755,-1.8278395,-0.13943784,23.350187
6286392062,0.010926051,0.073720045,-5.0126657,3.5225286,-1.8400619,-0.14042483,23.350187
6286402080,0.011053151,0.07386177,-5.0126796,3.5147138,-1.82835,-0.14123446,23.350187
6286412087,0.011519029,0.07369132,-5.0123515,3.5203922,-1.814302,-0.13898714,23.350187
6286422138,0.01174495,0.07397761,-5.0126076,3.5158906,-1.8161528,-0.13874437,23.350187
6286432184,0.011675193,0.074238926,-5.0126977,3.5017097,-1.817209,-0.14015587,23.350187
6286442305,0.011688285,0.074168585,-5.0129695,3.5021179,-1.8086766,-0.14049566,23.350187
6286452236,0.01164331,0.07376576,-5.0127645,3.5161238,-1.8081396,-0.13995098,23.350187
6286462309,0.011279893,0.07375376,-5.0123563,3.5203128,-1.8212959,-0.13862285,23.350187
6286472367,0.010915708,0.07389243,-5.012792,3.5168185,-1.8293068,-0.1403128,23.350187
6286482540,0.010975896,0.07353234,-5.0125046,3.5303767,-1.8244239,-0.14050575,23.348858
6286492413,0.0110344,0.073218256,-5.0123463,3.5507648,-1.8233596,-0.14056778,23.348858
6286502608,0.010888221,0.073273666,-5.0125446,3.550613,-1.8344381,-0.14065509,23.348858
6286512511,0.010477999,0.073578656,-5.012468,3.5388103,-1.8431747,-0.1407355,23.348858
6286522598,0.010483707,0.07350342,-5.013048,3.5387084,-1.8379236,-0.14154357,23.348858
6286532697,0.010889167,0.073214,-5.012825,3.5482988,-1.8264998,-0.13851796,23.348858
6286542652,0.011215746,0.07324424,-5.0121956,3.5476305,-1.8248652,-0.13679759,23.348858
6286552652,0.011315218,0.073478505,-5.012855,3.5379906,-1.8241541,-0.13832977,23.348858
6286562775,0.011664835,0.07341714,-5.013088,3.5351377,-1.8155999,-0.13836187,23.348858
6286572836,0.011947162,0.073482074,-5.0130963,3.5335078,-1.8100649,-0.13585177,23.348858
6286582891,0.011896963,0.07396359,-5.013096,3.5188417,-1.8177015,-0.1360423,23.35057
6286593011,0.011772169,0.07411688,-5.0127764,3.506967,-1.8200585,-0.13716625,23.35057
6286602893,0.012007818,0.07377995,-5.013203,3.5183344,-1.805735,-0.1362087,23.35057
6286613041,0.012255616,0.07334631,-5.013008,3.533015,-1.8000212,-0.13520472,23.35057
6286623011,0.011887945,0.07337121,-5.0121593,3.5350273,-1.8222728,-0.13594662,23.35057
6286633037,0.01130355,0.07332721,-5.012452,3.5357347,-1.8357583,-0.13936022,23.35057
6286643087,0.011538085,0.07286073,-5.012751,3.5492673,-1.8230194,-0.13916132,23.35057
6286653143,0.011757175,0.07274635,-5.0127664,3.5567853,-1.8177804,-0.13602945,23.35057
6286663135,0.011383179,0.07325995,-5.0125117,3.5463698,-1.8323983,-0.13756685,23.35057
6286673258,0.011210868,0.073229946,-5.011937,3.5444527,-1.8325983,-0.14058001,23.35057
6286683330,0.011619249,0.072760485,-5.012449,3.559052,-1.8105924,-0.14081322,23.34758
6286693385,0.01183477,0.073067576,-5.012545,3.556283,-1.8106141,-0.13842867,23.34758
6286703387,0.011368821,0.073855005,-5.0120664,3.5271897,-1.834767,-0.14061579,23.34758
6286713364,0.011196943,0.07420139,-5.012406,3.5097187,-1.8325652,-0.14296822,23.34758
6286723445,0.011867441,0.07407389,-5.012477,3.5117855,-1.805018,-0.14067388,23.34758
6286733505,0.012259997,0.07434245,-5.01257,3.5041006,-1.8004192,-0.13831562,23.34758
6286743526,0.011986161,0.07492986,-5.0126057,3.482633,-1.8132771,-0.1392963,23.34758
6286753506,0.011813013,0.07490259,-5.011962,3.47711,-1.8109304,-0.14112675,23.34758
6286763658,0.011866605,0.07425941,-5.012619,3.4963758,-1.8010966,-0.13877624,23.34758
6286773715,0.011541453,0.074159704,-5.0128236,3.5075765,-1.8164086,-0.13720311,23.34758
6286783713,0.010732291,0.074265935,-5.0120707,3.5007718,-1.8453926,-0.13839163,23.348246
6286793714,0.010558368,0.07382173,-5.01266,3.5127623,-1.8412015,-0.14045794,23.348246
6286803744,0.011136539,0.073170304,-5.01254,3.5352032,-1.8208591,-0.1386193,23.348246
6286813778,0.011160196,0.07325357,-5.0121055,3.5400987,-1.8320116,-0.1376881,23.348246
6286823763,0.01064398,0.07329107,-5.012054,3.5360332,-1.8472353,-0.13985966,23.348246
6286833799,0.010757051,0.07282501,-5.0118365,3.5478952,-1.8323015,-0.13980404,23.348246
6286843950,0.011165651,0.07248077,-5.0124025,3.563317,-1.8231373,-0.13859233,23.348246
6286853929,0.011039438,0.07276744,-5.0126266,3.5597763,-1.833474,-0.13928783,23.348246
6286863921,0.010961341,0.07324197,-5.0118823,3.5406256,-1.8354647,-0.14034188,23.348246
6286874048,0.011544566,0.07329339,-5.0123925,3.528555,-1.8155279,-0.14081822,23.348246
6286884143,0.012175297,0.07345908,-5.012864,3.52655,-1.7987875,-0.13928202,23.347872
6286894089,0.012179366,0.073704384,-5.012504,3.515596,-1.8040255,-0.1389068,23.347872
6286904110,0.012071204,0.073748715,-5.012269,3.5099578,-1.8076063,-0.13991477,23.347872
6286914167,0.012487475,0.07327769,-5.0123854,3.5200756,-1.7851294,-0.13951609,23.347872
6286924220,0.012820485,0.07336403,-5.0130796,3.527307,-1.7747127,-0.13747385,23.347872
6286934477,0.01225987,0.073754184,-5.012918,3.5240698,-1.8017709,-0.13792875,23.347872
6286944326,0.011480452,0.07363886,-5.012142,3.5248244,-1.8265694,-0.13965334,23.347872
6286954384,0.011243328,0.07337523,-5.0123672,3.539111,-1.8311316,-0.13937517,23.347872
6286964381,0.010987025,0.07332413,-5.012532,3.5474434,-1.8417372,-0.14015408,23.347872
6286974496,0.010407286,0.07370851,-5.012087,3.5407221,-1.8618734,-0.14045489,23.347872
6286984575,0.010169866,0.07377286,-5.0119486,3.5335815,-1.8642126,-0.14234613,23.348352
6286994543,0.010555333,0.073442325,-5.0118556,3.5401437,-1.8462399,-0.14102376,23.348352
6287004596,0.011044341,0.07321775,-5.0126452,3.5520172,-1.826825,-0.13929005,23.348352
6287014586,0.011202886,0.073482625,-5.01298,3.5511072,-1.8265568,-0.13798857,23.348352
6287024639,0.010987839,0.07368657,-5.012412,3.5364697,-1.8354317,-0.13853602,23.348352
6287034667,0.010959049,0.07400905,-5.0128922,3.5239148,-1.8314807,-0.13879004,23.348352
6287044760,0.011374532,0.07419224,-5.013093,3.516303,-1.812113,-0.13861921,23.348352
6287054872,0.011806276,0.07413735,-5.0127845,3.510123,-1.7949095,-0.13677035,23.348352
6287064823,0.012071342,0.07402574,-5.0129256,3.5097208,-1.7873535,-0.13536684,23.348352
6287074897,0.012362513,0.07364825,-5.0126295,3.5173025,-1.7824204,-0.13590525,23.348352
6287084973,0.012332701,0.07318334,-5.0128517,3.5342324,-1.7793244,-0.13603611,23.347105
6287094897,0.011919338,0.07323121,-5.012994,3.542397,-1.798038,-0.1363045,23.347105
6287104922,0.010919419,0.07361028,-5.012428,3.531853,-1.8348079,-0.13814107,23.347105
6287115013,0.010192971,0.07348193,-5.0123396,3.5253336,-1.8541989,-0.14040886,23.347105
6287125058,0.010542257,0.07298491,-5.012243,3.54213,-1.8432206,-0.14085527,23.347105
6287135064,0.011113036,0.07247273,-5.0120296,3.5567412,-1.829555,-0.13839436,23.347105
6287145141,0.011011758,0.07263933,-5.0119696,3.5507421,-1.8343618,-0.137457,23.347105
6287155370,0.010911518,0.07287887,-5.011937,3.5410614,-1.8420874,-0.13891679,23.347105
6287165208,0.011082991,0.07278202,-5.0122514,3.5488605,-1.8320663,-0.1398194,23.347105
6287175370,0.011310425,0.0727676,-5.012475,3.5519073,-1.823652,-0.13802134,23.347105
6287185388,0.011327921,0.073507115,-5.012269,3.5256083,-1.8275628,-0.13670771,23.34783
6287195404,0.011475436,0.074036285,-5.0125422,3.4972246,-1.8168561,-0.13696414,23.34783
6287205336,0.012185823,0.07367449,-5.012263,3.5012486,-1.7898382,-0.13575043,23.34783
6287215417,0.012627745,0.07365325,-5.0122395,3.5152338,-1.7793716,-0.13360628,23.34783
6287225521,0.012134736,0.07403229,-5.0124297,3.5095298,-1.792451,-0.13311896,23.34783
6287235590,0.011651462,0.07406204,-5.0122066,3.5068781,-1.80443,-0.1356185,23.34783
6287245571,0.0114544,0.07356503,-5.0126095,3.526109,-1.8058666,-0.13557866,23.34783
6287255588,0.011332816,0.07331197,-5.01274,3.5424492,-1.8113625,-0.13536096,23.34783
6287265689,0.011043958,0.07346652,-5.012264,3.535453,-1.8228822,-0.13523078,23.34783
6287275741,0.010638886,0.07362274,-5.0125947,3.532031,-1.8327975,-0.13677394,23.34783
6287285922,0.010582964,0.07310156,-5.012309,3.5527463,-1.8353269,-0.13759315,23.346992
6287295734,0.010865699,0.072645545,-5.011896,3.5745163,-1.8336602,-0.1364268,23.346992
6287305791,0.010961156,0.0728802,-5.012259,3.5725589,-1.8330907,-0.13667151,23.346992
6287315819,0.010978397,0.073066615,-5.012281,3.5568922,-1.8359567,-0.1378911,23.346992
6287325893,0.011344642,0.07317549,-5.012602,3.55147,-1.8277426,-0.1383684,23.346992
6287335935,0.01175025,0.07344077,-5.0129495,3.541262,-1.8130032,-0.1374481,23.346992
6287345993,0.012005966,0.0740484,-5.0128875,3.5174809,-1.8127725,-0.13695654,23.346992
6287355972,0.011606059,0.07454143,-5.013075,3.4980662,-1.8212873,-0.13892278,23.346992
6287366107,0.011556625,0.07441394,-5.0124235,3.5016716,-1.8232954,-0.13987404,23.346992
6287376209,0.011940718,0.073999874,-5.01193,3.5130618,-1.8079271,-0.13831283,23.346992
6287386282,0.012390939,0.07379988,-5.0122385,3.516809,-1.7958913,-0.13712683,23.348616
6287396152,0.012121723,0.07385952,-5.0124116,3.5172212,-1.8053117,-0.13763277,23.348616
6287406232,0.011742571,0.07381923,-5.012767,3.5184531,-1.8196266,-0.1390696,23.348616
6287416199,0.011576158,0.07359344,-5.0126004,3.5266798,-1.8165377,-0.1385787,23.348616
6287426387,0.011439093,0.07342594,-5.012347,3.533616,-1.8181391,-0.13790628,23.348616
6287436435,0.010930442,0.07354479,-5.0124307,3.5367243,-1.8369641,-0.13892436,23.348616
6287446362,0.010612092,0.07333789,-5.01194,3.5450385,-1.8428265,-0.14088231,23.348616
6287456383,0.011107246,0.072825365,-5.011553,3.558237,-1.8268516,-0.13892125,23.348616
6287466506,0.011561153,0.07286501,-5.0124745,3.559469,-1.8171035,-0.13611907,23.348616
6287476647,0.011430111,0.07306032,-5.0127616,3.5464454,-1.8249995,-0.13699435,23.348616
6287486668,0.011268265,0.07341719,-5.0131416,3.5369058,-1.8290102,-0.13854583,23.34763
6287496603,0.01151617,0.07343681,-5.0131493,3.5326428,-1.8154914,-0.13882531,23.34763
6287506615,0.011769529,0.07357199,-5.0125785,3.5285633,-1.8075135,-0.13729815,23.34763
6287516618,0.011713008,0.07382449,-5.0128117,3.5222173,-1.8128403,-0.13838477,23.34763
6287526718,0.011634565,0.07393161,-5.01242,3.5177732,-1.8154389,-0.13893947,23.34763
6287536796,0.011812195,0.073767245,-5.012587,3.5207446,-1.8078172,-0.13835031,23.34763
6287546760,0.011841944,0.074024744,-5.013115,3.5149064,-1.8095543,-0.13821334,23.34763
6287556861,0.011680966,0.07417426,-5.01273,3.508752,-1.8180271,-0.1393071,23.34763
6287566837,0.011389498,0.07378028,-5.012288,3.519783,-1.8153557,-0.13999675,23.34763
6287576995,0.011440161,0.07351755,-5.012092,3.5376434,-1.8142792,-0.13820098,23.34763
6287587064,0.011156535,0.073560596,-5.0118556,3.5396893,-1.8268731,-0.13781388,23.348175
6287596963,0.010780152,0.0735116,-5.012001,3.5410984,-1.8363963,-0.13828897,23.348175
6287607021,0.010775641,0.07307008,-5.0119987,3.5552292,-1.8293808,-0.13845836,23.348175
6287617035,0.011148116,0.07295991,-5.01255,3.5582469,-1.8193519,-0.1368635,23.348175
6287627058,0.011237843,0.07352688,-5.013426,3.538382,-1.8204432,-0.13679554,23.348175
6287637155,0.011051908,0.07385391,-5.0127044,3.51974,-1.8257749,-0.13710834,23.348175
6287647208,0.011088938,0.07341393,-5.0121994,3.5338967,-1.8213376,-0.13743739,23.348175
6287657232,0.011437198,0.073208295,-5.012595,3.5514534,-1.8093771,-0.13548943,23.348175
6287667270,0.011564285,0.07377641,-5.012796,3.53219,-1.8130311,-0.13552758,23.348175
6287677329,0.01128546,0.074473634,-5.0131583,3.5055742,-1.8225684,-0.13821784,23.348175
6287687521,0.01147231,0.07393872,-5.0126595,3.5144334,-1.8088712,-0.1383446,23.347847
6287697524,0.012081848,0.07355499,-5.012568,3.5341086,-1.7877455,-0.13640913,23.347847
6287707401,0.012155218,0.07409557,-5.013205,3.5191495,-1.7985872,-0.13559647,23.347847
6287717525,0.011422317,0.07445342,-5.0123725,3.5015776,-1.824982,-0.13840902,23.347847
6287727490,0.011022148,0.07368183,-5.0119257,3.5233781,-1.8259954,-0.1404912,23.347847
6287737575,0.01151582,0.07294642,-5.0122213,3.5553324,-1.8111892,-0.13913648,23.347847
6287747654,0.011514747,0.07316034,-5.0123425,3.5483198,-1.8167832,-0.13729565,23.347847
6287757942,0.01084468,0.07375965,-5.0126276,3.5279293,-1.8408883,-0.1404522,23.347847
6287767811,0.010765311,0.073313795,-5.012685,3.5389943,-1.837372,-0.14169952,23.347847
6287777768,0.011452237,0.072685935,-5.013062,3.5593886,-1.8089451,-0.13820787,23.347847
6287787917,0.01164816,0.07333582,-5.013695,3.5402684,-1.813224,-0.13646926,23.34593
6287797907,0.010925477,0.074198715,-5.0133157,3.5068886,-1.8456713,-0.13872766,23.34593
6287807895,0.010649022,0.07390488,-5.0130005,3.5128777,-1.8398956,-0.14126976,23.34593
6287817891,0.01142834,0.07335712,-5.013102,3.5382593,-1.8097827,-0.13708064,23.34593
6287828076,0.011751839,0.07365778,-5.0125794,3.530097,-1.8161458,-0.13490091,23.34593
6287838235,0.011169026,0.07409704,-5.0123177,3.510003,-1.8369291,-0.13762002,23.34593
6287848046,0.011510799,0.07354917,-5.012505,3.520268,-1.8141954,-0.13805956,23.34593
6287858071,0.012436401,0.073017105,-5.0127964,3.5351348,-1.786162,-0.13370268,23.34593
6287868165,0.012209155,0.07347701,-5.0127935,3.5256062,-1.8068583,-0.13289881,23.34593
6287878241,0.011368589,0.07353407,-5.0117817,3.5194747,-1.8351865,-0.1378108,23.34593
6287888318,0.011564821,0.07288676,-5.0117826,3.5428758,-1.8191056,-0.1384849,23.347107
6287898274,0.012138162,0.07255754,-5.01222,3.5569627,-1.8021514,-0.13584533,23.347107
6287908306,0.011825323,0.073143125,-5.011789,3.5387077,-1.8259093,-0.1351758,23.347107
6287918291,0.011311898,0.07330166,-5.0117383,3.5264506,-1.8412136,-0.13843358,23.347107
6287928336,0.011851666,0.072670676,-5.0124044,3.5462499,-1.8169792,-0.1377363,23.347107
6287938384,0.012379992,0.07271788,-5.012919,3.5519643,-1.8066849,-0.13429302,23.347107
6287948394,0.011780147,0.07366531,-5.012579,3.526979,-1.8355494,-0.13615535,23.347107
6287958527,0.011322221,0.0738944,-5.0119724,3.5153058,-1.8422102,-0.14059271,23.347107
6287968512,0.011873367,0.07337252,-5.0123816,3.5278363,-1.8091164,-0.13938853,23.347107
6287978623,0.012187696,0.07368765,-5.012782,3.5236006,-1.8058339,-0.13622765,23.347107
6287988672,0.011363504,0.07430799,-5.0118294,3.500117,-1.8357089,-0.13721082,23.34797
6287998581,0.011066602,0.07410394,-5.01191,3.5017855,-1.8332586,-0.1414088,23.34797
6288008741,0.011704932,0.07337989,-5.012514,3.5286999,-1.8053843,-0.13959686,23.34797
6288018671,0.011779795,0.073497206,-5.0127645,3.5333743,-1.8110998,-0.13764569,23.34797
6288028810,0.011069343,0.07388022,-5.0123963,3.5182185,-1.832606,-0.13977231,23.34797
6288038786,0.011096039,0.07346801,-5.0122085,3.5282552,-1.821368,-0.14219412,23.34797
6288048883,0.011543805,0.0731267,-5.0129957,3.5488577,-1.8073478,-0.13913015,23.34797
6288058917,0.011238574,0.07348196,-5.012784,3.5415206,-1.8260167,-0.13799551,23.34797
6288068907,0.010681702,0.07379328,-5.012152,3.5264187,-1.8373226,-0.14071605,23.34797
6288079196,0.011254182,0.07339429,-5.0127068,3.537495,-1.8120503,-0.13991243,23.34797
6288089093,0.011931011,0.073158875,-5.0135255,3.551339,-1.7958769,-0.13683264,23.346329
6288099069,0.011672739,0.07356753,-5.0131736,3.5376298,-1.8160356,-0.13572648,23.346329
6288109112,0.011243988,0.07376596,-5.0125446,3.5233061,-1.8262795,-0.13742705,23.346329
6288119179,0.011645852,0.07328393,-5.0124025,3.5370326,-1.8077406,-0.13671838,23.346329
6288129223,0.011935971,0.073261015,-5.012948,3.5470576,-1.8035493,-0.13499568,23.346329
6288139264,0.011482899,0.07377935,-5.0126085,3.5291452,-1.8244802,-0.13509491,23.346329
6288149279,0.011296646,0.07350309,-5.0118637,3.5216749,-1.8245981,-0.13681386,23.346329
6288159326,0.01162546,0.07297801,-5.012576,3.5416467,-1.80667,-0.13456249,23.346329
6288169340,0.011719481,0.07322834,-5.0130377,3.545765,-1.8188696,-0.13326772,23.346329
6288179683,0.011030109,0.07382535,-5.0124464,3.5232942,-1.8439194,-0.13628958,23.346329
6288189543,0.011022,0.073734134,-5.012383,3.5188854,-1.8371758,-0.13888147,23.347603
6288199404,0.011498556,0.07328419,-5.012733,3.5377429,-1.8156828,-0.13738061,23.347603
6288209498,0.011452722,0.07359133,-5.0134716,3.538137,-1.8242583,-0.1372178,23.347603
6288219618,0.010907011,0.07406888,-5.0131764,3.5165896,-1.8413682,-0.13943015,23.347603
6288229749,0.010905165,0.07392775,-5.012816,3.5148394,-1.8340942,-0.13986017,23.347603
6288239594,0.011479921,0.073552236,-5.013764,3.5290453,-1.8163822,-0.13925205,23.347603
6288249629,0.011644218,0.073960036,-5.0139446,3.521357,-1.8170726,-0.1377973,23.347603
6288259757,0.011713156,0.07427571,-5.013433,3.5018516,-1.8207227,-0.13881998,23.347603
6288269755,0.012039159,0.07377679,-5.0132866,3.5110648,-1.8042399,-0.13873947,23.347603
6288279831,0.012474349,0.07318979,-5.0134716,3.5347106,-1.7920789,-0.13603514,23.347603
6288289909,0.0121557,0.073522486,-5.013694,3.5361555,-1.8075686,-0.13505886,23.346697
6288299849,0.011754459,0.073622234,-5.013147,3.528342,-1.825131,-0.13708772,23.346697
6288309902,0.011818172,0.07290555,-5.0121937,3.545904,-1.8152943,-0.13647237,23.346697
6288319922,0.012107871,0.07258789,-5.012986,3.5669062,-1.8081764,-0.13533887,23.346697
6288329999,0.011887726,0.07299276,-5.0129623,3.5548847,-1.8231053,-0.13505696,23.346697
6288340041,0.011469597,0.0733265,-5.0121193,3.538402,-1.8349756,-0.13685052,23.346697
6288350053,0.011643532,0.07310372,-5.0123463,3.549117,-1.8278878,-0.13685328,23.346697
6288360141,0.011703788,0.073176496,-5.012746,3.554303,-1.8231796,-0.13698678,23.346697
6288370088,0.011526471,0.07391675,-5.0131774,3.532636,-1.833033,-0.13726284,23.346697
6288380257,0.011492352,0.07410096,-5.0127296,3.515425,-1.8322319,-0.13975066,23.346697
6288390368,0.011953239,0.07362015,-5.012289,3.5229847,-1.8133738,-0.13868545,23.346373
6288400302,0.012249521,0.07387003,-5.0130477,3.5249228,-1.8037918,-0.13675344,23.346373
6288410296,0.012052482,0.07462403,-5.0133085,3.5012944,-1.8176997,-0.13802682,23.346373
6288420334,0.011693119,0.07481337,-5.012598,3.488394,-1.8243889,-0.13956589,23.346373
6288430366,0.011760822,0.07440427,-5.012556,3.5035863,-1.8131962,-0.13973913,23.346373
6288440443,0.011797215,0.074323416,-5.012598,3.5128162,-1.8147768,-0.13862649,23.346373
6288450479,0.011218529,0.07448971,-5.012598,3.5051005,-1.8334996,-0.14071642,23.346373
6288460548,0.01090462,0.07389283,-5.0118155,3.5188932,-1.8383987,-0.14175995,23.346373
6288470685,0.011220042,0.072921865,-5.011453,3.5512013,-1.8256817,-0.14156418,23.346373
6288480674,0.011146486,0.07300363,-5.012433,3.5583034,-1.8318042,-0.13941407,23.346373
6288490712,0.010530355,0.07344845,-5.0121155,3.5397935,-1.8543942,-0.14124934,23.345743
6288500735,0.010341156,0.073172465,-5.011875,3.5400577,-1.8536967,-0.14340416,23.345743
6288510761,0.01096528,0.07269235,-5.0121527,3.5569856,-1.8298899,-0.14196607,23.345743
6288520774,0.011302362,0.072990075,-5.0123305,3.5498347,-1.8249022,-0.14039458,23.345743
6288530825,0.011154704,0.07358733,-5.0125003,3.5262926,-1.835025,-0.14326486,23.345743
6288540805,0.011536475,0.073262356,-5.012427,3.5272005,-1.8152393,-0.1437047,23.345743
6288550850,0.01258004,0.07274291,-5.0124526,3.5419326,-1.7808996,-0.139847,23.345743
6288561111,0.012748247,0.07355574,-5.0135245,3.5265331,-1.7863024,-0.13826196,23.345743
6288570999,0.011964253,0.0744467,-5.0132637,3.4947448,-1.8142693,-0.13951355,23.345743
6288581104,0.011883006,0.074053586,-5.012582,3.497553,-1.8047549,-0.14065772,23.345743
6288591371,0.012383755,0.07353851,-5.0129848,3.5200505,-1.7839406,-0.13882853,23.34693
6288601098,0.011994142,0.074032746,-5.0125284,3.5153134,-1.8099612,-0.13763678,23.34693
6288611147,0.010826828,0.07440875,-5.012125,3.5026562,-1.8471948,-0.14225547,23.34693
6288621175,0.010801442,0.07346182,-5.0117145,3.5260527,-1.8387682,-0.14279069,23.34693
6288631218,0.011297424,0.07258217,-5.011826,3.5588095,-1.8232324,-0.13809335,23.34693
6288641265,0.010740726,0.07317717,-5.012614,3.5515711,-1.8503977,-0.13850302,23.34693
6288651303,0.009853256,0.073800325,-5.012274,3.5270214,-1.8727037,-0.14357705,23.34693
6288661343,0.010272443,0.07329383,-5.0118146,3.5320518,-1.84776,-0.14433917,23.34693
6288671493,0.011055077,0.07298626,-5.0124497,3.5454037,-1.8188277,-0.14117646,23.34693
6288681527,0.011040992,0.07367614,-5.012545,3.5298607,-1.8344489,-0.14137971,23.34693
6288691626,0.010701546,0.07405432,-5.0126495,3.510875,-1.844502,-0.1433794,23.346645
6288701508,0.011438915,0.07325393,-5.012842,3.5271873,-1.8094049,-0.14247303,23.346645
6288711544,0.01249188,0.07285541,-5.0134664,3.542633,-1.7786726,-0.13671353,23.346645
6288721596,0.012368533,0.073885754,-5.0141845,3.5156903,-1.7949064,-0.13704967,23.346645
6288731623,0.011913066,0.07447337,-5.01377,3.487792,-1.8095305,-0.14001639,23.346645
6288741638,0.012227122,0.073898435,-5.0132113,3.5013578,-1.7913542,-0.13896647,23.346645
6288751960,0.012499058,0.073596306,-5.0133176,3.522756,-1.7905337,-0.13587967,23.346645
6288761707,0.011815429,0.07382808,-5.0128903,3.520937,-1.8237326,-0.13639553,23.346645
6288771764,0.011183111,0.07362956,-5.012442,3.525293,-1.8422078,-0.1385097,23.346645
6288781827,0.011301366,0.07285519,-5.0122604,3.5526936,-1.831706,-0.1385966,23.346645
6288792008,0.01137811,0.07274087,-5.012279,3.5658784,-1.8334877,-0.13694522,23.346054
6288801899,0.010943618,0.073568344,-5.0131087,3.5447178,-1.853313,-0.13874388,23.346054
6288811909,0.010545195,0.074002214,-5.0128427,3.5253305,-1.8583193,-0.14174865,23.346054
6288821984,0.010837539,0.07373539,-5.012466,3.5314584,-1.843567,-0.14095987,23.346054
6288832048,0.011118955,0.07356766,-5.0125456,3.5367424,-1.8328809,-0.13983919,23.346054
6288842101,0.011130074,0.07374895,-5.012579,3.52686,-1.8341916,-0.1408693,23.346054
6288852100,0.011204877,0.073745325,-5.012726,3.5233555,-1.8274276,-0.14159986,23.346054
6288862192,0.011652942,0.07352615,-5.0129085,3.5297463,-1.8121399,-0.13969047,23.346054
6288872190,0.011849422,0.07377255,-5.0130777,3.5230126,-1.805963,-0.13873766,23.346054
6288882284,0.011702916,0.07442333,-5.0136538,3.4996393,-1.8126658,-0.13974409,23.346054
6288892582,0.011727593,0.0745004,-5.013324,3.490835,-1.8118631,-0.14114816,23.346186
6288902345,0.011914034,0.07400038,-5.0123105,3.5039604,-1.8055335,-0.14029941,23.346186
6288912403,0.01176623,0.07364619,-5.011956,3.5201733,-1.8100702,-0.1378914,23.346186
6288922385,0.01148333,0.07329966,-5.011901,3.532733,-1.8197471,-0.13813792,23.346186
6288932426,0.011344042,0.0729466,-5.012513,3.5487115,-1.821089,-0.13826561,23.346186
6288942535,0.011349823,0.07290948,-5.012624,3.5591583,-1.8210772,-0.13671547,23.346186
6288952625,0.011314447,0.07327963,-5.012459,3.5501752,-1.8296412,-0.13661991,23.346186
6288962620,0.011011689,0.073708124,-5.012858,3.5353124,-1.8313813,-0.13856183,23.346186
6288972607,0.01120674,0.07357823,-5.012678,3.533668,-1.8246632,-0.13803437,23.346186
6288982690,0.011267837,0.07347123,-5.01215,3.542871,-1.8208969,-0.13641608,23.346186
6288992767,0.011018886,0.073589504,-5.012058,3.54205,-1.8300871,-0.13660835,23.346334
6289002767,0.010818099,0.073589206,-5.012234,3.5373907,-1.8331794,-0.13876456,23.346334
6289012772,0.011109526,0.07351284,-5.0131826,3.5362413,-1.8221506,-0.13956141,23.346334
6289022826,0.011308249,0.07387073,-5.0133033,3.5253675,-1.8187993,-0.1388647,23.346334
6289032813,0.011075208,0.074513905,-5.0126114,3.5022674,-1.8299055,-0.13996135,23.346334
6289042918,0.010918438,0.07458266,-5.012574,3.4926584,-1.8297817,-0.14096124,23.346334
6289052881,0.011163604,0.07406378,-5.012694,3.5028443,-1.8163755,-0.14076306,23.346334
6289063039,0.011244102,0.073759764,-5.01242,3.5137079,-1.8180678,-0.13892671,23.346334
6289072980,0.010943607,0.07380899,-5.012504,3.5170982,-1.831858,-0.14116658,23.346334
6289083129,0.011070324,0.07335414,-5.0126047,3.5259283,-1.826742,-0.1418596,23.346334
6289093331,0.01157047,0.07301431,-5.0134645,3.5404694,-1.8090094,-0.14005409,23.346899
6289103152,0.011738074,0.07331893,-5.013791,3.5352366,-1.8124536,-0.1374134,23.346899
6289113156,0.0114782,0.07373559,-5.0129604,3.5200298,-1.8276166,-0.13869669,23.346899
6289123255,0.011432631,0.07354618,-5.0132923,3.5244281,-1.8233162,-0.14042819,23.346899
6289133235,0.011729324,0.073109165,-5.0131664,3.542289,-1.8120574,-0.13798237,23.346899
6289143336,0.011600233,0.07308002,-5.0130877,3.5462968,-1.8194091,-0.13807663,23.346899
6289153347,0.011268382,0.07327262,-5.0127974,3.5420084,-1.8278663,-0.13905892,23.346899
6289163409,0.011594011,0.073058374,-5.0128136,3.546298,-1.8211488,-0.13957156,23.346899
6289173454,0.011789769,0.07317402,-5.013662,3.5490754,-1.813977,-0.13785416,23.346899
6289183507,0.011502937,0.07374091,-5.0135536,3.5333483,-1.8236217,-0.13826697,23.346899
6289193656,0.011218243,0.07399404,-5.012762,3.5166888,-1.8304194,-0.1396639,23.34744
6289203595,0.011350436,0.07372059,-5.0130963,3.5233357,-1.8193575,-0.14049315,23.34744
6289213687,0.011467055,0.07349323,-5.013205,3.532468,-1.8130566,-0.14025635,23.34744
6289223658,0.011248924,0.07356545,-5.0128984,3.52707,-1.8232576,-0.13972431,23.34744
6289233657,0.011116777,0.073603354,-5.0132647,3.520487,-1.8263433,-0.14167303,23.34744
6289243749,0.011474744,0.07356605,-5.013515,3.5245616,-1.8155568,-0.14143015,23.34744
6289253716,0.011651184,0.07373688,-5.014549,3.5228364,-1.8154845,-0.14111497,23.34744
6289263779,0.011322433,0.07409028,-5.0141706,3.5115838,-1.8242257,-0.14161274,23.34744
6289273895,0.011289375,0.073866926,-5.0129657,3.5105257,-1.8235633,-0.1432216,23.34744
6289283922,0.011489063,0.07350675,-5.0134807,3.5267506,-1.8172578,-0.14366724,23.34744
6289294071,0.011358228,0.07344402,-5.0137124,3.53497,-1.8248495,-0.14291829,23.346216
6289303977,0.011074458,0.07369678,-5.0128727,3.5292845,-1.8393841,-0.14369911,23.346216
6289314043,0.01103947,0.073639646,-5.0130424,3.5314152,-1.8372273,-0.14323834,23.346216
6289324034,0.011391922,0.073382944,-5.013069,3.5409942,-1.8233049,-0.14116831,23.346216
6289334094,0.011418732,0.07367067,-5.0134144,3.5391507,-1.8245442,-0.14043666,23.346216
6289344136,0.011025385,0.0740006,-5.0129414,3.526783,-1.8369291,-0.13974868,23.346216
6289354184,0.011109635,0.07372621,-5.011919,3.5271199,-1.8316839,-0.13973589,23.346216
6289364170,0.011559991,0.07339835,-5.0127335,3.5390234,-1.8139907,-0.13806795,23.346216
6289374206,0.011704002,0.07369729,-5.01317,3.5358799,-1.8134328,-0.1363925,23.346216
6289384328,0.011332047,0.07404984,-5.0127797,3.519107,-1.8231096,-0.13639143,23.346216
6289394532,0.011322316,0.073998235,-5.0126147,3.5173411,-1.814262,-0.1381066,23.345955
6289404464,0.011653386,0.07362776,-5.013039,3.5290155,-1.7974336,-0.13692519,23.345955
6289414452,0.011708908,0.07388289,-5.0133047,3.527661,-1.8064063,-0.13633454,23.345955
6289424420,0.011159516,0.07420472,-5.012697,3.51693,-1.8274955,-0.13819869,23.345955
6289434506,0.011021941,0.073968746,-5.011968,3.5211556,-1.8234633,-0.13966134,23.345955
6289444567,0.011477708,0.07361329,-5.012551,3.5345898,-1.8080951,-0.13909288,23.345955
6289454748,0.011357988,0.07389105,-5.0125165,3.53391,-1.8172511,-0.13775939,23.345955
6289464681,0.010794991,0.074286066,-5.011714,3.52142,-1.8397256,-0.13954256,23.345955
6289474704,0.01067907,0.073890775,-5.0117955,3.5260782,-1.8375362,-0.14050442,23.345955
6289484726,0.011204809,0.07333927,-5.012111,3.5432775,-1.8225199,-0.13843776,23.345955
6289494889,0.011319493,0.07351976,-5.01287,3.5444183,-1.8284014,-0.13656846,23.34718
6289504758,0.010923137,0.07389924,-5.0124707,3.5320966,-1.8425113,-0.13739525,23.34718
6289514841,0.011083975,0.07353488,-5.0118756,3.5331583,-1.8302777,-0.1377648,23.34718
6289524968,0.011715602,0.073227,-5.0129642,3.546488,-1.8058022,-0.13705923,23.34718
6289534932,0.011898106,0.07343415,-5.01359,3.5431798,-1.8054118,-0.1349515,23.34718
6289545009,0.011552002,0.07376079,-5.0130057,3.5292006,-1.8188851,-0.1363461,23.34718
6289555009,0.011598898,0.07355446,-5.01345,3.532128,-1.8102438,-0.13907719,23.34718
6289565061,0.012064289,0.07326594,-5.013835,3.546065,-1.7955059,-0.13762724,23.34718
6289575061,0.011779509,0.0737709,-5.014254,3.5393355,-1.8063298,-0.13714904,23.34718
6289585111,0.011137026,0.07433767,-5.0137196,3.5202684,-1.829515,-0.14028719,23.34718
6289595224,0.011001389,0.074106425,-5.0128064,3.5192857,-1.827023,-0.14188576,23.346361
6289605224,0.011333378,0.07382446,-5.0135617,3.5313659,-1.8119502,-0.1404055,23.346361
6289615257,0.01124594,0.07401984,-5.0137587,3.5284307,-1.821051,-0.13924897,23.346361
6289625273,0.010790853,0.07417299,-5.0128694,3.518196,-1.8404558,-0.14106481,23.346361
6289635464,0.010684398,0.07367511,-5.0124173,3.5305889,-1.8354411,-0.1428168,23.346361
6289645334,0.011077306,0.07316786,-5.012747,3.550226,-1.8228921,-0.14032198,23.346361
6289655372,0.011039293,0.07358156,-5.013236,3.5447083,-1.8297117,-0.13890722,23.346361
6289665847,0.010799253,0.073958844,-5.012972,3.525074,-1.8381747,-0.14086783,23.346361
6289675514,0.011206586,0.07371851,-5.0124516,3.524273,-1.8257122,-0.1404957,23.346361
6289685676,0.011612596,0.07363763,-5.013201,3.5308301,-1.8115541,-0.1399503,23.346361
6289695656,0.011558021,0.07390583,-5.013294,3.5244741,-1.8169552,-0.13920307,23.345211
6289705781,0.011268294,0.0739894,-5.0127187,3.5168831,-1.8236037,-0.13950288,23.345211
6289715597,0.011497777,0.07371732,-5.012514,3.523997,-1.8161455,-0.1399922,23.345211
6289725654,0.011715587,0.07371737,-5.0127907,3.5302036,-1.8093963,-0.13822073,23.345211
6289735770,0.011809966,0.07404605,-5.0134597,3.5179355,-1.8130839,-0.13749556,23.345211
6289745721,0.011778398,0.07414379,-5.0133243,3.5076537,-1.8131964,-0.13852295,23.345211
6289755791,0.011799184,0.07360313,-5.012668,3.5155733,-1.8088514,-0.13690184,23.345211
6289765823,0.011650923,0.073421,-5.013153,3.5302432,-1.8143771,-0.13713044,23.345211
6289775862,0.011298505,0.07326137,-5.012725,3.5348191,-1.8248296,-0.13757548,23.345211
6289785973,0.011136372,0.07294605,-5.01209,3.5458796,-1.8236121,-0.13676998,23.345211
6289796083,0.011243784,0.07260533,-5.0123296,3.5613687,-1.8192652,-0.13577226,23.345642
6289806030,0.011220499,0.07274139,-5.0126176,3.561096,-1.8261479,-0.13626331,23.345642
6289816018,0.010918156,0.07328634,-5.013149,3.547331,-1.8325887,-0.13789979,23.345642
6289826153,0.010875274,0.073335096,-5.013124,3.5399337,-1.8278376,-0.13951176,23.345642
6289836089,0.011049906,0.07349451,-5.012731,3.5371115,-1.8266702,-0.13988887,23.345642
6289846208,0.010815425,0.073924676,-5.012887,3.523132,-1.8331684,-0.14037248,23.345642
6289856177,0.010821661,0.07423679,-5.012683,3.514211,-1.8309076,-0.14186603,23.345642
6289866275,0.011166094,0.07385325,-5.012314,3.5202155,-1.817298,-0.13998932,23.345642
6289876233,0.011365824,0.07391204,-5.0129004,3.5276635,-1.8106456,-0.13866606,23.345642
6289886414,0.011447893,0.07416884,-5.0130863,3.5165753,-1.8158692,-0.13951887,23.345642
6289896557,0.011304013,0.07432642,-5.0134664,3.5062351,-1.8151586,-0.14123333,23.344816
6289906397,0.01155457,0.07400289,-5.013149,3.5137203,-1.8069636,-0.14003752,23.344816
6289916435,0.01161465,0.073634975,-5.0128393,3.5274065,-1.8069919,-0.13752486,23.344816
6289926497,0.011358871,0.07354704,-5.013161,3.5307896,-1.8181283,-0.13614665,23.344816
6289936482,0.010965692,0.07337486,-5.0125985,3.537744,-1.8261021,-0.13589562,23.344816
6289946601,0.01090423,0.073040724,-5.0121737,3.5552812,-1.8294585,-0.13684161,23.344816
6289956634,0.010766295,0.07296767,-5.0124664,3.560499,-1.8322768,-0.13682666,23.344816
6289966638,0.01066254,0.073277526,-5.012454,3.5478394,-1.8346614,-0.13732992,23.344816
6289976700,0.010667687,0.07344442,-5.0129104,3.539579,-1.8321022,-0.1385704,23.344816
6289986753,0.01087351,0.07342604,-5.012809,3.540878,-1.825957,-0.13803482,23.344816
6289996865,0.011224733,0.07339714,-5.012183,3.534847,-1.8205129,-0.13720916,23.344593
6290006800,0.011358796,0.07381201,-5.0128226,3.5244555,-1.8161203,-0.13815735,23.344593
6290016848,0.011592709,0.07388861,-5.012656,3.5188975,-1.8072224,-0.13807721,23.344593
6290026899,0.011923024,0.07398633,-5.0122795,3.518299,-1.7979511,-0.13751905,23.344593
6290036904,0.012059966,0.074180365,-5.012716,3.5116813,-1.7950584,-0.13618082,23.344593
6290046984,0.012073398,0.07422303,-5.012718,3.5045764,-1.7964036,-0.1344514,23.344593
6290056977,0.011882861,0.074280575,-5.0130525,3.5080748,-1.8056978,-0.13579504,23.344593
6290067022,0.011483429,0.074241236,-5.012737,3.5149033,-1.8189373,-0.13598837,23.344593
6290077058,0.011409245,0.07383657,-5.011918,3.5197873,-1.8279945,-0.13641672,23.344593
6290087170,0.01119429,0.07341178,-5.012348,3.5342844,-1.8270177,-0.1370667,23.344593
6290097313,0.011053969,0.07305879,-5.0124016,3.552983,-1.8320068,-0.13606378,23.345053
6290107223,0.01069882,0.0729941,-5.0118685,3.5580347,-1.842462,-0.13644324,23.345053
6290117231,0.010526572,0.07312007,-5.0120006,3.5534706,-1.8460346,-0.13724552,23.345053
6290127265,0.010716607,0.0730707,-5.0121083,3.552586,-1.8393648,-0.13833883,23.345053
6290137315,0.01100319,0.073193,-5.012909,3.5494008,-1.8353314,-0.13899839,23.345053
6290147333,0.011110709,0.07358228,-5.0130005,3.5357788,-1.8332185,-0.14028125,23.345053
6290157495,0.011463818,0.073559575,-5.012347,3.5242968,-1.8221444,-0.14029284,23.345053
6290167612,0.011981872,0.073352545,-5.0127892,3.5278852,-1.8056843,-0.14019519,23.345053
6290177502,0.012158052,0.07358882,-5.01303,3.525614,-1.8010654,-0.13870755,23.345053
6290187587,0.012133475,0.07406028,-5.012673,3.5082629,-1.8062596,-0.13895553,23.345053
6290197682,0.012218945,0.07419248,-5.0125933,3.4984753,-1.8047208,-0.13975604,23.346004
6290207610,0.012419549,0.07388472,-5.012714,3.5083258,-1.8022765,-0.1395897,23.346004
6290217622,0.012211942,0.073863134,-5.0131993,3.515377,-1.813306,-0.1403171,23.346004
6290227675,0.011628012,0.07403135,-5.012793,3.5115364,-1.8310553,-0.14178923,23.346004
6290237765,0.011265875,0.07376569,-5.011722,3.5214455,-1.839359,-0.14217044,23.346004
6290247780,0.010999562,0.07322876,-5.012121,3.5464332,-1.8370161,-0.1420647,23.346004
6290257798,0.010920935,0.073017664,-5.0122356,3.5579655,-1.8389277,-0.14054118,23.346004
6290267833,0.010765078,0.07332114,-5.0120416,3.5489137,-1.8458517,-0.14091909,23.346004
6290277867,0.010688414,0.07334393,-5.012074,3.5443318,-1.8446531,-0.14180383,23.346004
6290287979,0.010846832,0.07327628,-5.0123453,3.54735,-1.836034,-0.14134058,23.346004
6290298051,0.010964972,0.07372246,-5.0130253,3.5382743,-1.8298744,-0.14134769,23.343294
6290308031,0.011003722,0.074108966,-5.0130773,3.515655,-1.8244518,-0.14074531,23.343294
6290318027,0.011203948,0.07415405,-5.012118,3.5054832,-1.8145815,-0.14031826,23.343294
6290328133,0.011554975,0.073984236,-5.012784,3.5130281,-1.8010489,-0.13875385,23.343294
6290338152,0.011850118,0.073665224,-5.0131197,3.5164137,-1.7894588,-0.13828804,23.343294
6290348170,0.012113792,0.073642746,-5.0127234,3.5137253,-1.7899421,-0.13726202,23.343294
6290358224,0.011970497,0.073674865,-5.0127606,3.5154307,-1.7989242,-0.13883673,23.343294
6290368266,0.011737769,0.073473364,-5.012743,3.524222,-1.8060423,-0.13870975,23.343294
6290378286,0.011483177,0.07339896,-5.012872,3.5279753,-1.8137999,-0.13820018,23.343294
6290388408,0.011246752,0.07344314,-5.012218,3.5300279,-1.8290036,-0.13848007,23.343294
6290398512,0.010914781,0.07309736,-5.011209,3.5387983,-1.842446,-0.13873735,23.343845
6290408461,0.010726393,0.07275286,-5.011345,3.5535417,-1.8437123,-0.14002527,23.343845
6290418519,0.01076434,0.07269409,-5.0115013,3.5601678,-1.8439912,-0.14019254,23.343845
6290428508,0.010782224,0.07279015,-5.011401,3.5533962,-1.8476284,-0.14094193,23.343845
6290438603,0.010730902,0.07317289,-5.011633,3.543711,-1.8449723,-0.14002612,23.343845
6290448590,0.011015662,0.07346495,-5.0119095,3.5328188,-1.8371965,-0.14026453,23.343845
6290458636,0.011216856,0.07377253,-5.012419,3.521142,-1.8286104,-0.1398902,23.343845
6290468666,0.011383222,0.073746935,-5.0120425,3.5113971,-1.8213931,-0.1395859,23.343845
6290478671,0.011584886,0.07365599,-5.0116806,3.510991,-1.8100648,-0.13885643,23.343845
6290488837,0.011836661,0.07363418,-5.0125933,3.5133567,-1.8010969,-0.13882078,23.343845
6290498892,0.01180444,0.07375371,-5.0128174,3.5113707,-1.8035525,-0.13831814,23.343601
6290508882,0.01169327,0.073701575,-5.0123696,3.511033,-1.8132647,-0.13850379,23.343601
6290518835,0.0116808,0.07344859,-5.012638,3.518677,-1.8131835,-0.13817689,23.343601
6290528900,0.011709543,0.07329182,-5.0123477,3.5253468,-1.8115255,-0.13596258,23.343601
6290538974,0.011478487,0.07310627,-5.0124116,3.5252125,-1.8240241,-0.13794166,23.343601
6290549016,0.011090847,0.07285596,-5.011758,3.5334451,-1.8339741,-0.13866268,23.343601
6290559024,0.011188841,0.07226561,-5.011073,3.5497308,-1.8309376,-0.1377704,23.343601
6290569123,0.011325833,0.072267056,-5.011876,3.5590417,-1.8287908,-0.13846043,23.343601
6290579139,0.011335709,0.072547615,-5.0118227,3.5554042,-1.8368964,-0.13892093,23.343601
6290589249,0.011328617,0.072580725,-5.0115232,3.549532,-1.8362844,-0.13820025,23.343601
6290599312,0.011682437,0.07276274,-5.011917,3.5459163,-1.8234001,-0.13862821,23.344057
6290609230,0.011939944,0.07320672,-5.0125017,3.5347736,-1.8176361,-0.13743393,23.344057
6290619306,0.011850171,0.07372278,-5.0127726,3.5164359,-1.8227626,-0.13845696,23.344057
6290629407,0.011723978,0.07396865,-5.012621,3.5094047,-1.8237689,-0.1392756,23.344057
6290639380,0.012018859,0.07401883,-5.0121465,3.512378,-1.8159333,-0.1385489,23.344057
6290649414,0.012021142,0.07413428,-5.0127892,3.5112433,-1.8129668,-0.13809912,23.344057
6290659523,0.011810311,0.07430055,-5.0128875,3.5048962,-1.8181552,-0.13819465,23.344057
6290669522,0.011584978,0.074280374,-5.012693,3.5023699,-1.819978,-0.13702908,23.344057
6290679597,0.011509519,0.074120544,-5.0131307,3.5053775,-1.8172069,-0.13689539,23.344057
6290689716,0.01136079,0.07400364,-5.012844,3.5096612,-1.8242208,-0.13746011,23.344057
6290699728,0.010969378,0.07372954,-5.012715,3.5194395,-1.8342034,-0.1380007,23.343376
6290709772,0.010847973,0.07333651,-5.0121517,3.5329268,-1.8325043,-0.13823554,23.343376
6290719724,0.010898663,0.07296769,-5.0117106,3.545078,-1.8264502,-0.1371454,23.343376
6290729724,0.01076543,0.072875276,-5.0121865,3.5515778,-1.8299079,-0.13792533,23.343376
6290739850,0.010533222,0.07286283,-5.0123725,3.5549567,-1.8330054,-0.137986,23.343376
6290749841,0.010701848,0.072954334,-5.012263,3.552013,-1.8280402,-0.13586576,23.343376
6290759888,0.010827258,0.07334579,-5.0125866,3.5418217,-1.8236198,-0.13627513,23.343376
6290769884,0.01092014,0.073636636,-5.0122476,3.533076,-1.823974,-0.13813831,23.343376
6290779968,0.01105113,0.07360118,-5.0120482,3.531262,-1.8200496,-0.13896982,23.343376
6290790048,0.01134779,0.07356702,-5.0119967,3.534098,-1.8084172,-0.13857314,23.343376
6290800114,0.011634323,0.07357319,-5.011886,3.533314,-1.7994981,-0.137429,23.344313
6290810070,0.011680064,0.07375472,-5.0126057,3.530056,-1.7996943,-0.13798413,23.344313
6290820170,0.011717017,0.073852435,-5.012793,3.5245507,-1.8023188,-0.13900587,23.344313
6290830422,0.01165675,0.0739913,-5.012428,3.5176156,-1.804154,-0.13835846,23.344313
6290840161,0.011506436,0.07414624,-5.012332,3.511378,-1.8092927,-0.13859355,23.344313
6290850205,0.011276343,0.074127525,-5.012238,3.5134077,-1.8156787,-0.1402537,23.344313
6290860237,0.011037297,0.073914774,-5.012386,3.5238476,-1.8192867,-0.1404762,23.344313
6290870372,0.010882188,0.0735281,-5.012351,3.534756,-1.8253413,-0.13894011,23.344313
6290880329,0.01063427,0.07327009,-5.011837,3.5439749,-1.8330126,-0.1399109,23.344313
6290890415,0.010412321,0.073192745,-5.0125265,3.5466926,-1.8392034,-0.13999018,23.344313
6290900487,0.010309826,0.073301636,-5.0128508,3.542372,-1.8406625,-0.13977383,23.34276
6290910507,0.01044051,0.07348303,-5.0125093,3.5335815,-1.8402631,-0.13934487,23.34276
6290920560,0.010448128,0.07362142,-5.012628,3.530067,-1.8346868,-0.13923162,23.34276
6290930613,0.010811861,0.07357432,-5.0124793,3.5313075,-1.8227394,-0.13891153,23.34276
6290940615,0.011164406,0.07358752,-5.0130734,3.5320814,-1.8109033,-0.13869298,23.34276
6290950675,0.011354263,0.07351962,-5.0130553,3.5283005,-1.8068875,-0.13834587,23.34276
6290960682,0.011582064,0.07345479,-5.012357,3.5262341,-1.8081876,-0.13826638,23.34276
6290970725,0.011731952,0.07350998,-5.0128093,3.5268664,-1.8011179,-0.13762784,23.34276
6290980781,0.011854257,0.07371851,-5.0130343,3.5234582,-1.7950131,-0.13667019,23.34276
6290990851,0.011921574,0.07390802,-5.012776,3.5137722,-1.8006446,-0.13692261,23.34276
6291001110,0.011705109,0.073954634,-5.0125647,3.5110385,-1.8109665,-0.1375828,23.34343
6291010981,0.011372912,0.07362791,-5.01231,3.5234497,-1.8177867,-0.13741411,23.34343
6291020924,0.011190143,0.07312065,-5.01223,3.5412018,-1.8231599,-0.1381471,23.34343
6291031228,0.010926865,0.07291313,-5.0125,3.5531693,-1.8334953,-0.13761793,23.34343
6291041006,0.010767143,0.0727761,-5.011887,3.5527072,-1.8442351,-0.13700962,23.34343
6291051024,0.010630446,0.07298193,-5.01251,3.550511,-1.8438382,-0.13829213,23.34343
6291061134,0.01080875,0.073087685,-5.012884,3.5481687,-1.8356215,-0.13744262,23.34343
6291071147,0.010942598,0.073422685,-5.0126905,3.5371132,-1.837682,-0.13799414,23.34343
6291081192,0.010894816,0.07379784,-5.012888,3.5221975,-1.8441576,-0.13839193,23.34343
6291091257,0.01104109,0.073806435,-5.0125103,3.5193992,-1.8336076,-0.13926637,23.34343
6291101579,0.011439999,0.073572285,-5.0127406,3.525546,-1.8158754,-0.13881043,23.343346
6291111374,0.011911238,0.07362558,-5.0128646,3.5238261,-1.8115833,-0.13866638,23.343346
6291121376,0.011899885,0.07398317,-5.012514,3.511596,-1.8149124,-0.1384555,23.343346
6291131414,0.011874408,0.07392941,-5.01255,3.504975,-1.8081833,-0.14034748,23.343346
6291141499,0.011939593,0.07351469,-5.012581,3.5174038,-1.8024874,-0.1404749,23.343346
6291151509,0.011780064,0.07332939,-5.012294,3.527716,-1.8111482,-0.14009698,23.343346
6291161496,0.011342185,0.07338992,-5.0120707,3.528193,-1.8250108,-0.14196086,23.343346
6291171609,0.011052724,0.07297845,-5.0117416,3.5393791,-1.8278594,-0.14212038,23.343346
6291181585,0.011042325,0.0726383,-5.012403,3.5608706,-1.8253671,-0.14136894,23.343346
6291191726,0.010896007,0.072578736,-5.012603,3.5661588,-1.8318733,-0.14009508,23.343346
6291201723,0.010761855,0.07291966,-5.0119834,3.551099,-1.839927,-0.14044222,23.341702
6291211702,0.010556066,0.07298335,-5.0120187,3.5420587,-1.8344578,-0.14146765,23.341702
6291221780,0.010880851,0.072905675,-5.0121546,3.5436723,-1.8243618,-0.1410434,23.341702
6291231786,0.011290404,0.07325262,-5.0120797,3.535776,-1.8207463,-0.14032674,23.341702
6291241827,0.01139035,0.073767126,-5.012221,3.520261,-1.8189387,-0.13987836,23.341702
6291251960,0.011487434,0.073646344,-5.0118184,3.5176475,-1.8145807,-0.13925809,23.341702
6291261890,0.011719691,0.073574,-5.012597,3.5237224,-1.8078606,-0.13856594,23.341702
6291271926,0.011916208,0.073916234,-5.012983,3.514159,-1.8054088,-0.13785192,23.341702
6291281940,0.011679974,0.074181706,-5.01189,3.4971988,-1.811926,-0.13806656,23.341702
6291292096,0.01132333,0.07419318,-5.0118923,3.497192,-1.8205135,-0.1402168,23.341702
6291302196,0.011107808,0.073888965,-5.0118,3.514448,-1.8209255,-0.139986,23.342464
6291312119,0.011161087,0.07373432,-5.0116305,3.523195,-1.8233478,-0.1384191,23.342464
6291322435,0.010921345,0.07370025,-5.011731,3.5256927,-1.8353108,-0.13838695,23.342464
6291332160,0.010633586,0.073425844,-5.0116773,3.537802,-1.840092,-0.13853242,23.342464
6291342272,0.011017223,0.07319733,-5.01235,3.548519,-1.8295561,-0.13918369,23.342464
6291352323,0.01143566,0.07328103,-5.0125775,3.5434277,-1.8221834,-0.13883343,23.342464
6291362374,0.011248036,0.07360206,-5.0117,3.5311105,-1.8284485,-0.13945551,23.342464
6291372318,0.011201339,0.07337977,-5.011806,3.5301206,-1.8266423,-0.14086404,23.342464
6291382373,0.01173507,0.07319404,-5.0120425,3.5358634,-1.807291,-0.13956308,23.342464
6291392755,0.01214524,0.073316954,-5.012068,3.5290396,-1.7987763,-0.13792937,23.342464
6291402622,0.011980774,0.07371852,-5.0121994,3.512043,-1.8096657,-0.13967437,23.343184
6291412553,0.011967202,0.07373423,-5.01246,3.5064569,-1.8062794,-0.14043486,23.343184
6291422731,0.012352284,0.07353042,-5.012967,3.510891,-1.7903432,-0.13947843,23.343184
6291432633,0.012090674,0.07388257,-5.012946,3.5068352,-1.8025584,-0.13854079,23.343184
6291442633,0.01122418,0.07404752,-5.011638,3.4960663,-1.8328867,-0.14088412,23.343184
6291452681,0.010869142,0.07377282,-5.011588,3.5047905,-1.8328242,-0.1417715,23.343184
6291462731,0.011228784,0.07319181,-5.0117674,3.5256577,-1.8163996,-0.13912475,23.343184
6291472768,0.010932626,0.07350364,-5.011654,3.530983,-1.8322897,-0.13807106,23.343184
6291482789,0.010284544,0.07386673,-5.011701,3.5230317,-1.8568605,-0.14041474,23.343184
6291492945,0.010433845,0.07340702,-5.0114493,3.5325196,-1.8413061,-0.1411337,23.343184
6291503070,0.01125315,0.07298429,-5.012449,3.5494912,-1.8153716,-0.13840622,23.342237
6291512944,0.011272718,0.07341642,-5.01235,3.5423489,-1.8289939,-0.13765058,23.342237
6291522947,0.010771621,0.07373631,-5.0112376,3.523341,-1.8458025,-0.1399905,23.342237
6291532956,0.011210074,0.07311923,-5.0111938,3.5293455,-1.822903,-0.14049435,23.342237
6291543021,0.011833956,0.07271433,-5.012025,3.5470922,-1.7979138,-0.13688646,23.342237
6291553138,0.011669887,0.07335941,-5.012108,3.5325644,-1.8153551,-0.13658282,23.342237
6291563168,0.011145098,0.07414116,-5.0121703,3.502466,-1.8304291,-0.13935393,23.342237
6291573151,0.01156194,0.07367385,-5.012001,3.5016117,-1.805476,-0.1393142,23.342237
6291583245,0.012189005,0.073201016,-5.012628,3.5243154,-1.7863128,-0.13752963,23.342237
6291593282,0.011909044,0.073375635,-5.0127697,3.5266662,-1.8050731,-0.13644412,23.342237
6291603365,0.011341373,0.073455185,-5.011727,3.5176256,-1.8232595,-0.13799928,23.342632
6291613341,0.011288226,0.07287004,-5.012013,3.53527,-1.8116206,-0.13926461,23.342632
6291623414,0.01139602,0.07251342,-5.012515,3.559651,-1.8042974,-0.13576186,23.342632
6291633424,0.011039812,0.07305601,-5.0126333,3.5480776,-1.8252313,-0.13539436,23.342632
6291643509,0.010518796,0.07372869,-5.012332,3.5212712,-1.8426359,-0.13785324,23.342632
6291653510,0.010509224,0.07343608,-5.0122714,3.5243824,-1.8348433,-0.13939811,23.342632
6291663628,0.01080853,0.07301784,-5.0127015,3.5464752,-1.8283448,-0.13787134,23.342632
6291673607,0.010795859,0.07334308,-5.0125523,3.5443015,-1.8399789,-0.13830185,23.342632
6291683627,0.01069188,0.07356947,-5.011698,3.5246363,-1.8444803,-0.13850361,23.342632
6291693853,0.011044092,0.07348712,-5.012219,3.5255194,-1.8301976,-0.13873833,23.342632
6291703825,0.011386547,0.07331477,-5.0126286,3.5344713,-1.8188913,-0.13678293,23.343227
6291713812,0.011370088,0.07371036,-5.0124598,3.5216517,-1.827496,-0.13706087,23.343227
6291723773,0.011296781,0.07392731,-5.0122256,3.506505,-1.8327671,-0.1395805,23.343227
6291733811,0.011522537,0.073626384,-5.012061,3.5176275,-1.8187505,-0.14004593,23.343227
6291743982,0.011901078,0.073191606,-5.013025,3.5388215,-1.8077406,-0.13804887,23.343227
6291753972,0.011857596,0.0732531,-5.0129075,3.5423543,-1.8153104,-0.13616815,23.343227
6291763958,0.011601646,0.07320025,-5.012214,3.5377479,-1.8251721,-0.13672563,23.343227
6291773973,0.011577063,0.07298994,-5.0129166,3.548713,-1.8198577,-0.13679975,23.343227
6291784009,0.011675939,0.073012754,-5.0133815,3.553375,-1.8171353,-0.13620396,23.343227
6291794183,0.011332923,0.07347363,-5.012982,3.5347948,-1.8332543,-0.13756855,23.343227
6291804214,0.011029502,0.07364359,-5.0125704,3.5264182,-1.8418385,-0.13992953,23.341969
6291814146,0.011397212,0.07299058,-5.01233,3.5444303,-1.8228017,-0.13768488,23.341969
6291824209,0.011812407,0.07284592,-5.0131326,3.5560415,-1.8142254,-0.1351879,23.341969
6291834278,0.011538263,0.07323659,-5.013089,3.54237,-1.831415,-0.13471685,23.341969
6291844256,0.011299519,0.0734222,-5.012142,3.5283923,-1.8349129,-0.13622373,23.341969
6291854342,0.011785031,0.073354654,-5.012614,3.5290108,-1.8155872,-0.13602865,23.341969
6291864327,0.012073252,0.073561646,-5.012872,3.523936,-1.8112329,-0.13438797,23.341969
6291874387,0.011666075,0.073912,-5.012195,3.5063608,-1.8272444,-0.13618352,23.341969
6291884413,0.011482799,0.07366342,-5.0118723,3.5099971,-1.8306619,-0.13772689,23.341969
6291894522,0.011602102,0.07317871,-5.0122504,3.5343077,-1.820176,-0.13599491,23.341969
6291904632,0.011594587,0.07327174,-5.012903,3.5383484,-1.8274591,-0.13532054,23.343145
6291914590,0.011092289,0.073803894,-5.0128174,3.5225708,-1.8442621,-0.13787551,23.343145
6291924589,0.010984329,0.07366306,-5.012134,3.5221,-1.8337417,-0.13911012,23.343145
6291934643,0.011596181,0.073224396,-5.012922,3.5384805,-1.8105571,-0.13776611,23.343145
6291944683,0.011713208,0.07328768,-5.013121,3.5404665,-1.8168323,-0.13697757,23.343145
6291954751,0.011305712,0.073481254,-5.012723,3.5328534,-1.8317369,-0.13859943,23.343145
6291964773,0.01143661,0.073180065,-5.0126657,3.538829,-1.8202387,-0.13941683,23.343145
6291974897,0.011957107,0.073016725,-5.012857,3.5494444,-1.8059293,-0.13810581,23.343145
6291984874,0.011773624,0.07355858,-5.0133348,3.5345616,-1.8164526,-0.13840748,23.343145
6291994992,0.011586153,0.073928766,-5.0124464,3.5145476,-1.8227613,-0.14010577,23.343145
6292005220,0.011940519,0.07362963,-5.0119867,3.519566,-1.8056929,-0.13932987,23.342459
6292014986,0.012127567,0.07367438,-5.0129743,3.526472,-1.8012913,-0.13797301,23.342459
6292024992,0.011714846,0.07418928,-5.012972,3.511591,-1.8269031,-0.13837777,23.342459
6292035140,0.011183165,0.07432054,-5.0123477,3.5006707,-1.8418018,-0.14082937,23.342459
6292045108,0.011363695,0.07369199,-5.012367,3.5176508,-1.8274033,-0.14123543,23.342459
6292055140,0.011563391,0.073295735,-5.012321,3.5360625,-1.8218656,-0.13871281,23.342459
6292065282,0.011162491,0.073712,-5.012696,3.5305877,-1.840291,-0.14065401,23.342459
6292075266,0.010875112,0.07365097,-5.012299,3.525285,-1.8430134,-0.14047252,23.342459
6292085414,0.011386842,0.073012404,-5.011813,3.5416718,-1.8253653,-0.13980521,23.342459
6292095338,0.011628415,0.07305313,-5.0129266,3.5509558,-1.821767,-0.13851619,23.342459
6292105421,0.011330449,0.073598534,-5.013113,3.5330462,-1.8367631,-0.1401984,23.341007
6292115386,0.011286696,0.07353823,-5.0121217,3.5226407,-1.8328189,-0.14124894,23.341007
6292125441,0.011711329,0.073203236,-5.0122147,3.5355277,-1.8157927,-0.13994889,23.341007
6292135546,0.01187604,0.07333532,-5.0122128,3.5361338,-1.8128521,-0.13850075,23.341007
6292145522,0.01164472,0.07409835,-5.0124884,3.5135822,-1.8215684,-0.13943426,23.341007
6292155656,0.011611996,0.07420799,-5.012468,3.5012307,-1.8169363,-0.14213474,23.341007
6292165717,0.01191227,0.07363484,-5.012162,3.515651,-1.801206,-0.13947012,23.341007
6292175923,0.012137531,0.073386975,-5.0129614,3.529452,-1.7975818,-0.1387941,23.341007
6292185750,0.01176949,0.07351376,-5.0130186,3.5280771,-1.8054606,-0.139165,23.341007
6292195760,0.011496984,0.07328449,-5.0124288,3.5295713,-1.810716,-0.13901228,23.341007
6292205866,0.011424324,0.07294751,-5.0121565,3.5421867,-1.8097695,-0.13933381,23.342249
6292215805,0.011296715,0.07300806,-5.012235,3.5468922,-1.8190649,-0.13942567,23.342249
6292225843,0.010945626,0.07333459,-5.012416,3.5397992,-1.8315183,-0.1405059,23.342249
6292235921,0.01076383,0.07317012,-5.012098,3.5421581,-1.8361152,-0.14146379,23.342249
6292245897,0.010737876,0.07288427,-5.0117874,3.552782,-1.8353173,-0.14155297,23.342249
6292255929,0.010833966,0.073095836,-5.0123606,3.5490088,-1.8370188,-0.14066066,23.342249
6292265988,0.010867026,0.07352945,-5.012251,3.5327563,-1.8394595,-0.14116007,23.342249
6292276085,0.010853247,0.073861,-5.011912,3.5223756,-1.8403009,-0.14179015,23.342249
6292286081,0.011024693,0.0740225,-5.0121093,3.5192752,-1.8367528,-0.14154215,23.342249
6292296170,0.011479858,0.0740755,-5.0121107,3.5146399,-1.826182,-0.14157432,23.342249
6292306307,0.011897089,0.07389723,-5.012724,3.511833,-1.8125322,-0.14058436,23.342749
6292316247,0.012281438,0.07368934,-5.0127316,3.5173554,-1.803635,-0.13949546,23.342749
6292326245,0.012350293,0.07354705,-5.0123663,3.5200822,-1.8036538,-0.13967103,23.342749
6292336350,0.01224756,0.07370689,-5.0132957,3.518231,-1.8032104,-0.14015959,23.342749
6292346457,0.012225221,0.07359393,-5.0131507,3.519705,-1.8012332,-0.13889222,23.342749
6292356501,0.011950423,0.07338405,-5.012458,3.5290318,-1.8101556,-0.13918822,23.342749
6292366405,0.011509076,0.07346799,-5.012315,3.5340092,-1.8252584,-0.14017063,23.342749
6292376604,0.011270005,0.07337033,-5.0118876,3.5348544,-1.8306518,-0.14086656,23.342749
6292386503,0.011137239,0.073209524,-5.012217,3.5426214,-1.8330044,-0.1403981,23.342749
6292396590,0.010764092,0.073132075,-5.012316,3.550228,-1.8436437,-0.14154322,23.342749
6292406656,0.010630662,0.07329308,-5.011769,3.5482993,-1.8494797,-0.14133179,23.342276
6292416643,0.010592632,0.07336905,-5.012421,3.5428796,-1.8412688,-0.14200808,23.342276
6292426791,0.010943825,0.07335634,-5.012659,3.5440266,-1.827713,-0.14021045,23.342276
6292436725,0.011111261,0.07336145,-5.012095,3.5404813,-1.8252004,-0.13996044,23.342276
6292446772,0.011188516,0.073594995,-5.0122952,3.530421,-1.8280916,-0.14104308,23.342276
6292456770,0.011261197,0.073662445,-5.01238,3.524755,-1.8210365,-0.14070599,23.342276
6292466909,0.011401563,0.07342807,-5.013203,3.5290124,-1.8137438,-0.14047979,23.342276
6292476953,0.011438254,0.07360923,-5.013514,3.5241027,-1.8160648,-0.13947375,23.342276
6292486947,0.01150952,0.07388848,-5.0127826,3.5041635,-1.8160268,-0.14124891,23.342276
6292497015,0.011736478,0.07403123,-5.012879,3.499495,-1.806548,-0.14062484,23.342276
6292507229,0.011683947,0.07380234,-5.0126367,3.509426,-1.8053548,-0.13974586,23.342123
6292517133,0.01143344,0.07382259,-5.012076,3.5136404,-1.8181279,-0.13970454,23.342123
6292527058,0.011217331,0.0737582,-5.011916,3.5144835,-1.8256516,-0.14014105,23.342123
6292537207,0.011320244,0.07334221,-5.011698,3.5283084,-1.8247238,-0.14010052,23.342123
6292547250,0.011230177,0.07308878,-5.012095,3.5490854,-1.8239712,-0.1392028,23.342123
6292557159,0.01128704,0.0730389,-5.0122137,3.5536692,-1.8236544,-0.13847513,23.342123
6292567209,0.011496929,0.07308099,-5.0116277,3.5483468,-1.8222253,-0.13751185,23.342123
6292577263,0.011365565,0.07300553,-5.01209,3.5538106,-1.8249034,-0.13816157,23.342123
6292587441,0.011279369,0.07297473,-5.012247,3.561292,-1.8267986,-0.13615917,23.342123
6292597485,0.01138231,0.07300952,-5.0121803,3.5533304,-1.8247746,-0.13539147,23.342123
6292607529,0.011398343,0.07328765,-5.012622,3.5416777,-1.821228,-0.13643801,23.341692
6292617408,0.011326219,0.073377095,-5.012708,3.5381567,-1.8205764,-0.13594377,23.341692
6292627543,0.011346038,0.07351245,-5.0130525,3.5340858,-1.8212085,-0.13800487,23.341692
6292637515,0.011430223,0.073866725,-5.0131793,3.5206313,-1.8176024,-0.13711439,23.341692
6292647640,0.011625311,0.0740704,-5.0127664,3.5063143,-1.8167243,-0.13697152,23.341692
6292657597,0.011401995,0.07422285,-5.0130825,3.5002995,-1.8194668,-0.13817997,23.341692
6292667732,0.011392061,0.07422489,-5.012879,3.4979174,-1.8184413,-0.13859507,23.341692
6292677727,0.011630513,0.07391813,-5.0122256,3.5001261,-1.8071158,-0.13890013,23.341692
6292687881,0.01180492,0.07339722,-5.0121436,3.5167809,-1.7987196,-0.13776264,23.341692
6292697810,0.011717129,0.073186226,-5.0122027,3.5317492,-1.807311,-0.13799967,23.341692
6292707905,0.011413502,0.07326898,-5.0125265,3.5327642,-1.8241683,-0.138314,23.342005
6292717861,0.011104361,0.07327385,-5.012325,3.5337574,-1.8330834,-0.13956946,23.342005
6292727967,0.010955552,0.07297315,-5.01178,3.5425959,-1.8357265,-0.1386494,23.342005
6292737909,0.010670013,0.072814,-5.012098,3.550015,-1.8411678,-0.13875471,23.342005
6292748002,0.010636924,0.07278815,-5.011963,3.5487368,-1.8434733,-0.13886578,23.342005
6292758013,0.01081981,0.07278673,-5.0116024,3.5467272,-1.8366764,-0.13912396,23.342005
6292768019,0.011014959,0.07274038,-5.011934,3.5507061,-1.8277447,-0.13860299,23.342005
6292778165,0.011215337,0.07293302,-5.011942,3.5477753,-1.8295604,-0.13661678,23.342005
6292788119,0.011235495,0.07344819,-5.0126967,3.5281641,-1.8330635,-0.13773882,23.342005
6292798511,0.011382394,0.07347957,-5.0123606,3.5130754,-1.8193616,-0.13824072,23.342005
6292808295,0.012007873,0.07310259,-5.0115814,3.5184057,-1.798421,-0.1368614,23.342318
6292818309,0.012476357,0.07304978,-5.0122776,3.524114,-1.7881281,-0.13561061,23.342318
6292828355,0.012358136,0.07350436,-5.0125027,3.509747,-1.7918396,-0.13556653,23.342318
6292838360,0.01217141,0.07379685,-5.0119824,3.5000582,-1.8002945,-0.13680048,23.342318
6292848406,0.011895878,0.073649436,-5.0123158,3.51022,-1.8058112,-0.13691807,23.342318
6292858444,0.011801502,0.0734492,-5.012427,3.5205996,-1.8116099,-0.1370241,23.342318
6292868432,0.011566037,0.07347951,-5.012521,3.5195713,-1.8241166,-0.13800725,23.342318
6292878502,0.011065057,0.073470585,-5.0123615,3.52751,-1.8347334,-0.13891323,23.342318
6292888556,0.010797969,0.07327725,-5.0116906,3.544839,-1.8431897,-0.13908009,23.342318
6292898651,0.01056747,0.073551804,-5.0123267,3.551515,-1.8540368,-0.13910007,23.342318
6292908734,0.010172687,0.07383269,-5.012464,3.5442095,-1.8642949,-0.14015025,23.341251
6292918738,0.010126594,0.07365633,-5.0116305,3.5431275,-1.860886,-0.14041251,23.341251
6292928729,0.010779705,0.073292434,-5.0119205,3.55298,-1.8413173,-0.13844247,23.341251
6292938724,0.011529474,0.073362134,-5.0122495,3.550016,-1.8192304,-0.13702253,23.341251
6292948765,0.011842027,0.07378827,-5.012443,3.530468,-1.814909,-0.13612387,23.341251
6292958930,0.011822248,0.07384771,-5.011996,3.5234425,-1.8158294,-0.13564019,23.341251
6292969001,0.012118784,0.07356933,-5.01156,3.526996,-1.7996886,-0.13446647,23.341251
6292978959,0.012591618,0.0736851,-5.012535,3.5178425,-1.785448,-0.13411301,23.341251
6292989129,0.012416334,0.07395808,-5.0125675,3.50382,-1.7915299,-0.1346208,23.341251
6292999139,0.012053083,0.07370376,-5.0120354,3.5058315,-1.7983223,-0.13563778,23.341251
6293009134,0.012085465,0.0732603,-5.0121293,3.519129,-1.7908486,-0.13503252,23.341558
6293019071,0.012028255,0.07323348,-5.012551,3.5256827,-1.7983056,-0.13471963,23.341558
6293029235,0.011114529,0.07360092,-5.0127015,3.5252624,-1.829213,-0.13711129,23.341558
6293039142,0.010441252,0.073343225,-5.0121694,3.5325928,-1.8477852,-0.13840611,23.341558
6293049205,0.010669807,0.07268381,-5.011407,3.552159,-1.8339387,-0.13908991,23.341558
6293059223,0.010780477,0.07267053,-5.012127,3.5634294,-1.8301088,-0.13814212,23.341558
6293069311,0.010318232,0.07307054,-5.0124793,3.5571523,-1.8505641,-0.13951181,23.341558
6293079370,0.010332448,0.07318137,-5.0121665,3.5461075,-1.8495153,-0.14102815,23.341558
6293089333,0.011025794,0.07300504,-5.0123935,3.545078,-1.8218317,-0.13976197,23.341558
6293099500,0.011419471,0.07317901,-5.012602,3.5418758,-1.8162093,-0.13733627,23.341558
6293109820,0.011269502,0.073884316,-5.013182,3.5237825,-1.8289968,-0.13931976,23.342125
6293119525,0.011433307,0.074031554,-5.0129857,3.5078044,-1.8175488,-0.14073068,23.342125
6293129577,0.012030834,0.07368955,-5.0126,3.5110164,-1.7953229,-0.13964382,23.342125
6293139616,0.012157779,0.07384812,-5.013376,3.512312,-1.7991781,-0.13938032,23.342125
6293149581,0.01180615,0.074256614,-5.013545,3.4992766,-1.8111999,-0.14009933,23.342125
6293159647,0.011918379,0.07411841,-5.0131855,3.491528,-1.8023071,-0.13951316,23.342125
6293169649,0.012123979,0.07372247,-5.0130258,3.5066698,-1.7957023,-0.13862137,23.342125
6293179880,0.011707724,0.07337398,-5.0127077,3.5286078,-1.8144796,-0.13850494,23.342125
6293189856,0.011082638,0.073320575,-5.012675,3.53711,-1.8305513,-0.13869596,23.342125
6293199923,0.010937056,0.072978854,-5.012336,3.5452056,-1.8265301,-0.13853404,23.342125
6293209906,0.010874069,0.07255989,-5.011979,3.5608308,-1.8315392,-0.13618995,23.341875
6293219919,0.010442408,0.07299978,-5.012443,3.557578,-1.8512766,-0.13770857,23.341875
6293230022,0.01039316,0.073303886,-5.0120363,3.5407069,-1.8503674,-0.13866147,23.341875
6293240007,0.010855477,0.07301354,-5.0114694,3.5417426,-1.8299968,-0.13736524,23.341875
6293250030,0.011103131,0.072871044,-5.011966,3.5522983,-1.8258739,-0.13580482,23.341875
6293260109,0.01100489,0.07331033,-5.0122337,3.5429986,-1.8370111,-0.13680366,23.341875
6293270084,0.0111217,0.0737953,-5.012686,3.5217195,-1.82935,-0.13626704,23.341875
6293280137,0.011543309,0.0738727,-5.0129614,3.5145907,-1.8123069,-0.1345086,23.341875
6293290205,0.011964395,0.07381312,-5.012928,3.516251,-1.8089764,-0.13486658,23.341875
6293300306,0.012004262,0.07438933,-5.013599,3.5014565,-1.8163974,-0.13528328,23.341875
6293310363,0.011970117,0.07451773,-5.0129905,3.485582,-1.8133534,-0.13665366,23.342035
6293320323,0.012186714,0.0737427,-5.012292,3.5081613,-1.7984067,-0.13536982,23.342035
6293330365,0.012186037,0.07330069,-5.0127053,3.5345411,-1.8000776,-0.1331142,23.342035
6293340617,0.011695807,0.073750265,-5.0130997,3.5259464,-1.8207656,-0.13477378,23.342035
6293350523,0.011202244,0.07416131,-5.012743,3.512299,-1.8337622,-0.13778794,23.342035
6293360431,0.011159347,0.07350105,-5.0121384,3.5311553,-1.8278644,-0.1385283,23.342035
6293370513,0.011334801,0.07301009,-5.0116997,3.5531883,-1.8216077,-0.13758002,23.342035
6293380584,0.01140618,0.07341204,-5.012394,3.5433943,-1.8221302,-0.13794957,23.342035
6293390625,0.011212716,0.07358474,-5.012081,3.533151,-1.8254536,-0.13883121,23.342035
6293400706,0.011171926,0.07281368,-5.011363,3.5569494,-1.8242522,-0.13924932,23.342035
6293410812,0.011493562,0.07251478,-5.0120177,3.577592,-1.8203703,-0.13884537,23.340895
6293420719,0.011557835,0.07316552,-5.0128245,3.5547187,-1.8251575,-0.13866335,23.340895
6293430760,0.011361684,0.0735911,-5.013093,3.5289705,-1.8296219,-0.14060192,23.340895
6293440769,0.011654589,0.07342233,-5.0128684,3.5355551,-1.8176241,-0.1395088,23.340895
6293450865,0.012211683,0.07320128,-5.0129557,3.539007,-1.802925,-0.13710967,23.340895
6293461007,0.012252226,0.073756255,-5.0131755,3.5179868,-1.8075732,-0.1357855,23.340895
6293470981,0.011695041,0.07384888,-5.0125384,3.5092516,-1.8248047,-0.1383388,23.340895
6293481022,0.011487144,0.07340446,-5.0119133,3.5277734,-1.828238,-0.13956204,23.340895
6293491086,0.01167429,0.07339978,-5.0123634,3.533358,-1.8211623,-0.13849929,23.340895
6293501125,0.011716904,0.07387757,-5.0125065,3.5166488,-1.8217393,-0.13768278,23.340895
6293511230,0.011366593,0.0739938,-5.0126877,3.5095994,-1.8257502,-0.13797562,23.342033
6293521133,0.011403691,0.07384373,-5.0122905,3.5179749,-1.8226868,-0.1376007,23.342033
6293531554,0.01161502,0.073808245,-5.01188,3.5188835,-1.822157,-0.13701135,23.342033
6293541220,0.011306444,0.07375936,-5.012165,3.518207,-1.8277701,-0.13770255,23.342033
6293551264,0.011166752,0.07323847,-5.011875,3.537524,-1.8279028,-0.13804924,23.342033
6293561328,0.011381821,0.07298129,-5.0121827,3.5568445,-1.8222798,-0.13712873,23.342033
6293571289,0.011428288,0.07352734,-5.012927,3.5429122,-1.830086,-0.13636824,23.342033
6293581453,0.010948748,0.07396205,-5.0125985,3.5206761,-1.8423333,-0.13736896,23.342033
6293591583,0.010794614,0.07378902,-5.0126667,3.5228465,-1.8424121,-0.13927938,23.342033
6293601536,0.010923777,0.07373299,-5.0128756,3.527466,-1.836283,-0.13827391,23.342033
6293611610,0.010986186,0.073907554,-5.011717,3.51304,-1.8350807,-0.13771272,23.340414
6293621579,0.011191983,0.073505886,-5.0116625,3.5172317,-1.8265527,-0.13889025,23.340414
6293631608,0.011662659,0.07262832,-5.011679,3.548316,-1.8041227,-0.13610338,23.340414
6293641639,0.012175826,0.0724451,-5.011696,3.5577946,-1.7964215,-0.1349834,23.340414
6293651654,0.011855092,0.07320452,-5.0120378,3.5327485,-1.8133918,-0.1350864,23.340414
6293661661,0.011425805,0.07335172,-5.01168,3.516033,-1.8196801,-0.13820165,23.340414
6293671753,0.011746139,0.07306244,-5.012247,3.5306604,-1.7991452,-0.13742907,23.340414
6293681761,0.012161378,0.073143505,-5.0126104,3.5332031,-1.7939711,-0.1352321,23.340414
6293691872,0.011811241,0.07359165,-5.0118384,3.5164533,-1.8122109,-0.13451883,23.340414
6293701888,0.011425076,0.0732723,-5.011689,3.5211632,-1.8178387,-0.13839297,23.340414
6293711996,0.011609739,0.072739504,-5.0124273,3.5519917,-1.8075279,-0.13734972,23.33973
6293721950,0.011371103,0.0731945,-5.01295,3.5454774,-1.8189534,-0.13525093,23.33973
6293731977,0.010659254,0.07430502,-5.012785,3.5025342,-1.8522013,-0.13851415,23.33973
6293742057,0.010282424,0.074244134,-5.0123906,3.493782,-1.8529255,-0.14062364,23.33973
6293752022,0.011066677,0.07339792,-5.0129576,3.521059,-1.8168594,-0.1383183,23.33973
6293762071,0.011701492,0.073278055,-5.01314,3.5291157,-1.8062934,-0.13458315,23.33973
6293772092,0.011228659,0.07340305,-5.011743,3.5172017,-1.8288672,-0.13601227,23.33973
6293782161,0.010983868,0.07277026,-5.0113974,3.5347943,-1.8276603,-0.13776624,23.33973
6293792341,0.011767307,0.072153464,-5.0122013,3.5620997,-1.801955,-0.13581452,23.33973
6293802470,0.01218043,0.0726912,-5.012313,3.5475419,-1.8025249,-0.13190158,23.33973
6293812387,0.011726271,0.073476985,-5.0118284,3.5126214,-1.8276258,-0.1349301,23.340595
6293822363,0.011611422,0.07314837,-5.0112357,3.5184767,-1.8252112,-0.13703968,23.340595
6293832410,0.01223181,0.07247661,-5.0124016,3.5479906,-1.7968912,-0.13611558,23.340595
6293842381,0.012401409,0.073004976,-5.012704,3.5430725,-1.8053871,-0.13515203,23.340595
6293852510,0.011321751,0.073664844,-5.0115137,3.5212867,-1.8454772,-0.13885237,23.340595
6293862600,0.010994497,0.073410444,-5.0115376,3.5286324,-1.8477533,-0.14168675,23.340595
6293872750,0.011885783,0.072918154,-5.0124345,3.54536,-1.8119625,-0.13926329,23.340595
6293882650,0.012244271,0.07350222,-5.012712,3.5289004,-1.8111991,-0.13526797,23.340595
6293892598,0.011460925,0.07397083,-5.011949,3.507291,-1.8393979,-0.13931112,23.340595
6293902772,0.011263754,0.0734537,-5.0117364,3.5229595,-1.8303679,-0.14181358,23.340595
6293912875,0.011851439,0.07301436,-5.012626,3.54241,-1.800638,-0.13785781,23.34163
6293922763,0.011664589,0.073691115,-5.012701,3.5293114,-1.8154159,-0.13823079,23.34163
6293932782,0.010831498,0.07407261,-5.0114064,3.5132873,-1.8443549,-0.13979079,23.34163
6293942959,0.010936362,0.07349872,-5.0117893,3.5279884,-1.8258021,-0.14009525,23.34163
6293952849,0.011867129,0.07326056,-5.0125995,3.5387383,-1.7997509,-0.13582836,23.34163
6293962928,0.011467172,0.07398069,-5.012488,3.5187001,-1.8216798,-0.13587694,23.34163
6293972946,0.010694151,0.07423375,-5.0117455,3.5036821,-1.8474653,-0.13989173,23.34163
6293982996,0.01094203,0.073419526,-5.0116787,3.5248814,-1.8263433,-0.14160916,23.34163
6293993108,0.011606804,0.07305803,-5.012639,3.5436594,-1.8057792,-0.13771498,23.34163
6294003187,0.01140619,0.07346657,-5.0125675,3.5326357,-1.8223513,-0.1375719,23.34163
6294013302,0.011279259,0.07345868,-5.011971,3.525569,-1.828216,-0.14032893,23.341211
6294023171,0.011894391,0.073001444,-5.0128775,3.5385115,-1.8003707,-0.13843557,23.341211
6294033189,0.01232658,0.07310479,-5.0132747,3.5385246,-1.7934467,-0.13502082,23.341211
6294043219,0.011700964,0.07378778,-5.0125165,3.5170827,-1.8220823,-0.1362067,23.341211
6294053278,0.011227647,0.07360793,-5.012126,3.514731,-1.8283104,-0.1387676,23.341211
6294063294,0.011774739,0.07281536,-5.012428,3.538623,-1.7996252,-0.13725075,23.341211
6294073352,0.012036144,0.07304026,-5.0134172,3.544189,-1.7985895,-0.13401529,23.341211
6294083383,0.011468081,0.07378692,-5.012944,3.5216084,-1.8288639,-0.13597947,23.341211
6294093473,0.011250605,0.07356926,-5.012488,3.5173938,-1.8242396,-0.13825595,23.341211
6294103523,0.011930159,0.073073074,-5.0136743,3.534663,-1.7972555,-0.1360217,23.341211
6294113698,0.011764186,0.07342301,-5.0138745,3.5329714,-1.8152009,-0.1344475,23.340897
6294123605,0.010824347,0.0737455,-5.0127196,3.517953,-1.8508567,-0.13711628,23.340897
6294133592,0.010811329,0.07317287,-5.012393,3.5290856,-1.8364928,-0.13861005,23.340897
6294143663,0.011726709,0.07266376,-5.0128784,3.549127,-1.806335,-0.13541935,23.340897
6294153681,0.01159275,0.07350842,-5.01339,3.5345466,-1.8259654,-0.13532919,23.340897
6294163691,0.010860032,0.07416553,-5.0127835,3.5099368,-1.8512629,-0.13928072,23.340897
6294173765,0.011326049,0.0733823,-5.0119133,3.5212808,-1.8272418,-0.13940845,23.340897
6294183765,0.012025843,0.07282112,-5.0129156,3.5476985,-1.8048015,-0.13626303,23.340897
6294193830,0.011735058,0.07343306,-5.0127006,3.540416,-1.8328862,-0.13525882,23.340897
6294203937,0.011099174,0.07367784,-5.011049,3.5241318,-1.8522037,-0.13761619,23.340897
6294214014,0.011705479,0.072809696,-5.0109487,3.5434594,-1.8204184,-0.13692136,23.340212
6294223978,0.012349367,0.0724821,-5.0115867,3.56695,-1.7987055,-0.13318451,23.340212
6294234111,0.011883366,0.07336941,-5.012243,3.5525522,-1.8273304,-0.13343759,23.340212
6294244037,0.011241672,0.07361416,-5.0117064,3.53278,-1.8443047,-0.13739403,23.340212
6294254086,0.011689325,0.07278411,-5.0113893,3.5508485,-1.8143103,-0.13660066,23.340212
6294264176,0.012257588,0.07266754,-5.01242,3.5646043,-1.805847,-0.13368212,23.340212
6294274162,0.011578595,0.0735141,-5.012267,3.5404677,-1.8392645,-0.13547853,23.340212
6294284206,0.011049994,0.07369056,-5.011585,3.5204003,-1.8424275,-0.13816722,23.340212
6294294254,0.011514104,0.07309779,-5.0117955,3.5356503,-1.8122355,-0.13736108,23.340212
6294304384,0.011776791,0.07342269,-5.012477,3.5401046,-1.815637,-0.13553894,23.340212
6294314622,0.011113867,0.07430305,-5.0129538,3.509187,-1.8437865,-0.13849257,23.340475
6294324385,0.011253431,0.07413728,-5.0126143,3.4949014,-1.833363,-0.14039439,23.340475
6294334364,0.011968908,0.073291756,-5.012335,3.5146759,-1.8034737,-0.13837205,23.340475
6294344546,0.012015263,0.07340004,-5.0130267,3.5247517,-1.8099312,-0.13734494,23.340475
6294354492,0.01154461,0.07378426,-5.0126896,3.508551,-1.8308074,-0.1385389,23.340475
6294364530,0.011675669,0.0733034,-5.011762,3.514454,-1.8165194,-0.13841897,23.340475
6294374647,0.012171915,0.072688535,-5.0122857,3.5422509,-1.7965757,-0.13602465,23.340475
6294384575,0.011985198,0.07311694,-5.012352,3.5413678,-1.814183,-0.13485406,23.340475
6294394666,0.011408627,0.073879935,-5.012723,3.5134695,-1.8363093,-0.13835599,23.340475
6294404731,0.01152385,0.07349799,-5.0129423,3.5150573,-1.8238127,-0.13994719,23.340475
6294414809,0.011715975,0.07298781,-5.0125127,3.5384836,-1.812858,-0.13767126,23.340134
6294424777,0.011144811,0.07351568,-5.0127606,3.532131,-1.8331407,-0.13832934,23.340134
6294434819,0.010897638,0.07378481,-5.012198,3.5166922,-1.8366777,-0.14010689,23.340134
6294444843,0.011424596,0.07309973,-5.011833,3.533245,-1.8089536,-0.13808486,23.340134
6294454873,0.011773666,0.07302092,-5.0124,3.5514507,-1.8067007,-0.13712206,23.340134
6294465059,0.01112547,0.07370891,-5.012327,3.5337932,-1.8325379,-0.13943635,23.340134
6294475035,0.010910464,0.07383508,-5.012717,3.5172122,-1.8274387,-0.14240144,23.340134
6294485032,0.011499367,0.0732678,-5.0130076,3.5323007,-1.8019971,-0.14105497,23.340134
6294495064,0.011632257,0.07312959,-5.0126114,3.543298,-1.8070073,-0.13790461,23.340134
6294505144,0.010978925,0.073638864,-5.0125027,3.5277824,-1.8301882,-0.13893162,23.340134
6294515368,0.010901979,0.07348815,-5.0118117,3.5259461,-1.8271128,-0.13974725,23.34005
6294525177,0.011311527,0.0729225,-5.01163,3.5493903,-1.8150654,-0.13882002,23.34005
6294535263,0.011141389,0.07338031,-5.0121536,3.544206,-1.8321121,-0.13941045,23.34005
6294545252,0.010637957,0.07421616,-5.01186,3.508996,-1.852519,-0.14186573,23.34005
6294555322,0.010719588,0.07388419,-5.0118833,3.5041227,-1.83494,-0.14234908,23.34005
6294565391,0.011399729,0.07332838,-5.01234,3.5287588,-1.8142034,-0.13877685,23.34005
6294575410,0.011350608,0.07367922,-5.0120482,3.524925,-1.8268677,-0.13682212,23.34005
6294585449,0.010998924,0.0741721,-5.012161,3.505213,-1.8377922,-0.13918003,23.34005
6294595524,0.011171765,0.07370704,-5.0119786,3.5172675,-1.8167573,-0.13981235,23.34005
6294605597,0.011814425,0.07341549,-5.0120163,3.5363533,-1.8014534,-0.1380277,23.34005
6294615659,0.011862994,0.0739022,-5.0126314,3.518863,-1.8092977,-0.13829255,23.340965
6294625619,0.011717758,0.074107796,-5.0127034,3.501864,-1.8094965,-0.13935845,23.340965
6294635664,0.011891352,0.07359661,-5.0133452,3.5221899,-1.7975278,-0.13950808,23.340965
6294645711,0.011805111,0.073425055,-5.013642,3.5397768,-1.8039906,-0.13891065,23.340965
6294655855,0.011347384,0.07382096,-5.012998,3.5235305,-1.8247246,-0.13956912,23.340965
6294665778,0.011164327,0.07385606,-5.0129004,3.5145605,-1.8239949,-0.14250092,23.340965
6294675865,0.011404582,0.07325539,-5.0127144,3.534819,-1.8123041,-0.14176224,23.340965
6294685851,0.01132805,0.07327752,-5.0123773,3.5389764,-1.8210263,-0.14100944,23.340965
6294695896,0.011212921,0.07357317,-5.0122457,3.5222154,-1.831773,-0.14191252,23.340965
6294706039,0.011417193,0.073057294,-5.0123696,3.5299,-1.8160629,-0.14097741,23.340965
6294716170,0.011749337,0.07284192,-5.0130095,3.551344,-1.8056757,-0.13854815,23.340202
6294726039,0.011505567,0.07337406,-5.012784,3.5370777,-1.826443,-0.13845792,23.340202
6294735996,0.011185971,0.07368234,-5.011607,3.5178819,-1.833973,-0.13961919,23.340202
6294746107,0.01153514,0.072950676,-5.0117273,3.5376031,-1.8107685,-0.1385731,23.340202
6294756124,0.011863534,0.07286309,-5.012376,3.557773,-1.8075035,-0.13633522,23.340202
6294766224,0.011393978,0.07377726,-5.0120497,3.5319872,-1.8360057,-0.1366005,23.340202
6294776232,0.011043686,0.07417602,-5.0118985,3.5085614,-1.8458409,-0.14012633,23.340202
6294786251,0.011434738,0.07335475,-5.011975,3.532779,-1.8268993,-0.13844751,23.340202
6294796309,0.01146538,0.07336882,-5.012932,3.5507278,-1.8324606,-0.13685364,23.340202
6294806376,0.010772961,0.074167676,-5.0123687,3.5248244,-1.8646764,-0.1391806,23.340202
6294816536,0.010353536,0.073902376,-5.011501,3.517055,-1.864209,-0.14219663,23.33895
6294826434,0.011059385,0.07305641,-5.012063,3.5520315,-1.832525,-0.14070731,23.33895
6294836553,0.011351294,0.07309053,-5.0125613,3.5609174,-1.8316298,-0.13827349,23.33895
6294846489,0.010896586,0.07397409,-5.012094,3.526406,-1.853032,-0.13968906,23.33895
6294856702,0.010996299,0.0736979,-5.01173,3.520366,-1.8389235,-0.14140607,23.33895
6294866601,0.011712872,0.07284392,-5.012193,3.5535028,-1.8096722,-0.13791828,23.33895
6294876644,0.011762578,0.07333401,-5.012976,3.5513303,-1.8180863,-0.13587408,23.33895
6294886670,0.011241505,0.07425378,-5.012556,3.5133343,-1.833515,-0.13817288,23.33895
6294896703,0.011384278,0.07378887,-5.0115232,3.5118387,-1.8169627,-0.13873048,23.33895
6294906792,0.011938872,0.07341522,-5.0124817,3.538791,-1.7998039,-0.13692702,23.33895
6294917111,0.01181825,0.07396086,-5.0127835,3.5273273,-1.8154869,-0.13613969,23.340178
6294926894,0.011238843,0.07423754,-5.012041,3.502001,-1.831374,-0.13820677,23.340178
6294936869,0.011334451,0.073595256,-5.0119596,3.5228176,-1.8185729,-0.13974126,23.340178
6294946957,0.011873786,0.07309781,-5.0127134,3.5508652,-1.8056793,-0.13649319,23.340178
6294956994,0.011678024,0.07372938,-5.0133247,3.5337176,-1.8191857,-0.13615228,23.340178
6294967179,0.01108917,0.074277766,-5.0126624,3.5103736,-1.8377305,-0.13958529,23.340178
6294977164,0.010896016,0.07350979,-5.01184,3.5258415,-1.8332071,-0.14037755,23.340178
6294987148,0.011215706,0.07324897,-5.012803,3.543881,-1.8255696,-0.13890961,23.340178
6294997139,0.011209576,0.07388561,-5.0131407,3.5227873,-1.8303958,-0.1389032,23.340178
6295007215,0.011167062,0.07389134,-5.012229,3.509133,-1.8295563,-0.14035918,23.340178
6295017298,0.011575752,0.07320237,-5.0122666,3.530595,-1.8119526,-0.13915287,23.339025
6295027277,0.012088149,0.07327197,-5.012692,3.5398984,-1.803254,-0.13750568,23.339025
6295037274,0.011913055,0.07387174,-5.0133486,3.51368,-1.8168341,-0.13768843,23.339025
6295047345,0.011398844,0.07381278,-5.01247,3.5075252,-1.8270051,-0.14061828,23.339025
6295057398,0.011511063,0.07328787,-5.0118527,3.52897,-1.8209928,-0.13936363,23.339025
6295067418,0.011736278,0.07341052,-5.012586,3.529383,-1.8155975,-0.13747223,23.339025
6295077433,0.011686063,0.07384641,-5.0123787,3.5142357,-1.8209879,-0.1379583,23.339025
6295087530,0.0114626,0.0734042,-5.0112824,3.5254486,-1.8243972,-0.13920121,23.339025
6295097603,0.011513345,0.07297412,-5.011435,3.5502248,-1.8223733,-0.13807681,23.339025
6295107613,0.011416697,0.07331286,-5.011702,3.5433729,-1.8252573,-0.13713765,23.339025
6295117697,0.011195377,0.07370847,-5.011794,3.5259013,-1.8369106,-0.1390856,23.339224
6295127682,0.011130988,0.07351306,-5.0117908,3.5328128,-1.8393039,-0.13929738,23.339224
6295137712,0.011308,0.073484235,-5.011918,3.5391705,-1.8297443,-0.13810462,23.339224
6295147738,0.011298691,0.074015126,-5.01264,3.521402,-1.8297514,-0.13738856,23.339224
6295157881,0.011050001,0.07404789,-5.0125113,3.512514,-1.8373481,-0.13884118,23.339224
6295167801,0.011250077,0.07344757,-5.0120673,3.5324957,-1.8258036,-0.13825327,23.339224
6295178038,0.011879103,0.07334433,-5.0127754,3.540173,-1.8110255,-0.13599162,23.339224
6295187987,0.011812175,0.07401715,-5.0130353,3.5182524,-1.8183901,-0.13540491,23.339224
6295198019,0.011407656,0.074263334,-5.0129204,3.508674,-1.8263237,-0.13717014,23.339224
6295208019,0.011565161,0.07381701,-5.0129757,3.5238605,-1.8169606,-0.1357592,23.339224
6295218118,0.01161524,0.074028894,-5.0128884,3.5225716,-1.8150817,-0.13423836,23.338324
6295228093,0.011017768,0.0745328,-5.01297,3.5036669,-1.8326086,-0.13601859,23.338324
6295238114,0.010782086,0.07416655,-5.011741,3.5095718,-1.8388808,-0.13774766,23.338324
6295248125,0.011273353,0.07352455,-5.0112567,3.5340092,-1.8222998,-0.13599402,23.338324
6295258201,0.01162292,0.073543,-5.0117936,3.5372393,-1.8120775,-0.13417996,23.338324
6295268233,0.011324379,0.07379531,-5.0117497,3.525023,-1.8238001,-0.13470098,23.338324
6295278307,0.011033686,0.07358777,-5.011819,3.5320435,-1.8282238,-0.13660428,23.338324
6295288285,0.011384174,0.073266655,-5.012072,3.543815,-1.8151882,-0.13497111,23.338324
6295298378,0.011753548,0.07358456,-5.0121717,3.5324843,-1.812309,-0.13481998,23.338324
6295308553,0.011329588,0.07410136,-5.0126076,3.517494,-1.8248972,-0.13747498,23.338324
6295318541,0.01117772,0.07392363,-5.0121984,3.5234709,-1.8282961,-0.13902326,23.339327
6295328531,0.011484726,0.073594674,-5.0119243,3.5330472,-1.820772,-0.13806391,23.339327
6295338503,0.011607864,0.07378236,-5.0124106,3.5276062,-1.823563,-0.13712052,23.339327
6295348600,0.011339635,0.073915765,-5.012297,3.5196135,-1.8330871,-0.13870321,23.339327
6295358725,0.011328099,0.07394183,-5.0123863,3.5212417,-1.8348808,-0.13997416,23.339327
6295368692,0.011445506,0.074060306,-5.012573,3.5191627,-1.8309503,-0.14098911,23.339327
6295378641,0.011480298,0.07406983,-5.0121036,3.5118604,-1.8341511,-0.14157346,23.339327
6295388682,0.011340397,0.07390591,-5.012108,3.51757,-1.8390512,-0.14371102,23.339327
6295398745,0.011408077,0.07344304,-5.012139,3.5330079,-1.8369371,-0.14277157,23.339327
6295408844,0.011685824,0.073232554,-5.0116577,3.5348144,-1.8328092,-0.14160138,23.339327
6295418923,0.011842222,0.07328111,-5.0119514,3.5290327,-1.8309015,-0.1405914,23.33852
6295428964,0.011841423,0.07330981,-5.012107,3.5327327,-1.827775,-0.14016268,23.33852
6295439132,0.011878018,0.0732757,-5.012751,3.5372472,-1.8229676,-0.13956499,23.33852
6295449076,0.011940799,0.07345103,-5.012936,3.532735,-1.8235877,-0.139642,23.33852
6295458981,0.011725565,0.073569536,-5.0127444,3.5267382,-1.8287717,-0.13969563,23.33852
6295469035,0.011680728,0.07345196,-5.0127707,3.5283985,-1.8291204,-0.13997445,23.33852
6295479132,0.011738059,0.07333674,-5.0124507,3.531586,-1.8244913,-0.13969097,23.33852
6295489190,0.011906747,0.07342798,-5.0124016,3.5264688,-1.8232495,-0.13827533,23.33852
6295499167,0.011721396,0.07369157,-5.0122733,3.519348,-1.8274293,-0.13883364,23.33852
6295509284,0.011481654,0.073635034,-5.012309,3.5203774,-1.8321046,-0.13921855,23.33852
6295519361,0.011181936,0.07371313,-5.0125055,3.5254662,-1.8337493,-0.13945577,23.337645
6295529295,0.011156978,0.0737764,-5.012278,3.5234935,-1.8355043,-0.14021799,23.337645
6295539308,0.011083014,0.073811226,-5.0118,3.5181305,-1.8379885,-0.14099616,23.337645
6295549335,0.010928596,0.07378386,-5.011989,3.5168114,-1.8379561,-0.14125894,23.337645
6295559460,0.01095196,0.0735762,-5.0113716,3.5225167,-1.8349725,-0.14069363,23.337645
6295569421,0.01097002,0.07337695,-5.011232,3.532164,-1.8331265,-0.14064805,23.337645
6295579518,0.01093554,0.0735252,-5.0117726,3.5352724,-1.8325646,-0.13999057,23.337645
6295589796,0.010832902,0.073774375,-5.012034,3.5305233,-1.833735,-0.13958041,23.337645
6295599589,0.010672729,0.07395524,-5.012286,3.5245118,-1.8380622,-0.1408099,23.337645
6295609665,0.010693444,0.073883474,-5.0118957,3.5246096,-1.8368391,-0.14141092,23.337645
6295619815,0.011068475,0.07351303,-5.0117283,3.531056,-1.8259065,-0.1402496,23.338926
6295629711,0.011273729,0.073501386,-5.0119734,3.5309584,-1.8226527,-0.13841033,23.338926
6295639724,0.011195429,0.07355719,-5.0117955,3.5282125,-1.8250271,-0.13956527,23.338926
6295649781,0.01133601,0.07332605,-5.0111856,3.5311403,-1.8205622,-0.1396298,23.338926
6295659827,0.011617825,0.07325021,-5.011812,3.5355182,-1.8133667,-0.13933647,23.338926
6295669870,0.011754979,0.07347305,-5.0120263,3.52632,-1.814737,-0.138695,23.338926
6295679914,0.011453461,0.0736084,-5.0120893,3.5163422,-1.8244215,-0.14008176,23.338926
6295689969,0.011342214,0.07333922,-5.011698,3.5216122,-1.8255986,-0.1416503,23.338926
6295699985,0.011731549,0.07299007,-5.0115757,3.530217,-1.8092905,-0.13926181,23.338926
6295710064,0.011931736,0.073099256,-5.012103,3.5315595,-1.8038433,-0.13746008,23.338926
6295720276,0.011483583,0.0733109,-5.011536,3.5289512,-1.8245322,-0.13840583,23.3377
6295730141,0.011225676,0.07321625,-5.011467,3.5324476,-1.8293313,-0.14013745,23.3377
6295740145,0.01150755,0.07312493,-5.011471,3.5361598,-1.8165809,-0.13869955,23.3377
6295750171,0.011537079,0.07353887,-5.0118318,3.5327277,-1.8272706,-0.13839401,23.3377
6295760222,0.011078273,0.07395959,-5.011975,3.5207882,-1.843602,-0.1406195,23.3377
6295770261,0.011259764,0.07399483,-5.0120916,3.5158932,-1.8304325,-0.13995852,23.3377
6295780367,0.011794246,0.07395159,-5.0118623,3.5181453,-1.8131752,-0.13731742,23.3377
6295790334,0.011621055,0.07397479,-5.012046,3.5188243,-1.8246447,-0.13704298,23.3377
6295800381,0.01129428,0.073970824,-5.0115423,3.5232463,-1.8392332,-0.13951491,23.3377
6295810499,0.011629055,0.073542535,-5.011316,3.5261571,-1.8237036,-0.13977847,23.3377
6295820617,0.012220709,0.07339494,-5.011727,3.525607,-1.8052642,-0.13737708,23.336945
6295830518,0.011986371,0.07341106,-5.0114417,3.5269558,-1.8175107,-0.1376847,23.336945
6295840610,0.011660931,0.073366374,-5.0119042,3.5319908,-1.8278923,-0.14032461,23.336945
6295850600,0.011829007,0.072928496,-5.012095,3.5339828,-1.8091121,-0.1399561,23.336945
6295860647,0.01198901,0.072773196,-5.011828,3.5387084,-1.8072453,-0.13785326,23.336945
6295870652,0.011241618,0.07281851,-5.0117908,3.5452561,-1.8365911,-0.13972913,23.336945
6295880736,0.010898327,0.07265208,-5.0116124,3.549248,-1.8391212,-0.14171717,23.336945
6295890763,0.011573371,0.07252794,-5.012012,3.5457902,-1.812902,-0.13930456,23.336945
6295900838,0.011371422,0.0728974,-5.012334,3.5378687,-1.8217561,-0.13887905,23.336945
6295910932,0.010610363,0.073468804,-5.0120783,3.529733,-1.8558809,-0.1410119,23.336945
6295920966,0.010511559,0.07353835,-5.0123944,3.523114,-1.8474449,-0.14368874,23.336819
6295930898,0.011307883,0.073502116,-5.0127187,3.5176208,-1.817556,-0.14078648,23.336819
6295940954,0.011245382,0.07381721,-5.012096,3.509856,-1.8251388,-0.13891035,23.336819
6295951133,0.010951296,0.074045934,-5.0121946,3.5076685,-1.8397313,-0.13928711,23.336819
6295961080,0.011471223,0.07362003,-5.012169,3.5128803,-1.8126423,-0.13771693,23.336819
6295971129,0.012129789,0.07350115,-5.012133,3.5194547,-1.7935715,-0.13500895,23.336819
6295981225,0.011626369,0.0738556,-5.012308,3.5170298,-1.8204644,-0.13513784,23.336819
6295991354,0.010933953,0.073916726,-5.0116744,3.5117688,-1.8397948,-0.13754651,23.336819
6296001199,0.011468294,0.07353547,-5.0122766,3.5187898,-1.8175842,-0.1370354,23.336819
6296011304,0.011734369,0.07322962,-5.0125947,3.531705,-1.8112057,-0.13465849,23.336819
6296021368,0.011049299,0.0733472,-5.012043,3.53486,-1.8414356,-0.13550827,23.337448
6296031416,0.01060195,0.07339602,-5.012372,3.534841,-1.8481259,-0.13879873,23.337448
6296041352,0.011208928,0.07299974,-5.012516,3.5440154,-1.8227907,-0.13689592,23.337448
6296051360,0.011347089,0.07298532,-5.0123596,3.5482275,-1.8258969,-0.13572828,23.337448
6296061511,0.01094122,0.07337259,-5.012236,3.5396404,-1.8474456,-0.13802356,23.337448
6296071485,0.011114756,0.0733143,-5.0122957,3.5311394,-1.832235,-0.1396831,23.337448
6296081573,0.011816424,0.07319923,-5.012906,3.5341868,-1.807313,-0.13811398,23.337448
6296091647,0.011942749,0.0734333,-5.01285,3.5350256,-1.8165025,-0.13753988,23.337448
6296101580,0.011618315,0.073396794,-5.011849,3.5278695,-1.8241838,-0.13682821,23.337448
6296111718,0.012040808,0.073328085,-5.012369,3.5255527,-1.8008834,-0.13572495,23.337448
6296121800,0.012354247,0.07330885,-5.0125318,3.5269125,-1.7916839,-0.13383622,23.336563
6296131777,0.011995265,0.07356932,-5.0120187,3.5228505,-1.8146884,-0.13458,23.336563
6296141849,0.01154435,0.07373728,-5.0118885,3.5154016,-1.8245901,-0.13645194,23.336563
6296151894,0.011636352,0.07372222,-5.012133,3.5185523,-1.8129224,-0.13589482,23.336563
6296162017,0.011422196,0.073874064,-5.0128517,3.5192738,-1.8229709,-0.13528496,23.336563
6296172038,0.010718404,0.07407679,-5.0122128,3.512271,-1.8482375,-0.13705483,23.336563
6296181970,0.010644369,0.07375315,-5.0113063,3.5139773,-1.8458259,-0.1377087,23.336563
6296192025,0.011116491,0.07327808,-5.0118413,3.5277607,-1.8251137,-0.13554785,23.336563
6296202030,0.011169185,0.07342184,-5.012074,3.5369046,-1.8304046,-0.13530703,23.336563
6296212105,0.010800563,0.073556274,-5.0112257,3.530989,-1.8466892,-0.137652,23.336563
6296222219,0.011131239,0.07332437,-5.0112715,3.5307517,-1.8304765,-0.13805528,23.336716
6296232163,0.011729808,0.073137626,-5.011512,3.5368412,-1.80819,-0.13551953,23.336716
6296242158,0.011619441,0.07359239,-5.0120134,3.5287447,-1.8208109,-0.13535218,23.336716
6296252220,0.011251976,0.073858865,-5.0114217,3.5121727,-1.8355367,-0.13759375,23.336716
6296262249,0.011533482,0.073488235,-5.01055,3.5192578,-1.8174922,-0.13697815,23.336716
6296272340,0.012123094,0.07316404,-5.0115147,3.5374055,-1.8025193,-0.1348777,23.336716
6296282353,0.012026465,0.073450066,-5.011659,3.535275,-1.817537,-0.13443284,23.336716
6296292388,0.0115292,0.07369918,-5.0113215,3.5255277,-1.8273715,-0.13704234,23.336716
6296302437,0.011649176,0.07348511,-5.011489,3.5286603,-1.8185362,-0.13708936,23.336716
6296312538,0.011762573,0.07352664,-5.0120645,3.53411,-1.8188634,-0.13569967,23.336716
6296322622,0.011365533,0.07409996,-5.012373,3.5180287,-1.8343744,-0.1361394,23.338194
6296332601,0.01104092,0.07434692,-5.0119076,3.5038323,-1.8408723,-0.1384217,23.338194
6296342621,0.011389592,0.073858514,-5.011406,3.516212,-1.8303347,-0.13725835,23.338194
6296352636,0.011674976,0.07363941,-5.012162,3.5322058,-1.8220992,-0.13585377,23.338194
6296362704,0.01148307,0.07374576,-5.0121164,3.5270941,-1.8321776,-0.13582116,23.338194
6296372775,0.011092285,0.073734224,-5.011494,3.522211,-1.8430204,-0.13690242,23.338194
6296382784,0.011038475,0.0735274,-5.0117774,3.530937,-1.8381499,-0.13755341,23.338194
6296392842,0.011329628,0.07350682,-5.0121174,3.5310977,-1.8314595,-0.13663217,23.338194
6296402841,0.011273654,0.07393157,-5.0123386,3.5161872,-1.8331629,-0.13674992,23.338194
6296412977,0.011351727,0.07389628,-5.0117636,3.5125332,-1.8305887,-0.13783097,23.338194
6296423044,0.011620102,0.073292464,-5.0112133,3.530958,-1.8197157,-0.1373353,23.336807
6296432976,0.011780851,0.073034115,-5.0118027,3.5459561,-1.8189102,-0.13662855,23.336807
6296443066,0.011479521,0.07296367,-5.0117207,3.5467706,-1.823507,-0.13701099,23.336807
6296453024,0.011384627,0.072802134,-5.0110908,3.5463548,-1.8304657,-0.13731496,23.336807
6296463075,0.011350107,0.07297103,-5.0114813,3.5480008,-1.8261741,-0.13877887,23.336807
6296473151,0.011580973,0.07328098,-5.0117073,3.5336807,-1.8164681,-0.13865902,23.336807
6296483204,0.011639178,0.07362094,-5.011855,3.5195332,-1.8164939,-0.13855155,23.336807
6296493218,0.011452014,0.07351802,-5.011381,3.5224981,-1.820098,-0.13941784,23.336807
6296503283,0.011519305,0.07330463,-5.0111094,3.528724,-1.816493,-0.13918509,23.336807
6296513356,0.011428825,0.07357015,-5.011621,3.5215015,-1.8167822,-0.13892046,23.336807
6296523450,0.011268326,0.07385979,-5.011497,3.511334,-1.8285127,-0.13980722,23.336226
6296533438,0.01115059,0.073684245,-5.011197,3.5131578,-1.8290386,-0.1392295,23.336226
6296543435,0.011472228,0.07359514,-5.0118375,3.516396,-1.8154086,-0.139197,23.336226
6296553640,0.011553898,0.07372759,-5.011881,3.5142822,-1.8115143,-0.13870735,23.336226
6296563526,0.0112277,0.073854275,-5.011941,3.5159397,-1.829335,-0.13912661,23.336226
6296573552,0.011108502,0.073558934,-5.0117593,3.527698,-1.8341018,-0.1397829,23.336226
6296583707,0.011379671,0.07321892,-5.011529,3.5365882,-1.8191153,-0.13788205,23.336226
6296593623,0.011354825,0.07358709,-5.012074,3.5313475,-1.8312181,-0.1372463,23.336226
6296603644,0.010763133,0.073771685,-5.0116053,3.521328,-1.8529944,-0.13913888,23.336226
6296613794,0.011016439,0.0733629,-5.011208,3.5264814,-1.8359119,-0.13855428,23.336226
6296623923,0.011686895,0.07297269,-5.011854,3.536852,-1.8083607,-0.1351133,23.336334
6296633780,0.011703352,0.07329987,-5.0117626,3.5325646,-1.8212521,-0.13536692,23.336334
6296643802,0.011101329,0.073460765,-5.011628,3.526925,-1.8408862,-0.13800466,23.336334
6296653957,0.011547073,0.07288705,-5.0119324,3.5385299,-1.8175077,-0.1370608,23.336334
6296663895,0.012339224,0.07243944,-5.011806,3.548959,-1.7912147,-0.13406543,23.336334
6296674185,0.011984777,0.07300839,-5.0123944,3.5391648,-1.8125614,-0.1341523,23.336334
6296683998,0.011399177,0.07341458,-5.0119324,3.522765,-1.8312198,-0.13643846,23.336334
6296694024,0.011782477,0.07302583,-5.0114512,3.5233297,-1.8034095,-0.13619648,23.336334
6296704094,0.012242962,0.07299023,-5.012058,3.5335429,-1.791257,-0.13414274,23.336334
6296714202,0.011539786,0.07353042,-5.011883,3.5265164,-1.8281807,-0.135965,23.336334
6296724247,0.010934575,0.07369986,-5.01163,3.5165584,-1.8449063,-0.13909417,23.336227
6296734255,0.011355192,0.073143035,-5.0117874,3.52757,-1.8195423,-0.13778695,23.336227
6296744255,0.011652605,0.07312441,-5.011464,3.5350144,-1.8190182,-0.13387199,23.336227
6296754277,0.010756005,0.07389074,-5.011508,3.5166173,-1.852387,-0.13653937,23.336227
6296764383,0.010508688,0.0740859,-5.011189,3.5019255,-1.8557031,-0.1384854,23.336227
6296774661,0.010990354,0.073579945,-5.0107617,3.5116694,-1.8341161,-0.13658838,23.336227
6296784646,0.01091072,0.073627114,-5.010988,3.5242264,-1.8446083,-0.13612574,23.336227
6296794527,0.010480204,0.07378075,-5.010759,3.5170999,-1.8615369,-0.13730009,23.336227
6296804554,0.010878436,0.07344085,-5.010984,3.5183938,-1.8340627,-0.13825233,23.336227
6296814604,0.011726417,0.07290014,-5.01143,3.5348775,-1.8031267,-0.13524501,23.336227
6296824687,0.011769249,0.07306916,-5.011539,3.5397663,-1.8119609,-0.13397686,23.33622
6296834615,0.011421907,0.073430814,-5.01191,3.5281854,-1.8194089,-0.13620262,23.33622
6296844646,0.011644286,0.07314282,-5.011614,3.530323,-1.8064129,-0.13684288,23.33622
6296854802,0.011738391,0.07294694,-5.0114207,3.544109,-1.8083743,-0.13532433,23.33622
6296864736,0.011159891,0.07329809,-5.0114956,3.5411186,-1.8279011,-0.1369605,23.33622
6296874914,0.011226336,0.073352255,-5.011528,3.5311112,-1.8196526,-0.13865203,23.33622
6296884810,0.011969899,0.072904475,-5.012256,3.5383384,-1.7911348,-0.13737409,23.33622
6296895032,0.012368184,0.07282128,-5.0123553,3.5517697,-1.7904419,-0.1355035,23.33622
6296904909,0.011843577,0.07319776,-5.011697,3.5416186,-1.8144033,-0.13556245,23.33622
6296915083,0.011489749,0.07353981,-5.012061,3.526972,-1.820992,-0.13811028,23.33622
6296925121,0.011456096,0.07338685,-5.0117645,3.5319288,-1.8175949,-0.13743453,23.337788
6296934979,0.01116843,0.073479526,-5.011042,3.5367408,-1.8355609,-0.13743158,23.337788
6296945006,0.010678349,0.07406164,-5.011424,3.5197444,-1.8550156,-0.13999072,23.337788
6296955070,0.010716407,0.074245825,-5.01142,3.500329,-1.851145,-0.1406119,23.337788
6296965171,0.011068841,0.074027516,-5.012029,3.504641,-1.8387693,-0.13991985,23.337788
6296975168,0.011103931,0.07396381,-5.0117188,3.5128593,-1.8395946,-0.13863476,23.337788
6296985231,0.011058735,0.0740935,-5.0111175,3.5047286,-1.8430579,-0.13905387,23.337788
6296995297,0.011041183,0.07411507,-5.0117054,3.499734,-1.8377988,-0.13961354,23.337788
6297005285,0.01131756,0.073764786,-5.0118127,3.5132551,-1.8320024,-0.13868722,23.337788
6297015371,0.011323127,0.07363883,-5.011352,3.52244,-1.8349998,-0.13673335,23.337788
6297025515,0.011216094,0.07393784,-5.011653,3.5100608,-1.8426354,-0.1382007,23.336718
6297035419,0.011110893,0.07400264,-5.011821,3.5028458,-1.8408422,-0.13922349,23.336718
6297045502,0.011377996,0.07367411,-5.0119805,3.5156927,-1.8273411,-0.1380026,23.336718
6297055531,0.011905697,0.07309419,-5.0118017,3.5336387,-1.8071955,-0.13754553,23.336718
6297065514,0.012339525,0.07247674,-5.010879,3.5484192,-1.7942531,-0.13634844,23.336718
6297075600,0.012139697,0.07243393,-5.0114427,3.560496,-1.8030565,-0.13593736,23.336718
6297085690,0.011628173,0.072577275,-5.0119042,3.5593305,-1.8205309,-0.13687399,23.336718
6297095729,0.011433078,0.07277555,-5.011738,3.5491958,-1.8264234,-0.13715614,23.336718
6297105706,0.011280946,0.07302695,-5.0118613,3.5382028,-1.8302608,-0.13729866,23.336718
6297115827,0.011242285,0.07297612,-5.0122194,3.5355003,-1.8288561,-0.13846514,23.336718
6297125926,0.011576875,0.07280257,-5.012397,3.5393496,-1.815082,-0.13836297,23.334934
6297135830,0.011811984,0.0727538,-5.011998,3.5402622,-1.8104161,-0.13653482,23.334934
6297145874,0.011603227,0.07262553,-5.0111804,3.5421205,-1.8174539,-0.13667716,23.334934
6297155920,0.011653085,0.072598934,-5.011819,3.54773,-1.8185863,-0.13713488,23.334934
6297165940,0.011791368,0.07302089,-5.0124364,3.5339105,-1.8154515,-0.13483305,23.334934
6297176000,0.011871928,0.07354577,-5.0122404,3.5086887,-1.8156819,-0.13476205,23.334934
6297186041,0.011940889,0.073485054,-5.0116854,3.5055037,-1.8104239,-0.13543776,23.334934
6297196156,0.012104925,0.07335665,-5.0116854,3.516503,-1.8071674,-0.13627876,23.334934
6297206144,0.011989725,0.07360814,-5.012061,3.5149205,-1.8151335,-0.13700677,23.334934
6297216218,0.011510989,0.07376641,-5.0110555,3.5084178,-1.8326968,-0.13822769,23.334934
6297226302,0.011493022,0.073230885,-5.0103593,3.5227547,-1.8345622,-0.13868463,23.33677
6297236293,0.012196505,0.07260434,-5.01137,3.5423403,-1.8054965,-0.13827114,23.33677
6297246322,0.01287505,0.07263841,-5.0116973,3.5396051,-1.7882687,-0.13530102,23.33677
6297256332,0.012512875,0.07303921,-5.0113416,3.5246835,-1.8056364,-0.13601461,23.33677
6297266387,0.012059102,0.072924204,-5.0113516,3.5321517,-1.8214943,-0.13876209,23.33677
6297276417,0.01215294,0.072255485,-5.0115857,3.555253,-1.8094473,-0.1385811,23.33677
6297286510,0.012130227,0.07248371,-5.012158,3.5611424,-1.8110951,-0.13779819,23.33677
6297296495,0.011515788,0.07289898,-5.0112543,3.5470953,-1.8329769,-0.13798597,23.33677
6297306528,0.0114036,0.072904654,-5.010461,3.5404983,-1.830113,-0.13951024,23.33677
6297316675,0.011987386,0.072879836,-5.011951,3.5411923,-1.8062227,-0.13866742,23.33677
6297326727,0.011999293,0.073313415,-5.0122733,3.5315876,-1.8098454,-0.13705784,23.33594
6297336721,0.011229667,0.07365744,-5.011187,3.5237496,-1.8362192,-0.13814268,23.33594
6297346721,0.011101878,0.07342983,-5.011255,3.536167,-1.8332466,-0.13893521,23.33594
6297356731,0.011659896,0.073180474,-5.0117283,3.5430303,-1.8144207,-0.13614562,23.33594
6297366776,0.011200795,0.073845595,-5.011808,3.5275185,-1.833447,-0.13640925,23.33594
6297376826,0.010263688,0.07475802,-5.0110817,3.5054533,-1.8709671,-0.13973129,23.33594
6297386936,0.010252033,0.0748182,-5.011092,3.4891064,-1.8620259,-0.14142491,23.33594
6297396907,0.011364466,0.0747693,-5.012919,3.484572,-1.8192859,-0.14036743,23.33594
6297406976,0.011740052,0.07463011,-5.012621,3.487924,-1.8146313,-0.13712588,23.33594
6297417027,0.011186374,0.07433844,-5.0111456,3.4998102,-1.8381865,-0.13800862,23.33594
6297427175,0.011323296,0.07378662,-5.0113077,3.5141573,-1.825646,-0.13876162,23.336697
6297437151,0.01200523,0.07363014,-5.0125413,3.5214653,-1.8062676,-0.13567632,23.336697
6297447128,0.011441642,0.07395883,-5.013011,3.5154755,-1.8330408,-0.13637246,23.336697
6297457244,0.010980199,0.07362728,-5.0116467,3.5194898,-1.8410875,-0.13920121,23.336697
6297467187,0.01235029,0.072605215,-5.0114307,3.5434606,-1.7826434,-0.13640533,23.336697
6297477271,0.013355986,0.07229732,-5.0128446,3.558015,-1.7503753,-0.13122632,23.336697
6297487245,0.012298056,0.07243138,-5.0117955,3.5625815,-1.801798,-0.13188349,23.336697
6297497327,0.010754532,0.072090276,-5.0101023,3.579136,-1.8478793,-0.13525417,23.336697
6297507348,0.011057276,0.07140515,-5.0112815,3.5964162,-1.8248723,-0.13594754,23.336697
6297517529,0.011888895,0.07192052,-5.0127373,3.5823371,-1.8037125,-0.1328759,23.336697
6297527534,0.011449431,0.07300719,-5.01281,3.549857,-1.8292218,-0.13559689,23.336765
6297537521,0.011259621,0.07300661,-5.011406,3.5377324,-1.8246032,-0.13814153,23.336765
6297547518,0.012206995,0.07283296,-5.0112133,3.5383136,-1.7890246,-0.13558196,23.336765
6297557613,0.011903589,0.07401317,-5.0133996,3.51543,-1.8151631,-0.13537638,23.336765
6297567647,0.010278491,0.07477054,-5.0126147,3.4881163,-1.8742056,-0.14095382,23.336765
6297577669,0.010218423,0.07387268,-5.0107675,3.5057616,-1.8600086,-0.1438056,23.336765
6297587660,0.011848786,0.07318405,-5.0117993,3.528448,-1.7993839,-0.1389585,23.336765
6297597718,0.012499255,0.07414841,-5.012729,3.5015519,-1.7966683,-0.13713883,23.336765
6297607787,0.01144765,0.0746956,-5.012042,3.4790542,-1.8336799,-0.14140038,23.336765
6297617800,0.011120125,0.073526,-5.010985,3.5185213,-1.8283379,-0.14289084,23.336765
6297627957,0.011660844,0.07294269,-5.0112085,3.551598,-1.8138965,-0.13829759,23.3365
6297637960,0.011026865,0.07418219,-5.012624,3.521645,-1.8483896,-0.14069091,23.3365
6297647951,0.010117663,0.07451681,-5.0121236,3.4966772,-1.8691746,-0.1459798,23.3365
6297657939,0.010826255,0.07308836,-5.0108066,3.5371356,-1.8316745,-0.14547573,23.3365
6297667992,0.011714959,0.07264162,-5.011558,3.5680332,-1.8094583,-0.14054488,23.3365
6297678052,0.011202626,0.07384154,-5.0124507,3.5287893,-1.8451054,-0.14145492,23.3365
6297688222,0.01085704,0.07416503,-5.012792,3.498916,-1.8505583,-0.14516178,23.3365
6297698122,0.012275822,0.072509006,-5.0127535,3.5365028,-1.788169,-0.14105806,23.3365
6297708176,0.013622864,0.07189161,-5.0127144,3.5646212,-1.7516319,-0.13429034,23.3365
6297718361,0.013149021,0.073066115,-5.0132294,3.5291343,-1.7834581,-0.13519993,23.3365
6297728457,0.012381323,0.0730488,-5.012117,3.5147316,-1.7972965,-0.1399408,23.336819
6297738284,0.012808782,0.071599804,-5.0115333,3.5636868,-1.7730563,-0.13685916,23.336819
6297748343,0.01275492,0.07190079,-5.012174,3.5777564,-1.7897927,-0.13411911,23.336819
6297758374,0.011432116,0.07345935,-5.012186,3.5247223,-1.8397425,-0.13719365,23.336819
6297768578,0.011031681,0.07353506,-5.011847,3.5020204,-1.8409585,-0.14154635,23.336819
6297778482,0.011798873,0.07220566,-5.0117903,3.5498865,-1.8023611,-0.13858753,23.336819
6297788542,0.01184897,0.07213446,-5.011184,3.577975,-1.8139786,-0.1352381,23.336819
6297798620,0.010468177,0.07344738,-5.0111184,3.546445,-1.8654696,-0.13901529,23.336819
6297808733,0.009860448,0.07389396,-5.0108604,3.5279834,-1.8762515,-0.14323814,23.336819
6297818679,0.010453122,0.07347686,-5.0111713,3.5407286,-1.8489417,-0.14144826,23.336819
6297828777,0.010809078,0.07441848,-5.012782,3.5205402,-1.8483269,-0.13855226,23.337309
6297838696,0.010602697,0.07536133,-5.0124016,3.4754086,-1.8578484,-0.1416267,23.337309
6297848720,0.011343936,0.07424711,-5.011789,3.4970608,-1.8174834,-0.14062662,23.337309
6297858793,0.012983872,0.07258441,-5.011979,3.560918,-1.7597488,-0.13552347,23.337309
6297868807,0.013455336,0.07288575,-5.0128574,3.5618477,-1.7607882,-0.13075073,23.337309
6297878874,0.012351002,0.07416551,-5.012969,3.5157108,-1.8039293,-0.13487414,23.337309
6297888894,0.011243926,0.073996566,-5.0120006,3.516781,-1.8304743,-0.1387428,23.337309
6297899005,0.011145715,0.07331282,-5.0125065,3.5471222,-1.8312675,-0.1387958,23.337309
6297909010,0.011504676,0.07361052,-5.01348,3.5331948,-1.8209007,-0.13675895,23.337309
6297919074,0.011696829,0.07354873,-5.0118976,3.520441,-1.8199427,-0.13810804,23.337309
6297929188,0.011403348,0.072207555,-5.010388,3.5695474,-1.8191398,-0.1384922,23.336128
6297939210,0.011863365,0.071525425,-5.011013,3.6018908,-1.8083813,-0.13508289,23.336128
6297949170,0.01198493,0.0726185,-5.0124464,3.5592742,-1.8148001,-0.13385095,23.336128
6297959251,0.010887742,0.07373919,-5.012689,3.5128112,-1.8571804,-0.13655156,23.336128
6297969274,0.010139876,0.073457584,-5.0112457,3.5247314,-1.8702576,-0.13983826,23.336128
6297979262,0.011775875,0.07283722,-5.011654,3.5392735,-1.809329,-0.13699515,23.336128
6297989457,0.013542151,0.07342273,-5.0129,3.5053291,-1.7537705,-0.1319675,23.336128
6297999532,0.012818623,0.07415185,-5.011722,3.4827964,-1.7909784,-0.1323432,23.336128
6298009533,0.010959401,0.07395071,-5.0109186,3.5090327,-1.8555826,-0.1376121,23.336128
6298019527,0.010941101,0.07347913,-5.0122743,3.524729,-1.8355619,-0.13758424,23.336128
6298029604,0.012212269,0.07384187,-5.013405,3.4971323,-1.8018247,-0.1341894,23.336006
6298039538,0.011418284,0.074317776,-5.012917,3.4873939,-1.8359883,-0.13673963,23.336006
6298049603,0.010997137,0.07327786,-5.0111256,3.521025,-1.8432034,-0.13985525,23.336006
6298059605,0.01257485,0.07199146,-5.0110197,3.5613418,-1.7747227,-0.13701199,23.336006
6298069673,0.012847705,0.07228137,-5.0122156,3.5668492,-1.7852956,-0.1332145,23.336006
6298079687,0.009975314,0.073394,-5.0112715,3.5524194,-1.8996531,-0.13877852,23.336006
6298089785,0.008866532,0.072911374,-5.01067,3.5589876,-1.9165802,-0.14589182,23.336006
6298099819,0.011715442,0.071693845,-5.011951,3.5774364,-1.7988333,-0.13976862,23.336006
6298109803,0.01358192,0.072317995,-5.012637,3.5591247,-1.7557858,-0.13125934,23.336006
6298119843,0.01214953,0.073941216,-5.0120864,3.5145736,-1.8267868,-0.13472146,23.336006
6298129974,0.011418796,0.0735572,-5.011226,3.5122077,-1.8214917,-0.14015734,23.338032
6298139955,0.013172323,0.07241066,-5.0122266,3.545043,-1.7539728,-0.13439086,23.338032
6298150122,0.012479667,0.07375828,-5.0129437,3.5323262,-1.8022691,-0.13220909,23.338032
6298160126,0.009868505,0.0751619,-5.011478,3.4852357,-1.892162,-0.14008826,23.338032
6298170173,0.01056686,0.073643416,-5.0111547,3.5014644,-1.828573,-0.14183699,23.338032
6298180269,0.013446884,0.07205885,-5.012736,3.5576308,-1.7277118,-0.13097687,23.338032
6298190135,0.012630615,0.07352269,-5.0129747,3.5432346,-1.7944137,-0.12803893,23.338032
6298200152,0.009496166,0.07515364,-5.011702,3.4881396,-1.9020522,-0.13933134,23.338032
6298210423,0.009576411,0.07344599,-5.011049,3.5172093,-1.8607265,-0.14330947,23.338032
6298220293,0.01130445,0.07191028,-5.0122013,3.584544,-1.8032353,-0.13513267,23.338032
6298230470,0.010125756,0.073683366,-5.0121584,3.557049,-1.8805894,-0.13450958,23.33671
6298240438,0.00832277,0.07471676,-5.0105996,3.494473,-1.9298314,-0.14496778,23.33671
6298250391,0.010331712,0.07264675,-5.011366,3.5339572,-1.8244802,-0.14236915,23.33671
6298260431,0.01277437,0.07191648,-5.0133862,3.5808434,-1.7685828,-0.13065995,23.33671
6298270408,0.011335566,0.074965924,-5.013305,3.5041401,-1.8580462,-0.13350764,23.33671
6298280500,0.010201025,0.07589347,-5.01233,3.4221587,-1.8768061,-0.14533871,23.33671
6298290513,0.012818203,0.072807,-5.0120482,3.4920096,-1.7478813,-0.14021282,23.33671
6298300570,0.015089749,0.07104766,-5.0127645,3.5875504,-1.698382,-0.12736276,23.33671
6298310624,0.013356029,0.07304546,-5.012429,3.5470097,-1.7905406,-0.12981659,23.33671
6298320729,0.011955624,0.073806465,-5.0108986,3.487618,-1.817917,-0.1397158,23.33671
6298330820,0.013421182,0.07171506,-5.012232,3.5489347,-1.7420604,-0.13626175,23.336054
6298340779,0.013667531,0.07166603,-5.013496,3.6009762,-1.7595289,-0.12895922,23.336054
6298350788,0.011027599,0.07419145,-5.0121217,3.5267332,-1.8710625,-0.13605098,23.336054
6298360857,0.010039834,0.0743243,-5.010798,3.4811225,-1.8684058,-0.1455672,23.336054
6298370846,0.012091978,0.07132286,-5.0111675,3.5693204,-1.7749645,-0.1392307,23.336054
6298381010,0.012494098,0.07105418,-5.0116262,3.6283216,-1.7915454,-0.13066387,23.336054
6298390973,0.010153294,0.07365496,-5.011082,3.5530133,-1.8915358,-0.13732573,23.336054
6298400959,0.009289527,0.074093334,-5.0105257,3.4978492,-1.8926501,-0.14598623,23.336054
6298410996,0.010982336,0.07261488,-5.0121107,3.5473804,-1.8212085,-0.14101161,23.336054
6298421138,0.011538591,0.0734795,-5.013357,3.5526228,-1.8274486,-0.13484792,23.336054
6298431159,0.010636974,0.07527024,-5.01206,3.4661884,-1.8651003,-0.14079976,23.337877
6298441166,0.011780113,0.07407111,-5.011382,3.4623723,-1.798334,-0.1428253,23.337877
6298451211,0.013966718,0.071327366,-5.012031,3.565647,-1.7215257,-0.13284044,23.337877
6298461218,0.013354163,0.07211438,-5.0124035,3.5894823,-1.7791104,-0.12794371,23.337877
6298471292,0.010503336,0.07468611,-5.011375,3.506481,-1.8848852,-0.1375659,23.337877
6298481432,0.00952653,0.074360676,-5.011419,3.4884667,-1.8896829,-0.14500475,23.337877
6298491331,0.011003606,0.07278204,-5.013095,3.5537748,-1.8262801,-0.14001347,23.337877
6298501398,0.011591282,0.073383376,-5.012914,3.5523548,-1.8259035,-0.13447419,23.337877
6298511386,0.010830133,0.074522555,-5.011078,3.4980788,-1.8569146,-0.13810955,23.337877
6298521545,0.011471616,0.07282812,-5.010755,3.52896,-1.8116367,-0.13981345,23.337877
6298531604,0.012798336,0.07113056,-5.0118155,3.6116178,-1.7760144,-0.13176847,23.336142
6298541596,0.011600508,0.0727261,-5.0125985,3.5886183,-1.8450483,-0.13152209,23.336142
6298551597,0.010182241,0.07470854,-5.0119896,3.5002816,-1.8895197,-0.14087398,23.336142
6298561621,0.011858202,0.07367642,-5.012444,3.502217,-1.8028344,-0.14060698,23.336142
6298571708,0.014657071,0.07261334,-5.0143323,3.5432723,-1.7162548,-0.1296367,23.336142
6298581690,0.014610833,0.073829256,-5.0130043,3.5182605,-1.7412379,-0.12645851,23.336142
6298591788,0.012752819,0.07447384,-5.0105386,3.4842875,-1.8075917,-0.13321029,23.336142
6298601816,0.012035768,0.07340322,-5.011567,3.5207775,-1.811204,-0.13675752,23.336142
6298611848,0.012250874,0.07293475,-5.01308,3.5544136,-1.8049611,-0.1345683,23.336142
6298621965,0.011304596,0.07399928,-5.0124636,3.5244884,-1.8488288,-0.13480887,23.336142
6298632059,0.010560548,0.07416864,-5.011095,3.5037107,-1.8571528,-0.14019947,23.336672
6298641958,0.011721838,0.07255484,-5.0109496,3.5484502,-1.8002293,-0.13710012,23.336672
6298652052,0.011907386,0.072409734,-5.01244,3.5812433,-1.8061398,-0.13182914,23.336672
6298662086,0.009582255,0.073718116,-5.0116224,3.5493045,-1.8979254,-0.1367086,23.336672
6298672040,0.008293044,0.073427044,-5.009951,3.5409749,-1.9174776,-0.14485194,23.336672
6298682286,0.010286797,0.07207031,-5.011517,3.5798228,-1.8317707,-0.14096488,23.336672
6298692157,0.012224504,0.07274269,-5.013393,3.5681665,-1.7889999,-0.13304818,23.336672
6298702253,0.011856837,0.07433702,-5.0125203,3.5043607,-1.8162875,-0.13483162,23.336672
6298712252,0.011930463,0.07385098,-5.011707,3.4961631,-1.8003412,-0.13795158,23.336672
6298722401,0.013104846,0.072726846,-5.012585,3.5417488,-1.7570888,-0.13360631,23.336672
6298732416,0.012776512,0.073600285,-5.013623,3.5336976,-1.7874453,-0.13112307,23.337399
6298742399,0.011103793,0.07494523,-5.0123887,3.480923,-1.8436112,-0.1365224,23.337399
6298752445,0.011260106,0.0740573,-5.010981,3.487567,-1.8183349,-0.13931233,23.337399
6298762426,0.01260443,0.0725312,-5.011864,3.5410728,-1.7639427,-0.13423564,23.337399
6298772509,0.012267642,0.07290082,-5.0122404,3.5490274,-1.7892994,-0.13047798,23.337399
6298782521,0.010633467,0.07373198,-5.011277,3.5179756,-1.8520625,-0.13531284,23.337399
6298792679,0.009980562,0.07300687,-5.011264,3.5312614,-1.8522688,-0.13920358,23.337399
6298802599,0.010539298,0.07199265,-5.0120745,3.5712304,-1.8353531,-0.13518754,23.337399
6298812894,0.009987845,0.07257013,-5.012147,3.567734,-1.8670323,-0.13556917,23.337399
6298822772,0.0093192,0.07283123,-5.0107045,3.546567,-1.8819644,-0.13927875,23.337399
6298832788,0.010439163,0.07204796,-5.010645,3.5620928,-1.8302792,-0.13770515,23.336346
6298842830,0.01174024,0.07234182,-5.012504,3.563071,-1.801394,-0.13309208,23.336346
6298852808,0.01142111,0.074084915,-5.013102,3.5059578,-1.83311,-0.13440669,23.336346
6298862889,0.011182563,0.074728854,-5.0123878,3.4678917,-1.8343235,-0.1385966,23.336346
6298872989,0.012466203,0.07352602,-5.0127516,3.4990108,-1.7849334,-0.13670483,23.336346
6298882908,0.013069399,0.07307629,-5.0131054,3.5307152,-1.7744806,-0.13308106,23.336346
6298892980,0.012338192,0.07362199,-5.012619,3.516988,-1.8091407,-0.13403344,23.336346
6298903000,0.012161392,0.07351282,-5.011862,3.5147452,-1.8011982,-0.13771245,23.336346
6298913166,0.01303607,0.072776005,-5.011787,3.5402477,-1.7672831,-0.1336335,23.336346
6298923108,0.012638405,0.07337998,-5.0132217,3.539897,-1.7924384,-0.13188185,23.336346
6298933555,0.01105201,0.07422117,-5.0127797,3.5115988,-1.8500416,-0.13667808,23.337666
6298943322,0.010447798,0.07336901,-5.0115285,3.5294447,-1.8518399,-0.13990518,23.337666
6298953206,0.010947137,0.071998805,-5.011619,3.587114,-1.8248806,-0.13700014,23.337666
6298963328,0.010902458,0.07224345,-5.0113983,3.5920627,-1.841567,-0.1343501,23.337666
6298973384,0.010233265,0.07326536,-5.011345,3.5506232,-1.8618755,-0.13794784,23.337666
6298983355,0.010836363,0.072998516,-5.01166,3.5396497,-1.8286378,-0.13879913,23.337666
6298993335,0.011812013,0.07275657,-5.0121527,3.5542457,-1.7986461,-0.13518572,23.337666
6299003387,0.01157201,0.07374509,-5.0126057,3.53057,-1.8243494,-0.13436499,23.337666
6299013494,0.011115897,0.07437664,-5.012179,3.4952462,-1.8360809,-0.13882512,23.337666
6299023525,0.012077655,0.0738657,-5.0120125,3.500243,-1.7943558,-0.13845697,23.337666
6299033639,0.012923354,0.073770985,-5.0125713,3.5138938,-1.776136,-0.13412459,23.337849
6299043635,0.012278078,0.07454437,-5.012408,3.4916523,-1.8118004,-0.13571922,23.337849
6299053638,0.011582924,0.0746006,-5.0121274,3.4762788,-1.8292999,-0.14001733,23.337849
6299063703,0.011814497,0.07374102,-5.0124,3.5071588,-1.8108608,-0.13916038,23.337849
6299073701,0.011792454,0.07347337,-5.011997,3.5278869,-1.8229188,-0.13581331,23.337849
6299083746,0.010854552,0.074033484,-5.011738,3.5121064,-1.8599344,-0.13942213,23.337849
6299093910,0.010606715,0.07343473,-5.010983,3.518632,-1.852022,-0.14175487,23.337849
6299103852,0.011362788,0.07209944,-5.0110674,3.5657203,-1.8165426,-0.13892558,23.337849
6299113877,0.011333876,0.07216327,-5.011693,3.582326,-1.8308736,-0.13605611,23.337849
6299123961,0.010316581,0.072949484,-5.0113125,3.5519385,-1.8700397,-0.13995288,23.337849
6299134023,0.010339226,0.072675705,-5.0112476,3.5423353,-1.8527235,-0.14298697,23.336956
6299144119,0.011671338,0.07185691,-5.011866,3.569089,-1.7991871,-0.1380411,23.336956
6299154022,0.012429181,0.072358035,-5.012044,3.5600593,-1.7865996,-0.1335646,23.336956
6299164046,0.012037062,0.073508866,-5.0124564,3.5146496,-1.805787,-0.13640131,23.336956
6299174194,0.011936214,0.073413126,-5.012528,3.5083442,-1.7999406,-0.13896781,23.336956
6299184182,0.01233477,0.07279489,-5.0124245,3.535111,-1.7859917,-0.13635243,23.336956
6299194160,0.01218168,0.07339997,-5.012827,3.5255504,-1.8081464,-0.13625373,23.336956
6299204199,0.011484091,0.07424549,-5.0122137,3.4899528,-1.8310076,-0.13741542,23.336956
6299214337,0.011565112,0.0738879,-5.012355,3.49185,-1.8148087,-0.13823153,23.336956
6299224442,0.012028571,0.07315254,-5.0127215,3.525563,-1.7972972,-0.13474752,23.336956
6299234439,0.011654612,0.07324089,-5.0124183,3.5319803,-1.8198948,-0.13397935,23.336983
6299244405,0.010814403,0.073553585,-5.0120006,3.5234246,-1.8496768,-0.13708013,23.336983
6299254496,0.010691665,0.07278642,-5.0117435,3.543962,-1.8429275,-0.13860175,23.336983
6299264580,0.011187993,0.072367206,-5.0117097,3.566387,-1.8245959,-0.13625589,23.336983
6299274522,0.011172101,0.07310815,-5.0118456,3.54639,-1.8303527,-0.1356598,23.336983
6299284601,0.01097823,0.07371649,-5.0114207,3.5206902,-1.8414639,-0.13744034,23.336983
6299294595,0.011016817,0.07334001,-5.0118756,3.5304081,-1.8259196,-0.13672045,23.336983
6299304582,0.011523604,0.07311643,-5.0124288,3.5405521,-1.8115755,-0.1356601,23.336983
6299314859,0.01160951,0.07359795,-5.012048,3.5208666,-1.8186532,-0.13558295,23.336983
6299324730,0.011463122,0.07386885,-5.0119643,3.5052936,-1.8232443,-0.13662748,23.336983
6299334896,0.011976874,0.073324926,-5.0118837,3.5221195,-1.8055624,-0.13595797,23.336609
6299344909,0.012418173,0.0731505,-5.012097,3.5301309,-1.7924781,-0.13366707,23.336609
6299354803,0.012200851,0.073926516,-5.0123096,3.5105762,-1.8063465,-0.13453415,23.336609
6299364964,0.011808866,0.07400776,-5.0119915,3.5028486,-1.8205668,-0.13569397,23.336609
6299374905,0.011734618,0.07342417,-5.0122595,3.52472,-1.814073,-0.13584152,23.336609
6299384946,0.011839442,0.07320637,-5.0125484,3.5385742,-1.8099035,-0.1337561,23.336609
6299394982,0.011640284,0.073231705,-5.0117397,3.5339513,-1.8214791,-0.13365826,23.336609
6299405043,0.011254008,0.07306438,-5.011741,3.5442526,-1.8279167,-0.1352339,23.336609
6299415053,0.011333741,0.07284256,-5.0117626,3.56056,-1.8264108,-0.13567653,23.336609
6299425162,0.01127734,0.073125705,-5.011567,3.5499055,-1.8320271,-0.13529995,23.336609
6299435268,0.01090484,0.07371061,-5.0113883,3.5263267,-1.8410765,-0.1364519,23.338654
6299445215,0.011015037,0.07351285,-5.011391,3.5260866,-1.8365539,-0.13791107,23.338654
6299455213,0.011347782,0.07325367,-5.0122905,3.5390968,-1.823895,-0.13644244,23.338654
6299465284,0.011435404,0.07342239,-5.0124598,3.5318878,-1.8247811,-0.13585198,23.338654
6299475418,0.011431697,0.07354257,-5.011857,3.5198762,-1.8307652,-0.1365467,23.338654
6299485463,0.011496917,0.07330118,-5.01207,3.5255086,-1.8208658,-0.13842173,23.338654
6299495535,0.011758988,0.07329619,-5.012584,3.527594,-1.8098025,-0.13780855,23.338654
6299505408,0.011865152,0.07364702,-5.012663,3.5106812,-1.8130833,-0.13692695,23.338654
6299515513,0.011670242,0.07362107,-5.012665,3.504413,-1.8143502,-0.13730489,23.338654
6299525812,0.011740984,0.07305352,-5.012629,3.5271032,-1.8081264,-0.13820149,23.338654
6299535633,0.011877278,0.07274811,-5.0135427,3.545909,-1.8089397,-0.13819337,23.336973
6299545615,0.011679361,0.07299188,-5.0133424,3.5417733,-1.8185147,-0.13803835,23.336973
6299555629,0.011471419,0.07286704,-5.012249,3.539543,-1.8270814,-0.13873798,23.336973
6299565701,0.011464116,0.07265225,-5.0125694,3.5517712,-1.8226238,-0.1392106,23.336973
6299575729,0.01167541,0.07255494,-5.012753,3.5548189,-1.8143666,-0.13792817,23.336973
6299585771,0.011703967,0.07269985,-5.012582,3.5450938,-1.8188312,-0.13636425,23.336973
6299595777,0.011421404,0.0729714,-5.012306,3.5408714,-1.8329513,-0.13744755,23.336973
6299605876,0.011394803,0.072835356,-5.0120463,3.5448332,-1.8352717,-0.13843642,23.336973
6299616025,0.011696463,0.072835535,-5.0124645,3.54781,-1.8223135,-0.13838066,23.336973
6299625937,0.012028412,0.07282476,-5.012475,3.544975,-1.8138252,-0.13672175,23.336973
6299636047,0.011826208,0.073101886,-5.011746,3.5385153,-1.8241308,-0.13548411,23.33664
6299646022,0.011526464,0.073663875,-5.012314,3.5223927,-1.831235,-0.13842142,23.33664
6299656071,0.011730569,0.073921405,-5.012358,3.5030553,-1.8159738,-0.13861774,23.33664
6299666135,0.011929314,0.073733956,-5.0118723,3.5065598,-1.8081833,-0.13676825,23.33664
6299676189,0.011573958,0.07368307,-5.0116696,3.5202081,-1.8266358,-0.13720709,23.33664
6299686185,0.01132057,0.07380227,-5.011354,3.5217175,-1.8401439,-0.13964488,23.33664
6299696238,0.011587624,0.073345415,-5.0118585,3.5279343,-1.8280531,-0.13956252,23.33664
6299706273,0.011660468,0.07272831,-5.011521,3.5546803,-1.8238484,-0.13810873,23.33664
6299716360,0.011241052,0.07261588,-5.0109234,3.5670483,-1.8445255,-0.13780925,23.33664
6299726422,0.011021068,0.07320894,-5.011744,3.5460765,-1.8467371,-0.13895674,23.33664
6299736516,0.011534493,0.073400155,-5.011704,3.5279706,-1.8238631,-0.13893865,23.335678
6299746517,0.011798754,0.07304889,-5.0112247,3.5404248,-1.8177474,-0.13683887,23.335678
6299756435,0.011678966,0.07322257,-5.0115576,3.546961,-1.8275833,-0.13601503,23.335678
6299766502,0.011862325,0.073834226,-5.011553,3.5165603,-1.8216581,-0.13659783,23.335678
6299776619,0.012038657,0.07413769,-5.011821,3.5003932,-1.8052651,-0.13726568,23.335678
6299786688,0.011954733,0.07372471,-5.01173,3.517331,-1.802545,-0.136195,23.335678
6299796588,0.011956478,0.07381416,-5.0115027,3.517977,-1.8005201,-0.13490781,23.335678
6299806671,0.012348904,0.074338764,-5.0125527,3.491565,-1.7864723,-0.13574614,23.335678
6299816795,0.012436005,0.07429597,-5.0124536,3.4883006,-1.7840912,-0.13538508,23.335678
6299826849,0.011730825,0.073736645,-5.011407,3.517185,-1.8079451,-0.13577455,23.335678
6299836891,0.011370309,0.0732961,-5.0113645,3.536433,-1.8195686,-0.136869,23.335917
6299846845,0.011332636,0.073081136,-5.0116243,3.5364163,-1.8131571,-0.13583049,23.335917
6299856887,0.010878325,0.07290766,-5.011489,3.5451715,-1.8337545,-0.13646275,23.335917
6299866895,0.010052401,0.07263354,-5.0109177,3.5682976,-1.8579049,-0.1383097,23.335917
6299876942,0.010205938,0.07288155,-5.011396,3.5593824,-1.8556616,-0.1375997,23.335917
6299887028,0.010517799,0.073594466,-5.012734,3.5286107,-1.8450848,-0.13807696,23.335917
6299897163,0.010494939,0.07354674,-5.0119696,3.5238616,-1.8498795,-0.13803613,23.335917
6299907079,0.010562952,0.07306894,-5.0107684,3.542275,-1.8476137,-0.13727662,23.335917
6299917095,0.011374486,0.07316902,-5.0114274,3.5349514,-1.8210547,-0.13653213,23.335917
6299927263,0.012149922,0.07379362,-5.012078,3.5067089,-1.8011972,-0.13497517,23.335917
6299937318,0.012020676,0.074077554,-5.012452,3.4990547,-1.8098835,-0.13588364,23.337032
6299947284,0.011960609,0.07393391,-5.01166,3.507295,-1.8090372,-0.13600591,23.337032
6299957511,0.012893045,0.07343889,-5.0117493,3.5106087,-1.7738279,-0.13507394,23.337032
6299967350,0.01336338,0.07340832,-5.0129476,3.5136015,-1.7630299,-0.1325341,23.337032
6299977368,0.012487053,0.07301455,-5.012053,3.535654,-1.7958264,-0.13429077,23.337032
6299987345,0.011633576,0.072341576,-5.010359,3.5633645,-1.8232131,-0.13592465,23.337032
6299997440,0.011272524,0.07242017,-5.01099,3.573576,-1.829181,-0.13733958,23.337032
6300007572,0.010814317,0.0729169,-5.011993,3.5605648,-1.8457445,-0.13839363,23.337032
6300017523,0.010190203,0.07309754,-5.012213,3.554326,-1.8612318,-0.14084668,23.337032
6300027590,0.010539545,0.07255005,-5.0117726,3.5653248,-1.8445241,-0.13998021,23.337032
6300037743,0.011341725,0.07237658,-5.0114493,3.5665393,-1.8178204,-0.1364018,23.336292
6300047836,0.01145862,0.0732012,-5.012366,3.546341,-1.8269981,-0.13563782,23.336292
6300057690,0.010730094,0.07440276,-5.012956,3.509094,-1.8560805,-0.1372382,23.336292
6300067738,0.010932401,0.07444931,-5.0124235,3.488289,-1.8401887,-0.1394709,23.336292
6300077765,0.012175569,0.07385434,-5.0122128,3.4991517,-1.7923876,-0.13553685,23.336292
6300087850,0.012956526,0.073811606,-5.012793,3.5058036,-1.7758636,-0.13194823,23.336292
6300097928,0.012768975,0.07431987,-5.013199,3.4874992,-1.786534,-0.13260965,23.336292
6300107869,0.012532238,0.07394302,-5.0125923,3.4888813,-1.7862675,-0.13271339,23.336292
6300117915,0.012366539,0.07300664,-5.0116315,3.527694,-1.792934,-0.12983505,23.336292
6300128040,0.011178032,0.07319985,-5.0117655,3.546618,-1.8366699,-0.13129497,23.336292
6300138103,0.009967613,0.07390185,-5.0115643,3.526197,-1.875505,-0.13615014,23.335564
6300148047,0.009750552,0.073696785,-5.01132,3.51795,-1.8659987,-0.13939317,23.335564
6300158101,0.010162344,0.07264366,-5.0108886,3.5563202,-1.8481796,-0.1376109,23.335564
6300168106,0.01005017,0.072430186,-5.0100937,3.581605,-1.8631011,-0.1373049,23.335564
6300178272,0.009954657,0.07285445,-5.011107,3.5606632,-1.8648106,-0.13867955,23.335564
6300188220,0.010662601,0.073042944,-5.0119905,3.5382288,-1.8323131,-0.13848469,23.335564
6300198251,0.011379029,0.073004544,-5.011875,3.5376947,-1.8151469,-0.13651557,23.335564
6300208322,0.011654323,0.07335824,-5.012051,3.5266323,-1.8126516,-0.1371785,23.335564
6300218350,0.01244079,0.07345685,-5.011936,3.5035625,-1.7781183,-0.13754143,23.335564
6300228418,0.013570527,0.07314717,-5.01214,3.5008519,-1.7411513,-0.1334136,23.335564
6300238516,0.013359132,0.07330979,-5.0126147,3.508753,-1.7637099,-0.13247666,23.334715
6300248528,0.012237237,0.07360037,-5.011784,3.507171,-1.8033215,-0.13584144,23.334715
6300258523,0.012122138,0.07314323,-5.0114007,3.5140846,-1.7975894,-0.13870572,23.334715
6300268615,0.012364796,0.07270873,-5.012258,3.5375118,-1.7893612,-0.1359662,23.334715
6300278752,0.011506753,0.073257476,-5.0118666,3.536428,-1.8324622,-0.13623616,23.334715
6300288620,0.010435862,0.07332517,-5.010924,3.5277176,-1.8647809,-0.14104594,23.334715
6300298674,0.010668341,0.07213327,-5.010132,3.5611477,-1.8428755,-0.14075875,23.334715
6300308676,0.010930546,0.07195681,-5.0104604,3.594742,-1.8431734,-0.13700631,23.334715
6300318743,0.009746298,0.07374963,-5.0113277,3.553141,-1.8988258,-0.13845511,23.334715
6300328804,0.009120465,0.0746873,-5.011438,3.49547,-1.9077181,-0.14556153,23.334715
6300338923,0.010797123,0.07327165,-5.011634,3.5202463,-1.8275459,-0.14373912,23.334946
6300348904,0.012709671,0.07240751,-5.011919,3.560704,-1.778887,-0.13433258,23.334946
6300358899,0.012506823,0.073506266,-5.012091,3.528747,-1.8018345,-0.13236691,23.334946
6300368956,0.012328874,0.074086405,-5.012213,3.48311,-1.8022248,-0.13708362,23.334946
6300379033,0.013045822,0.07299677,-5.0121436,3.5113082,-1.7694719,-0.1347862,23.334946
6300389304,0.01276883,0.07322527,-5.0119147,3.5347059,-1.7979605,-0.13102612,23.334946
6300399194,0.011223866,0.07478964,-5.0123153,3.4824064,-1.8494341,-0.13627458,23.334946
6300409089,0.011240318,0.074491404,-5.0117407,3.4603488,-1.824112,-0.13928069,23.334946
6300419141,0.012149092,0.072635666,-5.0112643,3.5281262,-1.7893103,-0.13605121,23.334946
6300429218,0.011508042,0.072390236,-5.0107136,3.5750043,-1.8321713,-0.13252394,23.334946
6300439389,0.010160387,0.073411815,-5.010248,3.5338953,-1.8801606,-0.13679379,23.334303
6300449264,0.010164344,0.07315264,-5.0113144,3.5225067,-1.857977,-0.13896473,23.334303
6300459339,0.010755909,0.07235771,-5.011716,3.5641525,-1.8416206,-0.13492294,23.334303
6300469365,0.010434936,0.07289708,-5.0109534,3.5591805,-1.8597568,-0.13352601,23.334303
6300479391,0.011042759,0.073445275,-5.010787,3.516725,-1.8275828,-0.1365362,23.334303
6300489588,0.012707812,0.07231956,-5.011654,3.5354972,-1.7549187,-0.13356337,23.334303
6300499556,0.013051568,0.07218991,-5.0125527,3.5767205,-1.7662487,-0.12885857,23.334303
6300509532,0.011407736,0.07397032,-5.0122514,3.5307987,-1.8444545,-0.1340174,23.334303
6300519580,0.010868057,0.074795276,-5.01203,3.4694908,-1.842246,-0.13976045,23.334303
6300529658,0.012272949,0.07361416,-5.0129776,3.4963226,-1.7772473,-0.13750884,23.334303
6300539753,0.012775921,0.07307979,-5.0127673,3.5405786,-1.778196,-0.1318975,23.334448
6300549676,0.012003876,0.0739404,-5.011763,3.5139031,-1.8184764,-0.1355239,23.334448
6300559744,0.011923956,0.07353846,-5.0113406,3.5002503,-1.8028387,-0.13913889,23.334448
6300569762,0.01195757,0.07239278,-5.011987,3.5579407,-1.8017261,-0.13694677,23.334448
6300579809,0.010316339,0.07313227,-5.0125213,3.5756073,-1.8775135,-0.1390534,23.334448
6300589818,0.009082703,0.07453289,-5.011659,3.5166821,-1.9147903,-0.14509256,23.334448
6300599910,0.010374703,0.073619306,-5.0107827,3.5046487,-1.8457128,-0.14462505,23.334448
6300609971,0.01201856,0.07240169,-5.0119185,3.559301,-1.7941719,-0.13851297,23.334448
6300620026,0.011820462,0.07297607,-5.011916,3.561067,-1.8219272,-0.13588072,23.334448
6300630116,0.011543117,0.073634416,-5.0107656,3.5166924,-1.830523,-0.1392053,23.334448
6300640210,0.012329581,0.07279002,-5.011183,3.5319407,-1.7932521,-0.13884728,23.334772
6300650088,0.012368188,0.07239426,-5.0121827,3.5689487,-1.8022985,-0.13506287,23.334772
6300660139,0.011476619,0.07390598,-5.012234,3.53237,-1.8481171,-0.13716188,23.334772
6300671156,0.01145285,0.07459213,-5.011428,3.480154,-1.8339759,-0.14080463,23.334772
6300680264,0.012576412,0.07349453,-5.011263,3.5006547,-1.7865136,-0.13713928,23.334772
6300690246,0.012603183,0.07339675,-5.012204,3.5301564,-1.8005571,-0.13461772,23.334772
6300700324,0.011623335,0.07423704,-5.011874,3.5052533,-1.8441101,-0.1376359,23.334772
6300710431,0.011375695,0.07360286,-5.0107417,3.5030394,-1.8356817,-0.13892514,23.334772
6300720405,0.011960313,0.07202805,-5.0109177,3.5640914,-1.8107706,-0.13545078,23.334772
6300730512,0.011702146,0.07217576,-5.0114417,3.5870576,-1.8311629,-0.13396306,23.334772
6300740594,0.010894852,0.07348038,-5.011606,3.5354822,-1.8572205,-0.13704036,23.333462
6300750505,0.011043691,0.07364145,-5.01075,3.5114524,-1.8396167,-0.13917807,23.333462
6300760530,0.011537822,0.07301536,-5.0107765,3.5394957,-1.8210231,-0.13690701,23.333462
6300770595,0.011352936,0.07358427,-5.0116878,3.5354218,-1.8395277,-0.13583302,23.333462
6300780657,0.010864323,0.074141935,-5.0111427,3.504028,-1.8485223,-0.13902904,23.333462
6300790629,0.011464386,0.0730625,-5.0104175,3.5237634,-1.8170651,-0.1384659,23.333462
6300800685,0.01211454,0.072343014,-5.010848,3.5607338,-1.7959421,-0.13489671,23.333462
6300810742,0.012090738,0.07326608,-5.011418,3.5369987,-1.8106838,-0.13454163,23.333462
6300820773,0.011693169,0.07417445,-5.0117235,3.492165,-1.8172841,-0.13894144,23.333462
6300830925,0.011686521,0.07382136,-5.0116186,3.5003893,-1.8104882,-0.13858391,23.333462
6300840980,0.011474879,0.0737679,-5.011275,3.5196307,-1.8270686,-0.1375036,23.334671
6300850900,0.010890832,0.07434504,-5.0115376,3.5012977,-1.8498771,-0.14002873,23.334671
6300861053,0.010952474,0.07384948,-5.0110335,3.5018227,-1.8378081,-0.14047542,23.334671
6300871053,0.011549719,0.07255927,-5.010547,3.5435598,-1.8108537,-0.13738263,23.334671
6300881078,0.011703031,0.07260039,-5.010852,3.5547063,-1.8158205,-0.13359937,23.334671
6300891147,0.01132625,0.07332973,-5.010802,3.5216928,-1.8359135,-0.13516398,23.334671
6300901163,0.011286429,0.07290456,-5.0109925,3.5273795,-1.8280836,-0.13663012,23.334671
6300911141,0.011603273,0.07209291,-5.0111375,3.5682862,-1.8156455,-0.1331728,23.334671
6300921172,0.011501716,0.07265646,-5.010847,3.5616632,-1.8317688,-0.13039863,23.334671
6300931254,0.011124851,0.07345893,-5.010738,3.5216825,-1.8423154,-0.13459262,23.334671
6300941388,0.011578941,0.07281778,-5.0104637,3.5343065,-1.8132458,-0.13407682,23.334848
6300951313,0.01232579,0.07227998,-5.010825,3.5657244,-1.7906909,-0.12990706,23.334848
6300961394,0.011931444,0.07345631,-5.011437,3.5349643,-1.8165699,-0.13109739,23.334848
6300971601,0.011033353,0.07432417,-5.010969,3.495659,-1.8425207,-0.13484704,23.334848
6300981415,0.011098977,0.073492326,-5.011531,3.5201566,-1.828791,-0.13661496,23.334848
6300991512,0.0114845,0.073132455,-5.012045,3.5471392,-1.8182297,-0.13373412,23.334848
6301001512,0.01108341,0.07424073,-5.011287,3.5086675,-1.8428503,-0.13452064,23.334848
6301011846,0.010661891,0.07465147,-5.0110006,3.4811797,-1.8481317,-0.1402968,23.334848
6301021588,0.011323608,0.0733969,-5.011162,3.5205295,-1.8150287,-0.13892494,23.334848
6301031743,0.011833941,0.07301866,-5.011674,3.546523,-1.8030949,-0.13393441,23.334848
6301041957,0.011432608,0.07399707,-5.011775,3.5093951,-1.8330405,-0.1360564,23.335295
6301051793,0.0110353,0.07372187,-5.011111,3.4995253,-1.8389173,-0.1395209,23.335295
6301061787,0.011819855,0.07242655,-5.0117683,3.5497153,-1.8017873,-0.13852164,23.335295
6301071825,0.012438773,0.07251667,-5.0124607,3.56245,-1.7909939,-0.13452332,23.335295
6301081873,0.011754275,0.073716365,-5.011377,3.516115,-1.8230938,-0.13583617,23.335295
6301091913,0.011230044,0.07364713,-5.010881,3.5097473,-1.8287094,-0.14004779,23.335295
6301101993,0.011934492,0.07275529,-5.0116205,3.5524302,-1.7972735,-0.13717744,23.335295
6301111947,0.012217381,0.07319595,-5.012173,3.5439858,-1.7992573,-0.13236904,23.335295
6301122055,0.011388334,0.07439114,-5.011891,3.4967396,-1.8353372,-0.13622211,23.335295
6301132079,0.011007829,0.073806025,-5.011151,3.5050523,-1.8355491,-0.13928434,23.335295
6301142176,0.011680899,0.072834186,-5.0118275,3.5516884,-1.8071901,-0.13660309,23.333765
6301152122,0.011764029,0.07331272,-5.011769,3.5437398,-1.8152846,-0.13428216,23.333765
6301162178,0.011125848,0.073854,-5.0104237,3.5104496,-1.8449143,-0.13611934,23.333765
6301172277,0.011152827,0.07313774,-5.0105042,3.530009,-1.8320708,-0.13842066,23.333765
6301182265,0.012017302,0.07247554,-5.011514,3.5603096,-1.8011171,-0.13391851,23.333765
6301192297,0.012138081,0.07334613,-5.011877,3.5336967,-1.8159893,-0.13273208,23.333765
6301202333,0.011232154,0.07402823,-5.0111732,3.4976804,-1.8475271,-0.13660665,23.333765
6301212515,0.011305481,0.073196776,-5.010651,3.5202296,-1.8387532,-0.1386247,23.333765
6301222513,0.011816558,0.072769836,-5.0114503,3.5465806,-1.8170198,-0.13493444,23.333765
6301232515,0.011553936,0.07366432,-5.011454,3.5203998,-1.8365831,-0.13409111,23.333765
6301242637,0.010754658,0.074017696,-5.0101433,3.496356,-1.8598776,-0.1366438,23.334259
6301252585,0.010912751,0.07319088,-5.0107427,3.520812,-1.8402126,-0.13812687,23.334259
6301262625,0.011684086,0.073070735,-5.011851,3.5364592,-1.8158365,-0.1336202,23.334259
6301272685,0.011531602,0.07378922,-5.011512,3.5079124,-1.8329095,-0.13336118,23.334259
6301282675,0.011003221,0.07378591,-5.0108385,3.500253,-1.8466367,-0.13778113,23.334259
6301292972,0.011458664,0.0726666,-5.0109005,3.5361023,-1.8168278,-0.13645425,23.334259
6301302780,0.012193302,0.07244918,-5.0118356,3.5559928,-1.7977355,-0.13364433,23.334259
6301312750,0.011517366,0.07322629,-5.0114446,3.5336895,-1.8276356,-0.1350874,23.334259
6301322938,0.010809841,0.07320334,-5.0103254,3.5240614,-1.8457557,-0.1389975,23.334259
6301333140,0.011500549,0.07253124,-5.0111938,3.5465488,-1.8146148,-0.13886647,23.334259
6301343125,0.012278038,0.07261537,-5.0121236,3.5497067,-1.7975578,-0.13530381,23.334805
6301352971,0.011774469,0.07354903,-5.011521,3.523167,-1.8257784,-0.13622479,23.334805
6301362973,0.011299978,0.07336132,-5.0106893,3.5183556,-1.8349826,-0.13976127,23.334805
6301373076,0.011959022,0.072467566,-5.0110145,3.5434992,-1.802954,-0.13813685,23.334805
6301383089,0.012262204,0.072827496,-5.0119286,3.545067,-1.8022015,-0.13541609,23.334805
6301393205,0.011289455,0.07386045,-5.011217,3.5141947,-1.8470781,-0.13886225,23.334805
6301403184,0.010717431,0.07372252,-5.010197,3.5008893,-1.853839,-0.1419553,23.334805
6301413228,0.011813772,0.07307017,-5.011385,3.5204568,-1.809684,-0.13960871,23.334805
6301423372,0.012442593,0.07322584,-5.012009,3.5257447,-1.7992159,-0.13567767,23.334805
6301433412,0.011607134,0.07387962,-5.011148,3.504722,-1.8390023,-0.13723484,23.334805
6301443485,0.011087541,0.07366184,-5.0105224,3.5052707,-1.8465767,-0.14046802,23.334574
6301453473,0.011741214,0.072771184,-5.0111127,3.534555,-1.811198,-0.13807562,23.334574
6301463503,0.011924126,0.072994314,-5.012094,3.54174,-1.815241,-0.13518648,23.334574
6301473426,0.011011142,0.07392374,-5.0115843,3.517351,-1.8554248,-0.13739888,23.334574
6301483533,0.010882488,0.073739,-5.010445,3.508865,-1.8488679,-0.13945356,23.334574
6301493587,0.011748751,0.072974585,-5.0116158,3.5337677,-1.8060621,-0.13652843,23.334574
6301503604,0.012096774,0.07319843,-5.0122714,3.541285,-1.8099239,-0.13424313,23.334574
6301513592,0.011255964,0.07385354,-5.0113983,3.5205865,-1.8449534,-0.13600683,23.334574
6301523650,0.011141713,0.073501535,-5.0108953,3.520567,-1.8362329,-0.13865522,23.334574
6301533800,0.012142358,0.07254048,-5.011222,3.5483491,-1.7988318,-0.13613842,23.334574
6301543865,0.012254494,0.072965756,-5.0122294,3.5495586,-1.8053459,-0.13358146,23.33403
6301553823,0.011482154,0.07383756,-5.0116415,3.5135224,-1.8399695,-0.13584103,23.33403
6301563893,0.011233337,0.07366614,-5.0106993,3.5034537,-1.8364526,-0.13905574,23.33403
6301573890,0.011852973,0.072967544,-5.011664,3.5289338,-1.8073945,-0.13667431,23.33403
6301583879,0.011920179,0.07323228,-5.0120606,3.533287,-1.8174094,-0.13514109,23.33403
6301594070,0.011290996,0.07387926,-5.0112004,3.506536,-1.8473268,-0.13796878,23.33403
6301604428,0.011142394,0.073514946,-5.0106063,3.5096242,-1.8371723,-0.13858858,23.33403
6301614034,0.01188345,0.07258457,-5.0109344,3.5439239,-1.8087875,-0.13605016,23.33403
6301624090,0.011979171,0.07296298,-5.0119333,3.548367,-1.8194759,-0.13473429,23.33403
6301634096,0.011158625,0.07380171,-5.011898,3.5226474,-1.8461878,-0.13681473,23.33403
6301644254,0.011179566,0.073524125,-5.011046,3.5204082,-1.8359314,-0.13817613,23.333183
6301654160,0.011915937,0.07309545,-5.0118723,3.5450833,-1.8112794,-0.13634317,23.333183
6301664221,0.012029875,0.073607385,-5.012266,3.5401268,-1.81552,-0.1343131,23.333183
6301674375,0.011463761,0.074210905,-5.010954,3.5104995,-1.8354406,-0.13572413,23.333183
6301684319,0.011411971,0.07387186,-5.0107627,3.513955,-1.8254687,-0.13769275,23.333183
6301694450,0.012036367,0.07335472,-5.0112147,3.537785,-1.8027484,-0.13460411,23.333183
6301704433,0.012036397,0.07384013,-5.0120864,3.527184,-1.8120005,-0.13437921,23.333183
6301714423,0.011277958,0.074431136,-5.01136,3.4984918,-1.8361509,-0.13639222,23.333183
6301724588,0.011180023,0.073701285,-5.0105343,3.5074518,-1.825127,-0.13673985,23.333183
6301734583,0.011953405,0.07284485,-5.011195,3.537731,-1.7978594,-0.13331673,23.333183
6301744639,0.011997893,0.07299256,-5.0115643,3.5378368,-1.8055574,-0.13232876,23.334583
6301754675,0.011277641,0.073383555,-5.0105677,3.5208788,-1.831619,-0.13474113,23.334583
6301764599,0.011096506,0.072857305,-5.010286,3.5303628,-1.8300834,-0.1375818,23.334583
6301774701,0.011465854,0.07233877,-5.010815,3.5528867,-1.8154582,-0.13606186,23.334583
6301784747,0.011378548,0.07280383,-5.011561,3.5451672,-1.8263407,-0.13421358,23.334583
6301794763,0.010803456,0.07316781,-5.0113297,3.526285,-1.8453993,-0.13635738,23.334583
6301804806,0.01075582,0.07276982,-5.010911,3.5359976,-1.8343318,-0.13744646,23.334583
6301814898,0.011305854,0.07256695,-5.01173,3.548392,-1.8182514,-0.13542584,23.334583
6301824847,0.011222919,0.07330224,-5.011866,3.5299573,-1.831287,-0.1360543,23.334583
6301835013,0.01081984,0.07374858,-5.0113683,3.5063074,-1.845055,-0.14011575,23.334583
6301845051,0.011100283,0.07337192,-5.0113163,3.512012,-1.8276782,-0.1401879,23.333002
6301854970,0.011593301,0.07311372,-5.0116835,3.5239105,-1.8106611,-0.13681318,23.333002
6301865134,0.01145594,0.0735684,-5.012051,3.5162568,-1.8220756,-0.13641265,23.333002
6301875263,0.011313629,0.073513374,-5.0117455,3.510952,-1.8254727,-0.13840544,23.333002
6301885120,0.011851605,0.07289618,-5.011361,3.527577,-1.8064234,-0.13852674,23.333002
6301895204,0.012040391,0.072832555,-5.01181,3.5386302,-1.8045133,-0.13712169,23.333002
6301905194,0.011583622,0.07326297,-5.0113087,3.529424,-1.8303797,-0.1378359,23.333002
6301915279,0.011312737,0.07312003,-5.010836,3.5303106,-1.8338288,-0.13981293,23.333002
6301925279,0.01158468,0.07278206,-5.011204,3.5452518,-1.8180654,-0.13795899,23.333002
6301935383,0.011324639,0.07295006,-5.0111547,3.5435653,-1.8296214,-0.13626231,23.333002
6301945519,0.010677437,0.07332928,-5.011174,3.5301833,-1.8544066,-0.1385764,23.333796
6301955423,0.010814416,0.07284148,-5.0109143,3.5388074,-1.8397043,-0.13969843,23.333796
6301965438,0.011656884,0.07220837,-5.0110354,3.5559723,-1.8115115,-0.1363686,23.333796
6301975504,0.011789925,0.07287519,-5.011948,3.544214,-1.8204571,-0.13451177,23.333796
6301985509,0.0113193,0.073405005,-5.011455,3.5190609,-1.8349649,-0.13501877,23.333796
6301995671,0.011820061,0.07289454,-5.011102,3.5218637,-1.8067471,-0.13519147,23.333796
6302005585,0.012721038,0.072616786,-5.0121217,3.5318234,-1.7792302,-0.13179706,23.333796
6302015696,0.012376266,0.07342453,-5.0122967,3.5132053,-1.801484,-0.13145602,23.333796
6302025732,0.011683931,0.07381481,-5.011736,3.4936535,-1.8251334,-0.13566485,23.333796
6302035843,0.011947108,0.073238015,-5.011306,3.513372,-1.8073639,-0.13594387,23.333796
6302045859,0.012334327,0.07292711,-5.011085,3.5339925,-1.7979559,-0.13317598,23.335136
6302055854,0.011788474,0.07357446,-5.0118265,3.5183947,-1.8264357,-0.13323683,23.335136
6302065863,0.011196278,0.07385548,-5.0113873,3.5045025,-1.8397849,-0.13662459,23.335136
6302075950,0.011382033,0.07309077,-5.0110145,3.525705,-1.8210882,-0.13603166,23.335136
6302085902,0.01141084,0.07284103,-5.011728,3.5449233,-1.8217356,-0.13578816,23.335136
6302096024,0.010709804,0.07344554,-5.011504,3.532924,-1.8525853,-0.13657813,23.335136
6302106040,0.010301725,0.07349841,-5.011241,3.525773,-1.860449,-0.13923131,23.335136
6302116077,0.010872891,0.07286368,-5.011138,3.541497,-1.8392597,-0.13824183,23.335136
6302126110,0.011219454,0.072890006,-5.0110354,3.544985,-1.8307658,-0.13439123,23.335136
6302136230,0.011223237,0.07332617,-5.011749,3.5248332,-1.8347572,-0.13573533,23.335136
6302146318,0.01156251,0.073218435,-5.0118265,3.5171738,-1.8151163,-0.13644885,23.335527
6302156237,0.012279442,0.07300223,-5.0115066,3.525412,-1.794657,-0.13460214,23.335527
6302166249,0.012157626,0.073242106,-5.0117188,3.5182765,-1.8047465,-0.13435,23.335527
6302176509,0.011924659,0.07349457,-5.011291,3.5067887,-1.8153411,-0.13608153,23.335527
6302186376,0.012016931,0.07313882,-5.011335,3.5195792,-1.8032656,-0.13570654,23.335527
6302196485,0.01210579,0.072928935,-5.0114937,3.5349529,-1.8086873,-0.13356087,23.335527
6302206431,0.011486581,0.0732985,-5.010873,3.5265145,-1.8385333,-0.13431473,23.335527
6302216518,0.011006376,0.07330303,-5.011176,3.5231864,-1.8429893,-0.13741966,23.335527
6302226553,0.011396249,0.07273414,-5.011546,3.545077,-1.8243569,-0.13633835,23.335527
6302236597,0.011425612,0.072801426,-5.0113606,3.553352,-1.831153,-0.1335088,23.335527
6302246794,0.01094838,0.073191024,-5.0113473,3.5383065,-1.850129,-0.1344695,23.33472
6302256740,0.010997847,0.072873324,-5.0112896,3.5383978,-1.8380622,-0.13511002,23.33472
6302266648,0.011539348,0.07254548,-5.011997,3.5560024,-1.8202516,-0.13261642,23.33472
6302276682,0.011311914,0.07323207,-5.0121813,3.5439694,-1.8346512,-0.13128081,23.33472
6302286723,0.011203523,0.07387725,-5.011447,3.5071876,-1.844097,-0.13360004,23.33472
6302296772,0.011704419,0.07368257,-5.011898,3.5024495,-1.813895,-0.13432634,23.33472
6302306870,0.012246333,0.0732912,-5.0122023,3.5197022,-1.7904887,-0.13070966,23.33472
6302316851,0.012082237,0.073612235,-5.012001,3.5115478,-1.8064417,-0.12941273,23.33472
6302326925,0.011696423,0.0737192,-5.011609,3.4951835,-1.8158945,-0.13258572,23.33472
6302337045,0.011938298,0.07302352,-5.011653,3.5136704,-1.8007431,-0.13373993,23.33472
6302347092,0.011835151,0.07279215,-5.012154,3.5357563,-1.8061624,-0.13323905,23.334036
6302357045,0.011130995,0.07341998,-5.0119753,3.525567,-1.8346852,-0.13470098,23.334036
6302367072,0.010763904,0.07344775,-5.0108237,3.515282,-1.8396919,-0.13720302,23.334036
6302377177,0.011179599,0.07272924,-5.0113096,3.5385098,-1.8241613,-0.13683075,23.334036
6302387231,0.011145887,0.07265759,-5.011807,3.555356,-1.8295102,-0.13492939,23.334036
6302397215,0.010890794,0.07315711,-5.011302,3.5344617,-1.8443929,-0.13621132,23.334036
6302407266,0.011139064,0.073099375,-5.0111737,3.5232916,-1.8302565,-0.1381882,23.334036
6302417307,0.011812726,0.072700925,-5.0115743,3.5416346,-1.806104,-0.13599774,23.334036
6302427397,0.012112868,0.072927125,-5.012291,3.5436788,-1.8063039,-0.13328391,23.334036
6302437477,0.011880921,0.07356976,-5.0119576,3.5169337,-1.8144914,-0.13307987,23.334036
6302447555,0.012032767,0.073534444,-5.011209,3.506999,-1.8076683,-0.13357651,23.333508
6302457538,0.012266881,0.07302443,-5.0116324,3.5225368,-1.7979616,-0.13368843,23.333508
6302467550,0.012188923,0.07320027,-5.0118985,3.5257492,-1.8051603,-0.13199618,23.333508
6302477601,0.011708479,0.073505186,-5.01121,3.5097892,-1.8203076,-0.13336115,23.333508
6302487624,0.011299421,0.07320409,-5.0108795,3.5140815,-1.8274188,-0.13462323,23.333508
6302497614,0.011152975,0.07276107,-5.0108514,3.5403981,-1.8296895,-0.1344701,23.333508
6302507964,0.011022777,0.0728103,-5.0116987,3.5453162,-1.8352739,-0.13423589,23.333508
6302517684,0.010751831,0.07307768,-5.011185,3.530538,-1.8447503,-0.1351212,23.333508
6302527741,0.010543064,0.07295885,-5.0101533,3.5297568,-1.8492198,-0.13681147,23.333508
6302537803,0.010844398,0.0727342,-5.01067,3.5440226,-1.840515,-0.13662113,23.333508
6302547965,0.011155467,0.07282987,-5.0111275,3.5448444,-1.825917,-0.1346492,23.3338
6302557858,0.011319614,0.07331092,-5.010857,3.5279202,-1.8265748,-0.1339649,23.3338
6302567916,0.011190679,0.07340994,-5.01083,3.5191357,-1.8284818,-0.13578159,23.3338
6302577947,0.011574113,0.07322305,-5.0111403,3.5239618,-1.8094703,-0.13536781,23.3338
6302588018,0.012300857,0.07336624,-5.0119967,3.5198557,-1.7926102,-0.13416798,23.3338
6302598064,0.012198142,0.07368795,-5.011819,3.5069351,-1.8034831,-0.13369201,23.3338
6302608072,0.011711674,0.07362958,-5.0103793,3.505206,-1.8196859,-0.1346235,23.3338
6302618076,0.011666696,0.07336817,-5.0106587,3.51775,-1.8155094,-0.13558598,23.3338
6302628247,0.011670591,0.07340584,-5.011002,3.5241852,-1.812067,-0.13452308,23.3338
6302638224,0.011154378,0.07362062,-5.01078,3.5181792,-1.8306206,-0.13548578,23.3338
6302648398,0.010743535,0.07344489,-5.010267,3.5179162,-1.8458805,-0.13794746,23.334541
6302658300,0.0108714,0.073077,-5.0104,3.533176,-1.8350784,-0.13780758,23.334541
6302668291,0.011261942,0.072958015,-5.011088,3.543484,-1.8244902,-0.13680272,23.334541
6302678347,0.011141629,0.07318235,-5.010911,3.5412235,-1.8368896,-0.13661528,23.334541
6302688482,0.010907682,0.073167324,-5.0101213,3.5378108,-1.8422478,-0.1384716,23.334541
6302698501,0.011326205,0.07307417,-5.01082,3.538999,-1.8216019,-0.13791825,23.334541
6302708515,0.011929603,0.073304065,-5.0115767,3.5344477,-1.8065321,-0.13624656,23.334541
6302718514,0.011917561,0.073690586,-5.011429,3.5196195,-1.8140563,-0.13628851,23.334541
6302728651,0.011870354,0.073872305,-5.011664,3.5106804,-1.8168787,-0.13765085,23.334541
6302738683,0.012247035,0.073597856,-5.0119123,3.5150678,-1.8033422,-0.1357471,23.334541
6302748792,0.012401093,0.0737027,-5.0125117,3.519175,-1.8001803,-0.13417862,23.33571
6302758696,0.011964527,0.073911406,-5.0122395,3.5167243,-1.8167243,-0.13456765,23.33571
6302768735,0.011620203,0.07371905,-5.0115194,3.5189025,-1.8261715,-0.1352638,23.33571
6302778830,0.011486623,0.07340254,-5.011928,3.5314639,-1.8188634,-0.135855,23.33571
6302788807,0.011332987,0.07327079,-5.0119524,3.54279,-1.8218675,-0.13482584,23.33571
6302798928,0.010859573,0.07323413,-5.011278,3.5446434,-1.8391887,-0.13566875,23.33571
6302808847,0.010593828,0.07306106,-5.0110393,3.5477865,-1.8431317,-0.13674249,23.33571
6302819003,0.010784427,0.07279152,-5.0111966,3.5564904,-1.8321756,-0.13611893,23.33571
6302828984,0.010885681,0.07283041,-5.0117145,3.5571,-1.8322487,-0.13581239,23.33571
6302839118,0.010785954,0.07315354,-5.0113096,3.5454016,-1.8426372,-0.13852926,23.33571
6302849148,0.010966975,0.073180586,-5.0107455,3.5371907,-1.8372087,-0.13814124,23.333101
6302859096,0.011412268,0.073147975,-5.0116673,3.534107,-1.8202184,-0.13791731,23.333101
6302869207,0.011673054,0.073558435,-5.012039,3.5230622,-1.8184043,-0.13678691,23.333101
6302879174,0.011764356,0.07392079,-5.0116167,3.5030632,-1.825515,-0.13725117,23.333101
6302889260,0.011884254,0.07384018,-5.011278,3.4958515,-1.8178178,-0.13747278,23.333101
6302899322,0.012170045,0.07358506,-5.011546,3.5059311,-1.8044946,-0.13689889,23.333101
6302909375,0.012233709,0.07350389,-5.0122023,3.5125365,-1.808508,-0.13672134,23.333101
6302919334,0.011933378,0.07359572,-5.0119357,3.5094543,-1.8187077,-0.13704608,23.333101
6302929409,0.011763646,0.07326006,-5.0109487,3.511672,-1.8175284,-0.13636824,23.333101
6302939550,0.011680245,0.072966225,-5.0113907,3.524772,-1.8159083,-0.13523772,23.333101
6302949596,0.011394987,0.072883576,-5.0114546,3.5333998,-1.8244718,-0.13562123,23.334496
6302959549,0.010971306,0.07274187,-5.0106792,3.5344036,-1.8343313,-0.13603841,23.334496
6302969649,0.010883025,0.07244454,-5.0104833,3.5418053,-1.8373215,-0.13623972,23.334496
6302979648,0.01086839,0.07218434,-5.0108576,3.5540917,-1.835392,-0.13562793,23.334496
6302989713,0.010960875,0.07237038,-5.0113864,3.5543325,-1.8333112,-0.13443072,23.334496
6302999781,0.011244865,0.072679445,-5.0115447,3.5402339,-1.8309202,-0.13478118,23.334496
6303009792,0.011435868,0.07291022,-5.0111265,3.528507,-1.8266038,-0.1335857,23.334496
6303019840,0.011632984,0.07292102,-5.0118484,3.5273173,-1.8187758,-0.1348941,23.334496
6303029773,0.011997711,0.073174536,-5.0122933,3.5258622,-1.8119998,-0.13433093,23.334496
6303039948,0.012133399,0.07346171,-5.012187,3.5145092,-1.8075938,-0.13362774,23.334496
6303050101,0.012067173,0.0736593,-5.0123663,3.5041146,-1.8083137,-0.13484888,23.33491
6303059924,0.01214805,0.07362877,-5.0121503,3.50428,-1.8074815,-0.1351368,23.33491
6303069957,0.012155405,0.07366396,-5.0123844,3.508812,-1.8076466,-0.13540092,23.33491
6303079973,0.011919203,0.073540725,-5.0120153,3.512227,-1.8140258,-0.13516402,23.33491
6303090093,0.011660525,0.07335066,-5.0118194,3.5199132,-1.8225391,-0.13609321,23.33491
6303100097,0.011343067,0.07326995,-5.012237,3.5315115,-1.8278008,-0.13661014,23.33491
6303110123,0.011165313,0.073050335,-5.012023,3.540968,-1.83173,-0.13668996,23.33491
6303120161,0.011141273,0.072874315,-5.011422,3.5463247,-1.8359181,-0.1364563,23.33491
6303130232,0.01102755,0.072717816,-5.011457,3.55316,-1.8373722,-0.13581914,23.33491
6303140389,0.010958253,0.07263996,-5.011391,3.556547,-1.8407423,-0.1360439,23.33491
6303150382,0.010874422,0.07286439,-5.0115504,3.5526638,-1.8430681,-0.1357706,23.335234
6303160401,0.011151869,0.07296391,-5.0117884,3.547749,-1.8364655,-0.13558376,23.335234
6303170354,0.011447267,0.07301622,-5.0114784,3.542171,-1.8221908,-0.13422477,23.335234
6303180429,0.011763316,0.0734018,-5.012056,3.5295858,-1.8177752,-0.13414767,23.335234
6303190502,0.011806116,0.07368091,-5.0121384,3.515548,-1.8178066,-0.13470243,23.335234
6303200580,0.012134828,0.07347629,-5.011675,3.5129156,-1.8090032,-0.13335128,23.335234
6303210520,0.012248339,0.073399186,-5.0121183,3.5161638,-1.7994481,-0.13254678,23.335234
6303220607,0.011948442,0.07381548,-5.0122504,3.5088599,-1.8098294,-0.13274008,23.335234
6303230613,0.011493715,0.07396327,-5.0122495,3.4975595,-1.8227478,-0.13639878,23.335234
6303240731,0.011438641,0.073587716,-5.011947,3.5066106,-1.8177583,-0.13766436,23.335234
6303250821,0.011570282,0.07310877,-5.011573,3.5295293,-1.8128593,-0.13653399,23.334751
6303260714,0.011160269,0.0732079,-5.0119877,3.538227,-1.827172,-0.13768595,23.334751
6303270791,0.010783574,0.07320593,-5.011806,3.5363276,-1.8378944,-0.1389791,23.334751
6303280918,0.010962927,0.073013954,-5.0117717,3.5421674,-1.8286823,-0.13801345,23.334751
6303290863,0.011165597,0.07308441,-5.0120854,3.5438797,-1.824249,-0.13669282,23.334751
6303300898,0.010967207,0.0735539,-5.0120773,3.53074,-1.8362811,-0.13854004,23.334751
6303310946,0.010862914,0.07368307,-5.012083,3.5191498,-1.839753,-0.13938932,23.334751
6303321006,0.01124015,0.0733193,-5.011913,3.5236876,-1.8244772,-0.1382382,23.334751
6303331046,0.011571396,0.073247306,-5.0114384,3.5279624,-1.8147186,-0.1357824,23.334751
6303341101,0.011643622,0.07344566,-5.011788,3.5210037,-1.8175375,-0.13539797,23.334751
6303351235,0.011701264,0.07340684,-5.011685,3.5163348,-1.8132521,-0.13589624,23.334333
6303361247,0.012035124,0.073069826,-5.0114026,3.5215375,-1.8032684,-0.13414033,23.334333
6303371200,0.012203013,0.07304054,-5.011897,3.5255036,-1.8036221,-0.1336708,23.334333
6303381237,0.011852838,0.07298342,-5.0116816,3.525341,-1.813456,-0.13436489,23.334333
6303391253,0.011513349,0.07279019,-5.0118155,3.5329893,-1.8193655,-0.1354425,23.334333
6303401286,0.011546264,0.07256985,-5.011575,3.5435145,-1.8214076,-0.13476655,23.334333
6303411343,0.011448305,0.07256906,-5.011035,3.548018,-1.8242607,-0.13500267,23.334333
6303421394,0.011259766,0.07262595,-5.0113034,3.5478885,-1.830704,-0.13548954,23.334333
6303431434,0.011240226,0.07260471,-5.011361,3.5498524,-1.8348664,-0.13581228,23.334333
6303441615,0.011398734,0.07288618,-5.0114875,3.5443761,-1.8325442,-0.13518648,23.334333
6303451676,0.011517957,0.07318128,-5.0114875,3.5276718,-1.8288108,-0.1346421,23.334143
6303461725,0.01157089,0.073504955,-5.011723,3.5154197,-1.8272918,-0.13490503,23.334143
6303471597,0.011676945,0.07365991,-5.01201,3.511657,-1.8258522,-0.13573997,23.334143
6303481659,0.011738378,0.07386438,-5.011832,3.5053601,-1.8244303,-0.13549028,23.334143
6303491699,0.011752431,0.07383894,-5.0108705,3.5004945,-1.8240904,-0.13581058,23.334143
6303502025,0.011491196,0.073734745,-5.01101,3.5052774,-1.8239751,-0.1360717,23.334143
6303511748,0.011560577,0.07368409,-5.011263,3.5097287,-1.8245863,-0.13423368,23.334143
6303521772,0.011463475,0.07378659,-5.011113,3.5075467,-1.8242111,-0.13396734,23.334143
6303531826,0.011259207,0.073614664,-5.0112896,3.5135384,-1.8280246,-0.13377658,23.334143
6303541931,0.010974729,0.07312747,-5.011051,3.532053,-1.8369979,-0.1345165,23.334143
6303552034,0.010814746,0.07300532,-5.011833,3.5427222,-1.8438447,-0.13567637,23.33457
6303561950,0.010773871,0.07291964,-5.0113244,3.5426052,-1.8425431,-0.13627492,23.33457
6303571975,0.010938207,0.07263597,-5.010599,3.5450797,-1.8323352,-0.13525164,23.33457
6303582013,0.011538888,0.072536446,-5.011298,3.5513616,-1.813224,-0.13429058,23.33457
6303592099,0.012016423,0.07281002,-5.0116324,3.5456688,-1.806764,-0.13313149,23.33457
6303602200,0.011973049,0.07303612,-5.0117645,3.5327368,-1.8113183,-0.13308015,23.33457
6303612185,0.011867277,0.073098205,-5.0120096,3.526359,-1.8068972,-0.13466911,23.33457
6303622266,0.012079545,0.07296121,-5.0119424,3.529566,-1.8035147,-0.13527894,23.33457
6303632334,0.012035376,0.07294645,-5.012436,3.5342185,-1.8049142,-0.13626647,23.33457
6303642340,0.011975958,0.072768964,-5.0118394,3.5362284,-1.8014882,-0.13621916,23.33457
6303652522,0.011908242,0.07257187,-5.01078,3.5433764,-1.8046908,-0.13482267,23.33477
6303662391,0.011412514,0.0728004,-5.0118837,3.5482519,-1.8236605,-0.13484932,23.33477
6303672379,0.010838517,0.07302054,-5.0121107,3.5429313,-1.8417485,-0.13614447,23.33477
6303682486,0.010518297,0.07271463,-5.011307,3.5441382,-1.8504502,-0.13706584,23.33477
6303692504,0.010554894,0.072643094,-5.011555,3.5507205,-1.8469658,-0.13749847,23.33477
6303702631,0.010909192,0.07287176,-5.01147,3.5415494,-1.8374523,-0.13774417,23.33477
6303712708,0.01123216,0.07323072,-5.0118523,3.5307055,-1.8315011,-0.13735543,23.33477
6303722798,0.01146526,0.07331638,-5.0119376,3.5243378,-1.8233858,-0.1365407,23.33477
6303732730,0.011733547,0.07359409,-5.0114813,3.5120327,-1.8186935,-0.13469476,23.33477
6303742813,0.012000067,0.07425335,-5.0127187,3.4945128,-1.8131168,-0.13536571,23.33477
6303752896,0.012507721,0.074378885,-5.013253,3.4788404,-1.7957599,-0.13459428,23.334553
6303762888,0.013062008,0.07406366,-5.012299,3.4800353,-1.7777562,-0.13445874,23.334553
6303772854,0.013100373,0.073739685,-5.0121064,3.494425,-1.7802877,-0.13377707,23.334553
6303782900,0.012601761,0.07380168,-5.012127,3.5043368,-1.7983568,-0.1345719,23.334553
6303792905,0.012085699,0.073527224,-5.012625,3.5135815,-1.809966,-0.13607407,23.334553
6303802963,0.011791137,0.072892986,-5.0121617,3.5399098,-1.818511,-0.13506112,23.334553
6303813063,0.011476602,0.07203494,-5.0113144,3.5713544,-1.8288018,-0.13430965,23.334553
6303823036,0.011135851,0.07166859,-5.011484,3.5908394,-1.8370165,-0.13565278,23.334553
6303833111,0.010759188,0.07166146,-5.0116024,3.5954666,-1.8423146,-0.13584135,23.334553
6303843162,0.010214253,0.07182765,-5.0108314,3.5907156,-1.8605386,-0.13485776,23.334553
6303853254,0.009734669,0.07209812,-5.010785,3.587252,-1.8751702,-0.13675539,23.3355
6303863233,0.009997372,0.072520606,-5.0113106,3.5735142,-1.8621734,-0.13604301,23.3355
6303873294,0.010758233,0.07341868,-5.0121946,3.5406723,-1.8386284,-0.13544005,23.3355
6303883310,0.011441471,0.0739128,-5.0120916,3.510801,-1.819126,-0.13491294,23.3355
6303893426,0.012117864,0.07369445,-5.011333,3.504976,-1.7929393,-0.13268386,23.3355
6303903356,0.012721604,0.07404604,-5.012798,3.5007296,-1.7732345,-0.1311118,23.3355
6303913389,0.012757528,0.074859224,-5.0130854,3.4717145,-1.7812921,-0.13172996,23.3355
6303923453,0.012582659,0.07508277,-5.0123944,3.4541838,-1.7933367,-0.13281904,23.3355
6303933601,0.01268779,0.07455078,-5.012289,3.4691203,-1.7904257,-0.13370907,23.3355
6303943641,0.012598493,0.07419986,-5.0121813,3.4867024,-1.7955948,-0.13341416,23.3355
6303953741,0.011766637,0.07413551,-5.0118194,3.494949,-1.8262626,-0.13587146,23.335794
6303963666,0.01084807,0.07333396,-5.0107675,3.5216675,-1.8529028,-0.13848056,23.335794
6303973703,0.010547688,0.072048604,-5.0102787,3.5671883,-1.8514334,-0.13800408,23.335794
6303983733,0.010518365,0.07190022,-5.011451,3.5841792,-1.8562171,-0.13618563,23.335794
6303993755,0.010002674,0.0724555,-5.011538,3.5650387,-1.880345,-0.13910183,23.335794
6304003841,0.009872169,0.07206971,-5.010456,3.5627427,-1.8766103,-0.14109926,23.335794
6304013850,0.01088003,0.0714634,-5.010926,3.5883214,-1.8388432,-0.13812223,23.335794
6304023875,0.011493203,0.07201158,-5.0117226,3.5774655,-1.8241428,-0.13458338,23.335794
6304033934,0.011347425,0.07325868,-5.011843,3.5303142,-1.8339192,-0.13610548,23.335794
6304044007,0.011873484,0.073328696,-5.0119224,3.5129924,-1.8086579,-0.13801989,23.335794
6304054139,0.013393474,0.07296032,-5.0123115,3.5217667,-1.7577537,-0.1341557,23.335327
6304064095,0.013929283,0.073873855,-5.013643,3.498392,-1.7538579,-0.13233705,23.335327
6304074029,0.013152367,0.07499574,-5.0129304,3.4594872,-1.7885071,-0.13500291,23.335327
6304084072,0.012770914,0.07450501,-5.0115995,3.4646559,-1.7883675,-0.1371455,23.335327
6304094220,0.013215242,0.073798314,-5.011979,3.4983518,-1.7726254,-0.13352881,23.335327
6304104191,0.01252733,0.074208915,-5.0120482,3.4962556,-1.8093271,-0.13249716,23.335327
6304114304,0.010651392,0.07453842,-5.0112777,3.481746,-1.8671262,-0.13892742,23.335327
6304124319,0.009835156,0.073317006,-5.01043,3.5181475,-1.8749518,-0.1417214,23.335327
6304134242,0.010359125,0.071919896,-5.010254,3.5705695,-1.8547897,-0.13857338,23.335327
6304144392,0.010151708,0.07212552,-5.01089,3.577772,-1.8704197,-0.1363781,23.335327
6304154529,0.009457254,0.072638884,-5.010553,3.556564,-1.8966631,-0.13907911,23.335516
6304164589,0.009814808,0.072176866,-5.0100994,3.5591364,-1.8724754,-0.1386613,23.335516
6304174533,0.010861844,0.07175701,-5.011006,3.5699472,-1.8323805,-0.13563721,23.335516
6304184509,0.011154904,0.07255352,-5.0116744,3.5479004,-1.8343616,-0.1344746,23.335516
6304194545,0.010733008,0.07326018,-5.011382,3.518698,-1.8389349,-0.13727911,23.335516
6304204627,0.011712973,0.0727794,-5.0113873,3.5251055,-1.7966969,-0.13716416,23.335516
6304214630,0.013160459,0.07280589,-5.0117345,3.529281,-1.7567592,-0.13070852,23.335516
6304224783,0.013298769,0.07403454,-5.0130324,3.4930654,-1.7667096,-0.13128686,23.335516
6304234725,0.01291493,0.07430552,-5.013051,3.4711285,-1.7768348,-0.1339655,23.335516
6304244780,0.013299328,0.07324346,-5.012377,3.500294,-1.75658,-0.13245195,23.335516
6304254919,0.013217718,0.072732925,-5.0122676,3.5271544,-1.763715,-0.13024053,23.33459
6304264828,0.01231492,0.072934784,-5.011876,3.5277755,-1.798356,-0.1321406,23.33459
6304274850,0.011709375,0.07248822,-5.0117583,3.5420706,-1.8125352,-0.13520043,23.33459
6304284930,0.01161425,0.07172031,-5.0117245,3.5785635,-1.8121046,-0.134511,23.33459
6304294948,0.011302546,0.071869336,-5.011663,3.5845783,-1.8346217,-0.13344847,23.33459
6304304990,0.010463886,0.07289834,-5.012182,3.552776,-1.8650193,-0.13645785,23.33459
6304315038,0.010102127,0.073126554,-5.0120354,3.5368671,-1.871096,-0.14035405,23.33459
6304325126,0.010494259,0.07278708,-5.0114694,3.5463803,-1.8535625,-0.13915157,23.33459
6304335135,0.010726754,0.073414035,-5.0113697,3.5330074,-1.8545172,-0.13825817,23.33459
6304345237,0.010572163,0.07432637,-5.011264,3.4975276,-1.8597296,-0.14041333,23.33459
6304355296,0.011136003,0.07432326,-5.012246,3.4918869,-1.8305758,-0.14023682,23.334497
6304365319,0.011872336,0.07424171,-5.012682,3.499215,-1.8102273,-0.13717888,23.334497
6304375292,0.011882631,0.07475197,-5.0123,3.480392,-1.8166058,-0.1360376,23.334497
6304385291,0.011968511,0.074891165,-5.0122795,3.464597,-1.8094202,-0.1372216,23.334497
6304395353,0.012332414,0.07423304,-5.012271,3.4870594,-1.7902588,-0.13623963,23.334497
6304405373,0.012152615,0.07364573,-5.0118613,3.51309,-1.8007231,-0.13396308,23.334497
6304415525,0.011535165,0.07345924,-5.0115433,3.5237033,-1.8230207,-0.1353286,23.334497
6304425526,0.011106059,0.07285858,-5.0112004,3.5417817,-1.8316025,-0.1359328,23.334497
6304435531,0.010988926,0.07216036,-5.0115914,3.5721903,-1.832227,-0.13629763,23.334497
6304445592,0.010828152,0.07196738,-5.01159,3.5862806,-1.841308,-0.13492954,23.334497
6304455792,0.010688019,0.07202752,-5.0107613,3.5776324,-1.8464867,-0.13589777,23.33467
6304465646,0.010976381,0.07199241,-5.0110774,3.5753264,-1.8347353,-0.13649029,23.33467
6304475733,0.011368322,0.07204151,-5.0114245,3.578146,-1.8275506,-0.13440524,23.33467
6304485732,0.011412911,0.07270533,-5.011511,3.5601647,-1.8340126,-0.13455422,23.33467
6304495856,0.011551678,0.07327255,-5.0114512,3.5312374,-1.8261887,-0.13567732,23.33467
6304505806,0.012200178,0.07331171,-5.011485,3.523321,-1.801096,-0.13509761,23.33467
6304515863,0.01250697,0.07369972,-5.012011,3.518173,-1.7920367,-0.13350691,23.33467
6304525912,0.012475563,0.07419777,-5.011938,3.49769,-1.796173,-0.13376884,23.33467
6304535923,0.012477939,0.07421872,-5.0115805,3.4878557,-1.7891941,-0.13329297,23.33467
6304546130,0.012387691,0.07436152,-5.012399,3.4954827,-1.7948159,-0.13403516,23.33467
6304556183,0.011569202,0.07469782,-5.0123916,3.4950697,-1.8307201,-0.13520809,23.335186
6304566064,0.010685111,0.07469699,-5.011417,3.49213,-1.8552412,-0.13740337,23.335186
6304576320,0.010463079,0.07392692,-5.011198,3.5124762,-1.8496541,-0.13896255,23.335186
6304586163,0.01037751,0.07327412,-5.0109725,3.5400794,-1.8520293,-0.13745628,23.335186
6304596248,0.010016614,0.07325001,-5.0113673,3.547863,-1.8706901,-0.13862228,23.335186
6304606332,0.00999521,0.07300909,-5.01105,3.5499344,-1.8670547,-0.14026971,23.335186
6304616334,0.010710558,0.07232347,-5.010932,3.5652285,-1.8423923,-0.13759676,23.335186
6304626333,0.01116513,0.07251189,-5.011923,3.5708158,-1.833741,-0.13635693,23.335186
6304636399,0.011251979,0.07324506,-5.0121,3.5465577,-1.8383738,-0.13631555,23.335186
6304646447,0.011676082,0.07324785,-5.011304,3.5248346,-1.8194716,-0.13637786,23.335186
6304656619,0.012550527,0.07286925,-5.011498,3.5315416,-1.7841867,-0.134903,23.334322
6304666519,0.012940492,0.07309003,-5.012314,3.5319047,-1.7787318,-0.13300212,23.334322
6304676531,0.012756133,0.07390899,-5.012895,3.5076199,-1.7929095,-0.13285466,23.334322
6304686597,0.012578415,0.0737837,-5.012244,3.499473,-1.7914877,-0.13520786,23.334322
6304696793,0.012663345,0.073075674,-5.011607,3.5218425,-1.7874652,-0.13349697,23.334322
6304706618,0.012155415,0.0734462,-5.0126157,3.5244503,-1.8075092,-0.1332924,23.334322
6304716657,0.011395313,0.073873244,-5.0124135,3.5076506,-1.8275541,-0.13598017,23.334322
6304726688,0.011068543,0.073283635,-5.011217,3.517355,-1.8277578,-0.13495289,23.334322
6304736771,0.010700085,0.07264612,-5.01101,3.5499587,-1.8377755,-0.13480534,23.334322
6304746872,0.010102446,0.07290502,-5.011491,3.5537875,-1.8628387,-0.13625467,23.334322
6304757027,0.009797424,0.07316728,-5.0116615,3.537543,-1.8693001,-0.13707465,23.333181
6304766876,0.010124819,0.07272247,-5.0110707,3.5477936,-1.8521101,-0.13586208,23.333181
6304776929,0.010561732,0.07244552,-5.0106373,3.5619674,-1.8398331,-0.13401882,23.333181
6304787028,0.010953812,0.073446445,-5.012507,3.5348253,-1.8320522,-0.13483673,23.333181
6304796999,0.01134856,0.074359514,-5.013034,3.4907255,-1.8192685,-0.13503554,23.333181
6304807054,0.011713957,0.07418773,-5.0120883,3.4911134,-1.8067907,-0.13534935,23.333181
6304817173,0.01205809,0.07386698,-5.012057,3.5098689,-1.8017776,-0.1351148,23.333181
6304827131,0.012281822,0.07425973,-5.0124006,3.497425,-1.7973138,-0.13631485,23.333181
6304837200,0.012392352,0.07452716,-5.0129547,3.4765732,-1.7908131,-0.1373366,23.333181
6304847273,0.012366581,0.07393359,-5.012161,3.495888,-1.7904783,-0.13730651,23.333181
6304857353,0.012280926,0.07341927,-5.011837,3.522019,-1.7938483,-0.13717368,23.334719
6304867281,0.012185843,0.0736783,-5.0126963,3.515309,-1.7958318,-0.13613604,23.334719
6304877358,0.011696158,0.073809616,-5.0124354,3.5095866,-1.814452,-0.1379287,23.334719
6304887424,0.010845819,0.07316454,-5.0110564,3.5379431,-1.8471764,-0.13917814,23.334719
6304897429,0.010303821,0.07238656,-5.0106893,3.5693858,-1.8566831,-0.13992208,23.334719
6304907713,0.010451259,0.07215059,-5.0109787,3.5718734,-1.8500702,-0.13793068,23.334719
6304917533,0.010132805,0.07251147,-5.011462,3.5657961,-1.863446,-0.1381778,23.334719
6304927512,0.009761542,0.0724661,-5.0111837,3.5680432,-1.8784224,-0.13916707,23.334719
6304937598,0.010438993,0.07241879,-5.0111575,3.5652525,-1.852936,-0.1374852,23.334719
6304947656,0.011448177,0.07300976,-5.0124145,3.5421093,-1.8189746,-0.13394386,23.334719
6304957756,0.011504776,0.0736359,-5.0126147,3.519231,-1.8276504,-0.13509923,23.333597
6304967725,0.011252071,0.07382743,-5.0117993,3.5119922,-1.8371059,-0.13703251,23.333597
6304977767,0.011898563,0.073751226,-5.011882,3.508758,-1.8088561,-0.13649024,23.333597
6304987868,0.012637463,0.07387512,-5.012476,3.5011275,-1.785871,-0.13400857,23.333597
6304997880,0.012497744,0.074188076,-5.012413,3.4991455,-1.7988906,-0.13380773,23.333597
6305007903,0.012225776,0.07388091,-5.0118923,3.5096862,-1.8029022,-0.13546188,23.333597
6305017853,0.012780792,0.07339083,-5.0113444,3.517387,-1.7839885,-0.13372083,23.333597
6305027908,0.012677915,0.073293254,-5.0118356,3.5236053,-1.7890539,-0.13307108,23.333597
6305037969,0.011869074,0.07291262,-5.011382,3.5408993,-1.820497,-0.13544674,23.333597
6305048092,0.011609433,0.07207262,-5.0104165,3.565277,-1.8214507,-0.1366849,23.333597
6305058204,0.01205062,0.071603715,-5.010478,3.5800896,-1.8050692,-0.1336753,23.33323
6305068154,0.011720468,0.071736015,-5.0106826,3.5773928,-1.8220505,-0.13400565,23.33323
6305078168,0.010979707,0.07192649,-5.0110445,3.5736392,-1.8440057,-0.13713022,23.33323
6305088157,0.011061565,0.07181718,-5.0108714,3.5714185,-1.8333176,-0.13571477,23.33323
6305098250,0.011406446,0.07228434,-5.0112696,3.5587516,-1.8224111,-0.13529319,23.33323
6305108303,0.011116399,0.07342299,-5.011914,3.5295885,-1.8416413,-0.13610318,23.33323
6305118307,0.010768351,0.073996685,-5.0120926,3.504488,-1.8497094,-0.13901608,23.33323
6305128405,0.011306172,0.074012086,-5.012008,3.4971623,-1.8235866,-0.1380391,23.33323
6305138451,0.011761376,0.07419432,-5.0122437,3.4930868,-1.8076681,-0.13659672,23.33323
6305148517,0.011563598,0.07469743,-5.012064,3.4839098,-1.8268679,-0.1371931,23.33323
6305158654,0.01125537,0.07480376,-5.012217,3.4771733,-1.833838,-0.13951334,23.332935
6305168554,0.011620741,0.0744814,-5.0121393,3.4861486,-1.8158026,-0.13920845,23.332935
6305178650,0.011691855,0.0742209,-5.011726,3.4983747,-1.8171059,-0.1370931,23.332935
6305188675,0.010986978,0.07416803,-5.011654,3.5069,-1.8422999,-0.13846287,23.332935
6305198642,0.010622748,0.07351334,-5.0109196,3.5218246,-1.8462192,-0.13911198,23.332935
6305208668,0.010919345,0.0725623,-5.0104337,3.5493414,-1.8314571,-0.13746862,23.332935
6305218749,0.0109467,0.07202482,-5.010658,3.5753837,-1.8343723,-0.1359233,23.332935
6305228723,0.010618309,0.07212949,-5.0109034,3.5783277,-1.8524532,-0.13646986,23.332935
6305238918,0.010575271,0.07224942,-5.011071,3.5701256,-1.8524086,-0.1369129,23.332935
6305248860,0.01086004,0.07201008,-5.0111156,3.571244,-1.838025,-0.13711531,23.332935
6305258953,0.011324669,0.07199485,-5.011273,3.5749385,-1.8265136,-0.13521478,23.332405
6305269079,0.011583034,0.072484255,-5.0120215,3.5566194,-1.8228786,-0.13497013,23.332405
6305279049,0.011791478,0.07285777,-5.0117526,3.5362072,-1.8185817,-0.13605455,23.332405
6305288974,0.012152387,0.07267231,-5.0112376,3.5376444,-1.8046905,-0.13616988,23.332405
6305299067,0.01248493,0.072738074,-5.011927,3.5423384,-1.7958913,-0.13496959,23.332405
6305309074,0.012400359,0.073461905,-5.0122547,3.5199707,-1.8000002,-0.13482548,23.332405
6305319113,0.012195708,0.07396169,-5.012245,3.4927275,-1.8084981,-0.13704559,23.332405
6305329157,0.012331747,0.073625855,-5.0118337,3.5006878,-1.7970942,-0.13739091,23.332405
6305339202,0.012659818,0.073089585,-5.011799,3.5209024,-1.783001,-0.1352866,23.332405
6305349288,0.012262438,0.07335596,-5.012346,3.5205927,-1.7965673,-0.1339265,23.332405
6305359393,0.011200246,0.07359581,-5.0115247,3.5123093,-1.832894,-0.1369521,23.333368
6305369349,0.010525153,0.07295012,-5.010932,3.5340252,-1.8451351,-0.13872512,23.333368
6305379422,0.010897617,0.07221444,-5.0115547,3.5584729,-1.8288707,-0.13647367,23.333368
6305389565,0.011011615,0.07258173,-5.0119863,3.550944,-1.8317822,-0.13575795,23.333368
6305399539,0.010567752,0.07297879,-5.011672,3.5338535,-1.8454363,-0.13816483,23.333368
6305409541,0.010895999,0.07243604,-5.011573,3.5422964,-1.8268548,-0.1382648,23.333368
6305419527,0.011452793,0.072328545,-5.0115814,3.551209,-1.8042167,-0.13485211,23.333368
6305429646,0.011074907,0.07297882,-5.0117583,3.530962,-1.8250022,-0.13494268,23.333368
6305439709,0.010495504,0.07340949,-5.011248,3.511114,-1.8450305,-0.1384288,23.333368
6305449860,0.011113931,0.07333801,-5.0112443,3.5072927,-1.819926,-0.13863476,23.333368
6305459822,0.012042714,0.07359464,-5.012215,3.5006728,-1.7928705,-0.13519946,23.333025
6305469799,0.011953378,0.074247204,-5.0116134,3.4851649,-1.8035083,-0.13521543,23.333025
6305479798,0.01145339,0.07421769,-5.011288,3.489172,-1.8156335,-0.13668947,23.333025
6305489873,0.011606534,0.07369013,-5.0113487,3.5097818,-1.8017967,-0.1355611,23.333025
6305499865,0.011602617,0.07384598,-5.011789,3.5118601,-1.815351,-0.13376966,23.333025
6305510106,0.010464569,0.07445871,-5.0120425,3.4990113,-1.860918,-0.13744052,23.333025
6305520037,0.010134148,0.07367649,-5.01108,3.5170147,-1.8592902,-0.1396206,23.333025
6305530050,0.011295108,0.072642446,-5.0110674,3.5534897,-1.8175921,-0.1348599,23.333025
6305540085,0.011341118,0.073127456,-5.011868,3.5507183,-1.8302083,-0.13162401,23.333025
6305550161,0.010039064,0.073710576,-5.0113616,3.5324934,-1.8766376,-0.13568881,23.333025
6305560260,0.009846922,0.07269955,-5.0107894,3.5539904,-1.863387,-0.13803203,23.333464
6305570154,0.01097295,0.07204713,-5.0115027,3.5785186,-1.8276962,-0.13372079,23.333464
6305580242,0.01101408,0.07323798,-5.0116405,3.544677,-1.8438691,-0.13383755,23.333464
6305590225,0.010592133,0.07408055,-5.011366,3.5035744,-1.8575804,-0.13895503,23.333464
6305600298,0.011632388,0.073001474,-5.0110164,3.519327,-1.8051268,-0.1382206,23.333464
6305610303,0.013193172,0.072311714,-5.0113435,3.549308,-1.7570585,-0.13232572,23.333464
6305620364,0.013191592,0.07329647,-5.0123973,3.5270972,-1.7745277,-0.13198712,23.333464
6305630392,0.012379986,0.07379322,-5.011923,3.499803,-1.799515,-0.13729435,23.333464
6305640445,0.012763515,0.07285918,-5.012074,3.5293918,-1.7743995,-0.13786088,23.333464
6305650561,0.013445,0.07245897,-5.012366,3.5556002,-1.7600386,-0.1342762,23.333464
6305660601,0.012703193,0.073337555,-5.011975,3.530339,-1.7979558,-0.1350383,23.33222
6305670641,0.011749868,0.073528945,-5.0119133,3.5150893,-1.8214314,-0.13910878,23.33222
6305680620,0.011948112,0.07245356,-5.0121884,3.5478833,-1.8016629,-0.13800979,23.33222
6305690676,0.011971803,0.07244523,-5.0123506,3.5626738,-1.8118757,-0.13445812,23.33222
6305700711,0.010919123,0.07352505,-5.0120974,3.529761,-1.8541721,-0.13717717,23.33222
6305710738,0.010490042,0.07335178,-5.0110984,3.5216887,-1.859645,-0.14046237,23.33222
6305720813,0.010999858,0.072493464,-5.011341,3.555377,-1.839312,-0.13809395,23.33222
6305730792,0.01104112,0.07315571,-5.011582,3.549415,-1.8494076,-0.13585438,23.33222
6305740843,0.010535604,0.07420139,-5.01078,3.497338,-1.8698653,-0.13781387,23.33222
6305750976,0.010744402,0.0740553,-5.010867,3.4853735,-1.8499907,-0.13810992,23.33222
6305761109,0.011535592,0.07371262,-5.0114965,3.5075703,-1.8251338,-0.1347157,23.332125
6305770985,0.011499322,0.0743647,-5.0114193,3.4903378,-1.8355515,-0.13488905,23.332125
6305782246,0.011191282,0.074818134,-5.0108156,3.4621816,-1.8431613,-0.13724272,23.332125
6305791127,0.011704472,0.07383598,-5.0105557,3.4862528,-1.8172786,-0.13674946,23.332125
6305801164,0.012270385,0.07323258,-5.0116115,3.5248554,-1.7985168,-0.132686,23.332125
6305811244,0.011970128,0.074012086,-5.0119195,3.51077,-1.8191868,-0.13257779,23.332125
6305821165,0.011205737,0.07434807,-5.0107856,3.488077,-1.8382256,-0.13548508,23.332125
6305831233,0.011136504,0.07321804,-5.010664,3.5221686,-1.8237176,-0.13652934,23.332125
6305841273,0.011518878,0.07216039,-5.0110345,3.5703137,-1.810784,-0.13440436,23.332125
6305851402,0.011339136,0.072316065,-5.0108166,3.572227,-1.8237275,-0.1340073,23.332125
6305861511,0.010943199,0.07224311,-5.010151,3.5632432,-1.8317841,-0.13543378,23.33252
6305871436,0.01121337,0.0714507,-5.009828,3.591476,-1.8190129,-0.13508838,23.33252
6305881494,0.011449857,0.071583524,-5.0109286,3.6012118,-1.8174982,-0.1331323,23.33252
6305891432,0.01107797,0.07269514,-5.0107164,3.561766,-1.8363025,-0.13473825,23.33252
6305901632,0.010836115,0.0729546,-5.0095387,3.5386062,-1.8461769,-0.13783796,23.33252
6305911534,0.011166493,0.072461784,-5.010319,3.5541565,-1.8269438,-0.13827948,23.33252
6305921582,0.011744995,0.07276593,-5.0107403,3.5486681,-1.8068794,-0.13450982,23.33252
6305931607,0.012018131,0.073839635,-5.011185,3.5066395,-1.8109888,-0.1334159,23.33252
6305941678,0.011756904,0.074199565,-5.0109873,3.4856582,-1.8187706,-0.13478917,23.33252
6305951717,0.011991779,0.073552504,-5.011062,3.5052238,-1.806154,-0.13526832,23.33252
6305961873,0.012434589,0.073596,-5.0117116,3.5156603,-1.7961075,-0.13323046,23.331692
6305971769,0.012096624,0.074390896,-5.0115542,3.4900873,-1.8155938,-0.13351141,23.331692
6305981862,0.011558889,0.07407566,-5.0105915,3.4872105,-1.8263224,-0.13550511,23.331692
6305992002,0.012098253,0.07283433,-5.011061,3.5276928,-1.7949256,-0.13413614,23.331692
6306001991,0.01261279,0.07259009,-5.0117536,3.549095,-1.7832087,-0.12955686,23.331692
6306011959,0.011735543,0.073211096,-5.01102,3.526492,-1.8243859,-0.13010083,23.331692
6306022088,0.010904276,0.0730165,-5.01073,3.5292683,-1.8491793,-0.13542064,23.331692
6306032044,0.01107438,0.072133824,-5.0108247,3.564837,-1.831126,-0.13445751,23.331692
6306042152,0.011217523,0.07238985,-5.01138,3.5645413,-1.8337492,-0.13337809,23.331692
6306052129,0.010396384,0.07340531,-5.010457,3.5297916,-1.8686273,-0.13548899,23.331692
6306062224,0.010033784,0.07335552,-5.0101423,3.5202117,-1.8706003,-0.1385039,23.331638
6306072188,0.011113071,0.072517395,-5.011492,3.5445197,-1.8222955,-0.13686247,23.331638
6306082226,0.01211354,0.07249536,-5.011609,3.549562,-1.8011303,-0.13304436,23.331638
6306092262,0.011631547,0.07349756,-5.010961,3.5204756,-1.8363955,-0.13423699,23.331638
6306102603,0.011268491,0.073784955,-5.010659,3.497695,-1.8396268,-0.13776034,23.331638
6306112418,0.012307281,0.07339562,-5.011263,3.5098293,-1.7954358,-0.1351877,23.331638
6306122424,0.012559351,0.07385838,-5.0119615,3.5088992,-1.8015753,-0.13170977,23.331638
6306132438,0.011359152,0.07445391,-5.010916,3.4881277,-1.8476238,-0.13518374,23.331638
6306142517,0.011327411,0.07383343,-5.010011,3.4980602,-1.8344717,-0.13671328,23.331638
6306152724,0.012440644,0.07305243,-5.011419,3.5270214,-1.7931378,-0.13314088,23.331638
6306162700,0.012294599,0.073387906,-5.0113463,3.525674,-1.8156937,-0.13128921,23.3327
6306172613,0.011007112,0.07391029,-5.0102043,3.5120025,-1.8633026,-0.13490038,23.3327
6306182634,0.010733073,0.07345162,-5.0105085,3.5212767,-1.8540083,-0.13697335,23.3327
6306192732,0.011374102,0.07286395,-5.0112343,3.5391412,-1.8260845,-0.13366354,23.3327
6306202695,0.011298073,0.07289716,-5.0111947,3.5422812,-1.8397851,-0.13376868,23.3327
6306212779,0.010882978,0.07279172,-5.010259,3.5432312,-1.8550674,-0.13658704,23.3327
6306222829,0.011505632,0.07205363,-5.009894,3.555065,-1.8214574,-0.13488412,23.3327
6306232797,0.012374303,0.07187857,-5.0111356,3.564936,-1.7924664,-0.13228492,23.3327
6306242902,0.012024197,0.07255399,-5.0115337,3.5534303,-1.8124518,-0.13238542,23.3327
6306252986,0.011550041,0.07306819,-5.011011,3.5282998,-1.8268977,-0.13470513,23.3327
6306263121,0.012132653,0.072943516,-5.0113254,3.5205872,-1.7936425,-0.13467352,23.332506
6306273059,0.012771917,0.07286987,-5.0115504,3.5252602,-1.7753574,-0.13095245,23.332506
6306283032,0.012325785,0.07329855,-5.011485,3.5220604,-1.8026592,-0.1325707,23.332506
6306293128,0.011721542,0.07336813,-5.011047,3.518174,-1.816467,-0.13464244,23.332506
6306303047,0.01191548,0.07307624,-5.011144,3.5267627,-1.805706,-0.13435853,23.332506
6306313295,0.011726677,0.07319715,-5.0120554,3.5304375,-1.8174121,-0.13299257,23.332506
6306323252,0.01103693,0.07343796,-5.01188,3.523851,-1.8419081,-0.13608852,23.332506
6306333274,0.010941582,0.07333993,-5.0113206,3.5177386,-1.8368784,-0.13759635,23.332506
6306343392,0.011214487,0.0732438,-5.011463,3.5209532,-1.8274213,-0.13660556,23.332506
6306353328,0.010645179,0.0733769,-5.011251,3.5280898,-1.8479708,-0.13722882,23.332506
6306363543,0.009987807,0.07346343,-5.0112615,3.5323608,-1.8690858,-0.14004092,23.331984
6306373636,0.010205493,0.07333928,-5.0114574,3.529496,-1.8566911,-0.13966823,23.331984
6306383381,0.010642027,0.07349274,-5.0114417,3.5229018,-1.841309,-0.13753013,23.331984
6306393540,0.010652981,0.07377759,-5.01173,3.5167723,-1.8446953,-0.13740799,23.331984
6306403601,0.010883929,0.07363091,-5.01156,3.5159268,-1.833761,-0.1372464,23.331984
6306413611,0.011575427,0.073378794,-5.0113864,3.518642,-1.8093438,-0.13515428,23.331984
6306423622,0.011729773,0.07352776,-5.01167,3.5194006,-1.8119347,-0.13384733,23.331984
6306433687,0.011397948,0.0736138,-5.0114813,3.5195758,-1.8294004,-0.13547748,23.331984
6306443699,0.011801103,0.073233426,-5.01178,3.5269415,-1.8139268,-0.13571116,23.331984
6306453797,0.012750338,0.072734006,-5.011978,3.5368907,-1.7842116,-0.13206813,23.331984
6306463914,0.012849153,0.072807506,-5.011455,3.536854,-1.7902812,-0.13129696,23.33168
6306473871,0.012362356,0.073056504,-5.0114694,3.5347648,-1.8091779,-0.13454328,23.33168
6306483897,0.012375867,0.07273752,-5.011426,3.5411425,-1.8035345,-0.13530256,23.33168
6306493899,0.012337028,0.07273705,-5.0115366,3.544104,-1.8047671,-0.13435097,23.33168
6306503904,0.011502611,0.073311456,-5.0114565,3.5331373,-1.83917,-0.136006,23.33168
6306513934,0.01087539,0.073210284,-5.0109477,3.5289166,-1.855316,-0.13966967,23.33168
6306524065,0.01128328,0.07270295,-5.011252,3.541951,-1.8317267,-0.13961136,23.33168
6306534414,0.011593485,0.07276062,-5.011508,3.5431147,-1.825429,-0.1367968,23.33168
6306544055,0.010890304,0.07340355,-5.01104,3.5203369,-1.8500406,-0.1381783,23.33168
6306554200,0.010765523,0.073798954,-5.011405,3.5053232,-1.8506829,-0.14176624,23.33168
6306564255,0.011405562,0.07342669,-5.0119524,3.5132504,-1.8201122,-0.13887306,23.330772
6306574250,0.011618021,0.07346644,-5.011844,3.5149739,-1.8208846,-0.13613774,23.330772
6306584277,0.010976256,0.073973626,-5.0115643,3.5005364,-1.8466022,-0.1386246,23.330772
6306594299,0.011051207,0.07356994,-5.0112505,3.5030565,-1.8354443,-0.13881278,23.330772
6306604359,0.011716232,0.07304593,-5.011935,3.5230591,-1.8057784,-0.13697368,23.330772
6306614427,0.011563024,0.07354371,-5.012012,3.5214493,-1.818048,-0.13538119,23.330772
6306624551,0.01098283,0.07387417,-5.011149,3.5018654,-1.8409007,-0.13675411,23.330772
6306634503,0.011182243,0.07344005,-5.0114856,3.514179,-1.8193835,-0.13774672,23.330772
6306644544,0.012026216,0.07269805,-5.0116887,3.5464604,-1.7964379,-0.13372605,23.330772
6306654604,0.0116619,0.07262076,-5.0111833,3.552533,-1.8176911,-0.13214476,23.330772
6306664691,0.011051135,0.07270979,-5.010596,3.5424824,-1.8358734,-0.13479719,23.332586
6306674733,0.011341707,0.07218388,-5.010834,3.553707,-1.8129804,-0.13451797,23.332586
6306684648,0.011748598,0.07206866,-5.0119224,3.569101,-1.8052269,-0.13234857,23.332586
6306694689,0.011123136,0.07279641,-5.0117755,3.5514734,-1.8363304,-0.13426156,23.332586
6306704723,0.010693496,0.07294459,-5.0105934,3.5314333,-1.8448935,-0.13635683,23.332586
6306714841,0.01142327,0.07245065,-5.011346,3.542114,-1.8142611,-0.13535006,23.332586
6306724827,0.011867576,0.07267336,-5.0120482,3.5476215,-1.8065536,-0.13310046,23.332586
6306734922,0.011301259,0.07344057,-5.0114694,3.5171263,-1.8348197,-0.13445507,23.332586
6306744915,0.010735309,0.073727414,-5.0108914,3.4951313,-1.8410274,-0.13828813,23.332586
6306755023,0.011198624,0.07331281,-5.011221,3.510726,-1.8208756,-0.1381408,23.332586
6306765197,0.011307702,0.073453866,-5.0121107,3.516935,-1.8216171,-0.13623323,23.331154
6306775041,0.010898783,0.07411081,-5.011772,3.4958696,-1.8433149,-0.13731366,23.331154
6306785111,0.010862279,0.07379022,-5.0105124,3.4910297,-1.8347071,-0.1381565,23.331154
6306795233,0.011510202,0.07292447,-5.011136,3.5188246,-1.8056055,-0.1358157,23.331154
6306805173,0.011826819,0.07283522,-5.0117383,3.5335722,-1.8069711,-0.1338109,23.331154
6306815262,0.011153942,0.073363625,-5.0111375,3.5194087,-1.833596,-0.13543122,23.331154
6306825254,0.010704109,0.073219255,-5.01095,3.5203414,-1.8409842,-0.13718958,23.331154
6306835247,0.01098296,0.07268176,-5.0112305,3.5433555,-1.824567,-0.13540997,23.331154
6306845352,0.011386191,0.072923034,-5.0122285,3.545645,-1.8200136,-0.13327299,23.331154
6306855395,0.011213829,0.0733898,-5.0118017,3.5251,-1.8298439,-0.13329257,23.331154
6306865520,0.011333284,0.07305162,-5.0106363,3.5260699,-1.8268588,-0.13494484,23.330793
6306875445,0.011718439,0.072437026,-5.0111356,3.5494065,-1.810907,-0.1335392,23.330793
6306885577,0.011856581,0.072553836,-5.0115094,3.5539746,-1.8103772,-0.13246572,23.330793
6306895527,0.011506636,0.07301767,-5.011023,3.534601,-1.8241913,-0.13315311,23.330793
6306905693,0.011274844,0.07316863,-5.010736,3.530306,-1.8269315,-0.13468713,23.330793
6306915637,0.011520839,0.07285461,-5.010902,3.5392444,-1.8148751,-0.13371205,23.330793
6306925643,0.011603834,0.07292778,-5.0115714,3.5349374,-1.8110477,-0.13409881,23.330793
6306935834,0.011439158,0.0733185,-5.0114007,3.5217175,-1.824562,-0.13516118,23.330793
6306945753,0.01108602,0.07322183,-5.0103035,3.5202873,-1.8351617,-0.13568148,23.330793
6306955904,0.011055877,0.07311445,-5.0106997,3.527957,-1.8293865,-0.13619398,23.330793
6306965905,0.011214321,0.0734007,-5.0113554,3.5249257,-1.8237406,-0.13443236,23.332575
6306975873,0.011015547,0.07373155,-5.011271,3.51328,-1.8323615,-0.13532624,23.332575
6306985841,0.010746585,0.0736471,-5.0111766,3.5132802,-1.8416429,-0.13602452,23.332575
6306996055,0.010842751,0.07343746,-5.011122,3.5248764,-1.8362782,-0.1367997,23.332575
6307006046,0.011236223,0.07342901,-5.0120063,3.5252466,-1.8269036,-0.13587496,23.332575
6307016090,0.011384624,0.07356979,-5.011823,3.518641,-1.82613,-0.13600679,23.332575
6307026089,0.011600717,0.07357699,-5.011031,3.5194757,-1.8276503,-0.13590308,23.332575
6307036109,0.011682669,0.073350005,-5.011471,3.5277562,-1.8165853,-0.1363091,23.332575
6307046210,0.012004176,0.07317299,-5.0119805,3.5341094,-1.8049028,-0.13532831,23.332575
6307056208,0.012004757,0.07318282,-5.012151,3.5341177,-1.810735,-0.13448259,23.332575
6307066436,0.011735506,0.07338704,-5.012365,3.5309079,-1.8255126,-0.13692202,23.331898
6307076431,0.011511704,0.07330129,-5.0118794,3.5311573,-1.8258779,-0.1375323,23.331898
6307086342,0.011666793,0.0732167,-5.012325,3.5366054,-1.8181472,-0.13747312,23.331898
6307096349,0.011738982,0.07327873,-5.0123553,3.537208,-1.8217717,-0.13618766,23.331898
6307106382,0.011343826,0.073297195,-5.01153,3.532768,-1.8332591,-0.13706003,23.331898
6307116449,0.011209715,0.07325802,-5.011886,3.534524,-1.831925,-0.13648698,23.331898
6307126591,0.011456274,0.07304107,-5.0118537,3.5381515,-1.8210912,-0.13545443,23.331898
6307136727,0.011593669,0.07315558,-5.011447,3.531722,-1.8223714,-0.13444594,23.331898
6307146571,0.011252759,0.0734413,-5.0113244,3.5183568,-1.8341782,-0.1364974,23.331898
6307156638,0.011023359,0.07351905,-5.011224,3.5164192,-1.8330016,-0.13752769,23.331898
6307166783,0.011016474,0.07329624,-5.0116653,3.5233042,-1.8247015,-0.13625275,23.331457
6307176737,0.011116313,0.07355331,-5.0116096,3.5186317,-1.831093,-0.13525876,23.331457
6307186725,0.010885342,0.07391403,-5.0108857,3.501616,-1.84164,-0.13723236,23.331457
6307196816,0.01084085,0.073917165,-5.0112705,3.4978137,-1.8358221,-0.13785766,23.331457
6307206773,0.01107886,0.07359357,-5.0114384,3.5086741,-1.8253012,-0.13664603,23.331457
6307216817,0.01098853,0.073542014,-5.011047,3.5128808,-1.832738,-0.13686575,23.331457
6307226885,0.01063924,0.073483154,-5.0110984,3.5179293,-1.8413674,-0.13760526,23.331457
6307236900,0.010885797,0.07308792,-5.0114446,3.5336313,-1.8323077,-0.13685645,23.331457
6307246986,0.011362298,0.072980605,-5.0126495,3.5417502,-1.8200473,-0.13517548,23.331457
6307257060,0.011365021,0.07318515,-5.0122557,3.530585,-1.8283645,-0.13422611,23.331457
6307267127,0.011150851,0.073058024,-5.011155,3.5292115,-1.8342716,-0.13498457,23.332119
6307277102,0.011495047,0.07235792,-5.011709,3.549702,-1.8158001,-0.13486686,23.332119
6307287095,0.011904479,0.07225146,-5.012128,3.5615368,-1.8062626,-0.13227917,23.332119
6307297185,0.01153443,0.07270185,-5.01161,3.5444336,-1.8274952,-0.13299993,23.332119
6307307286,0.011105112,0.07294955,-5.0113444,3.5314527,-1.8379966,-0.1348265,23.332119
6307317237,0.011473778,0.07265426,-5.0115924,3.5374713,-1.8175466,-0.1336767,23.332119
6307327291,0.011881981,0.07297301,-5.0125794,3.5329726,-1.8072518,-0.1321018,23.332119
6307337351,0.01155672,0.07355495,-5.012168,3.5090687,-1.8232769,-0.13306779,23.332119
6307347354,0.01119472,0.07342261,-5.011011,3.5086255,-1.8302221,-0.1336209,23.332119
6307357541,0.011477516,0.07290595,-5.011498,3.5287278,-1.8147875,-0.13286969,23.332119
6307367602,0.011773931,0.073135756,-5.0118494,3.526712,-1.8140563,-0.13064708,23.33237
6307377530,0.011215624,0.073729984,-5.0110884,3.5068815,-1.8358444,-0.13195084,23.33237
6307387535,0.010882895,0.07346348,-5.0107627,3.5037372,-1.8388481,-0.13435821,23.33237
6307397661,0.011514322,0.07295352,-5.0113454,3.525152,-1.8158363,-0.13306206,23.33237
6307407622,0.011944653,0.072677,-5.011875,3.5344248,-1.8059647,-0.13166155,23.33237
6307417689,0.011713723,0.07298622,-5.0114098,3.5286818,-1.8238606,-0.13288029,23.33237
6307427813,0.01130023,0.07299215,-5.0104647,3.5254226,-1.837932,-0.13422601,23.33237
6307437794,0.011385163,0.07270641,-5.011064,3.5322757,-1.8280151,-0.13411254,23.33237
6307447801,0.011524113,0.072664216,-5.011011,3.5352795,-1.8208859,-0.13380031,23.33237
6307457979,0.011510222,0.07274928,-5.010357,3.5319722,-1.8297982,-0.1345701,23.33237
6307467961,0.011562507,0.07272373,-5.0104737,3.5296261,-1.8221592,-0.13571341,23.33318
6307477904,0.012086269,0.072702125,-5.011323,3.530468,-1.8025011,-0.13503833,23.33318
6307487911,0.012065491,0.07303195,-5.0120354,3.531314,-1.8082557,-0.13379058,23.33318
6307497982,0.011501494,0.07316881,-5.0114427,3.5283237,-1.8240923,-0.1359854,23.33318
6307508011,0.011479277,0.07328099,-5.011203,3.5262358,-1.8220155,-0.13533609,23.33318
6307518051,0.011587546,0.07348718,-5.0121303,3.519343,-1.8181137,-0.13487142,23.33318
6307528113,0.0114649,0.07370352,-5.0121827,3.5146186,-1.828508,-0.13563302,23.33318
6307538153,0.011123605,0.07374362,-5.0114756,3.516238,-1.839809,-0.13600808,23.33318
6307548232,0.011095386,0.0737861,-5.0116363,3.517147,-1.8405012,-0.13531908,23.33318
6307558267,0.011040758,0.07374565,-5.0122185,3.5173264,-1.8377653,-0.13598935,23.33318
6307568334,0.010873836,0.073674716,-5.012538,3.5254855,-1.8446678,-0.13573536,23.331844
6307578314,0.010600336,0.07368081,-5.011947,3.5297744,-1.8572282,-0.13551968,23.331844
6307588377,0.010578712,0.07355524,-5.0114512,3.527107,-1.8527254,-0.13537979,23.331844
6307598395,0.0109171,0.07354172,-5.0122085,3.525913,-1.8392804,-0.13509798,23.331844
6307608421,0.010966966,0.073645,-5.0121922,3.525284,-1.84009,-0.13561694,23.331844
6307618517,0.011057302,0.073715605,-5.0116234,3.5239775,-1.8399055,-0.13642561,23.331844
6307628508,0.011413002,0.073412046,-5.0115213,3.5258927,-1.8195873,-0.13464256,23.331844
6307638584,0.011951829,0.07315033,-5.011756,3.5326276,-1.8048006,-0.1337362,23.331844
6307648601,0.011916501,0.07336326,-5.0124393,3.530034,-1.8108909,-0.13387117,23.331844
6307658813,0.011727248,0.07370648,-5.0121226,3.5192018,-1.8170453,-0.13446978,23.331844
6307668753,0.011838219,0.07350354,-5.011749,3.5127897,-1.8138046,-0.13361791,23.332918
6307678874,0.012056658,0.07331977,-5.012441,3.5173268,-1.8066326,-0.13318664,23.332918
6307688779,0.012196654,0.07301329,-5.011926,3.526212,-1.8056675,-0.13302654,23.332918
6307698925,0.011918511,0.07263532,-5.0110164,3.5380113,-1.8131083,-0.13234733,23.332918
6307708833,0.011622354,0.07235883,-5.0110235,3.5487854,-1.823811,-0.13237377,23.332918
6307718878,0.011281194,0.07224167,-5.011254,3.555404,-1.830045,-0.13268162,23.332918
6307728918,0.011109222,0.07249911,-5.0119114,3.553955,-1.837585,-0.13375337,23.332918
6307738980,0.0108815,0.0728425,-5.0118384,3.5442154,-1.8439701,-0.13481888,23.332918
6307749041,0.010996698,0.07294215,-5.011372,3.5343275,-1.8413222,-0.1349043,23.332918
6307759126,0.011114357,0.07319827,-5.0117397,3.5276692,-1.8403412,-0.13556331,23.332918
6307769260,0.010830404,0.07337216,-5.0112214,3.522464,-1.8468454,-0.13735852,23.332016
6307779210,0.010757986,0.07330753,-5.010458,3.525415,-1.8467246,-0.13810335,23.332016
6307789149,0.01112029,0.07339218,-5.0109878,3.524281,-1.8348482,-0.13812825,23.332016
6307799261,0.011533953,0.073829204,-5.0115447,3.507453,-1.830425,-0.13794519,23.332016
6307809270,0.011728233,0.07422745,-5.0119796,3.492475,-1.8264966,-0.13914196,23.332016
6307819309,0.012249408,0.07388368,-5.012019,3.495882,-1.8091606,-0.13770472,23.332016
6307829335,0.01271145,0.0735304,-5.0118046,3.5084164,-1.79498,-0.13579533,23.332016
6307839372,0.012405217,0.073409736,-5.011872,3.5172503,-1.8082117,-0.13561893,23.332016
6307849421,0.011965933,0.07288541,-5.0111356,3.530869,-1.8198605,-0.13745953,23.332016
6307859491,0.012195126,0.07199963,-5.0109344,3.5549934,-1.8068869,-0.13539879,23.332016
6307869678,0.012480818,0.07183684,-5.011636,3.5704207,-1.7994913,-0.1336919,23.33365
6307879525,0.012062753,0.07219576,-5.0115747,3.5636003,-1.8189942,-0.13354932,23.33365
6307889609,0.011491367,0.07249899,-5.0118756,3.5589623,-1.835958,-0.1354279,23.33365
6307899598,0.011507048,0.07245747,-5.0121555,3.5602605,-1.8264979,-0.1343711,23.33365
6307909654,0.011534489,0.07275251,-5.0120726,3.5496237,-1.8243141,-0.13301279,23.33365
6307919735,0.011001056,0.073481515,-5.012022,3.5284069,-1.8454194,-0.13574895,23.33365
6307929760,0.010857522,0.07335309,-5.011207,3.520559,-1.8435405,-0.13772775,23.33365
6307939761,0.011743829,0.07290401,-5.011298,3.5295205,-1.8080673,-0.13431554,23.33365
6307949845,0.012086341,0.073574044,-5.0126705,3.5191586,-1.8057786,-0.1325294,23.33365
6307959931,0.011445241,0.07456604,-5.0126595,3.4864318,-1.8342456,-0.13517188,23.33365
6307970090,0.01141763,0.07449692,-5.012445,3.4806128,-1.8236225,-0.1378981,23.332245
6307979962,0.012043401,0.07393691,-5.0127516,3.5004122,-1.8001333,-0.13567218,23.332245
6307990038,0.011554734,0.07434449,-5.0125732,3.491234,-1.8271297,-0.13480386,23.332245
6308000049,0.010492724,0.07463193,-5.011888,3.4791553,-1.8637503,-0.14036101,23.332245
6308010028,0.010608997,0.07345671,-5.010886,3.5159552,-1.8491685,-0.14132987,23.332245
6308020060,0.011310557,0.07236928,-5.010852,3.5618043,-1.8233095,-0.13737388,23.332245
6308030233,0.011194524,0.07284989,-5.0118275,3.5565956,-1.8411461,-0.13671356,23.332245
6308040186,0.010472215,0.073365346,-5.0113783,3.5301542,-1.8640662,-0.14126958,23.332245
6308050227,0.0107238,0.072553694,-5.011332,3.547719,-1.8428575,-0.14187038,23.332245
6308060312,0.011387133,0.07197004,-5.0113096,3.5791943,-1.8206983,-0.13783388,23.332245
6308070413,0.011154769,0.072673015,-5.01102,3.5595844,-1.8415006,-0.13666867,23.332415
6308080389,0.010964764,0.0733253,-5.0110836,3.5195389,-1.845678,-0.13980769,23.332415
6308090396,0.012192368,0.07255394,-5.010902,3.5338807,-1.79374,-0.1384456,23.332415
6308100546,0.013484721,0.07229951,-5.0115805,3.553387,-1.7589471,-0.13201681,23.332415
6308110523,0.013116963,0.0734459,-5.0123825,3.5181236,-1.7849346,-0.1318439,23.332415
6308120575,0.012344668,0.07398356,-5.0118146,3.4843638,-1.8035809,-0.13520889,23.332415
6308130571,0.012390696,0.07337048,-5.0122313,3.5077567,-1.7874955,-0.1347639,23.332415
6308140685,0.012475236,0.073424906,-5.0125575,3.5268471,-1.7943494,-0.13106874,23.332415
6308150653,0.01141484,0.07432921,-5.0114884,3.4989178,-1.8371316,-0.133634,23.332415
6308160711,0.010523191,0.074240245,-5.011208,3.4915578,-1.8526922,-0.13813478,23.332415
6308170850,0.010786554,0.073028155,-5.011454,3.534554,-1.8350751,-0.13720888,23.332151
6308180820,0.010736055,0.07280753,-5.0116835,3.5601304,-1.8438015,-0.13490097,23.332151
6308190830,0.009736567,0.07363446,-5.011405,3.5342,-1.8822954,-0.13820593,23.332151
6308200859,0.009282951,0.073333785,-5.010742,3.5264957,-1.8832434,-0.14161237,23.332151
6308210899,0.010240663,0.07246837,-5.011542,3.5553029,-1.8411459,-0.13946052,23.332151
6308220920,0.010931794,0.07292901,-5.012308,3.5539262,-1.8297251,-0.1348267,23.332151
6308230981,0.010544414,0.07399572,-5.011503,3.509705,-1.8561196,-0.1366393,23.332151
6308241035,0.010639964,0.073744,-5.011464,3.5008764,-1.8423893,-0.14069757,23.332151
6308251086,0.012109462,0.07267859,-5.0120735,3.5332413,-1.787813,-0.1356527,23.332151
6308261213,0.012987436,0.0731911,-5.0124454,3.5278418,-1.7748675,-0.13016549,23.332151
6308271277,0.012476484,0.0743057,-5.0120687,3.4863253,-1.8017875,-0.13253236,23.332361
6308281258,0.012409999,0.073616296,-5.0114794,3.4914732,-1.7924935,-0.13413921,23.332361
6308291271,0.013269927,0.07237237,-5.0123715,3.5391133,-1.7599998,-0.13059562,23.332361
6308301268,0.013094919,0.072727755,-5.0127397,3.5454638,-1.7824912,-0.12852417,23.332361
6308311363,0.01180888,0.07343528,-5.0112767,3.5183854,-1.8377383,-0.1323005,23.332361
6308321370,0.011141616,0.07282559,-5.0110064,3.5331905,-1.84157,-0.1371112,23.332361
6308331414,0.01180099,0.071719654,-5.0115294,3.5737607,-1.8188052,-0.13424855,23.332361
6308341543,0.01144078,0.072219305,-5.011408,3.5690806,-1.8426393,-0.1318916,23.332361
6308351435,0.010164257,0.0732475,-5.0108457,3.5358248,-1.885415,-0.13691819,23.332361
6308361674,0.010058756,0.07272766,-5.0105433,3.5385232,-1.8729671,-0.1398998,23.332361
6308371675,0.010949852,0.07248452,-5.011692,3.5542145,-1.8381675,-0.13652754,23.333298
6308381603,0.011013145,0.07361494,-5.0121565,3.5251012,-1.8466973,-0.13528147,23.333298
6308391674,0.010574344,0.07431013,-5.011226,3.4860544,-1.8608457,-0.13794433,23.333298
6308401716,0.011152471,0.07375926,-5.011596,3.495867,-1.8273484,-0.1385373,23.333298
6308411709,0.012205147,0.07342215,-5.01272,3.5141377,-1.7909871,-0.13419114,23.333298
6308421828,0.012267509,0.074278,-5.012513,3.491367,-1.8006864,-0.13178547,23.333298
6308431852,0.011688794,0.0746147,-5.011719,3.4699092,-1.8118656,-0.13400616,23.333298
6308441826,0.01203725,0.07377792,-5.011503,3.4938817,-1.7905792,-0.13473205,23.333298
6308451984,0.012654505,0.07328005,-5.0124817,3.5211866,-1.778861,-0.13257124,23.333298
6308462008,0.012010049,0.07358232,-5.0122447,3.5174923,-1.8091937,-0.13230993,23.333298
6308472047,0.011173061,0.07316546,-5.010817,3.5243802,-1.8353878,-0.13537386,23.332418
6308482023,0.011300674,0.07220248,-5.011143,3.5650997,-1.8242935,-0.13531245,23.332418
6308492092,0.011663365,0.07183073,-5.0114355,3.5891674,-1.8174542,-0.13281582,23.332418
6308502085,0.011172575,0.072395846,-5.010899,3.5744596,-1.8396747,-0.13239574,23.332418
6308512104,0.010696111,0.07241834,-5.010495,3.5668278,-1.8496506,-0.13610034,23.332418
6308522142,0.011045599,0.07186255,-5.010816,3.579432,-1.8321608,-0.13538688,23.332418
6308532315,0.011369758,0.07237293,-5.0117354,3.5733974,-1.8284109,-0.13414049,23.332418
6308542342,0.01106991,0.07322679,-5.0116487,3.53853,-1.8437674,-0.13501003,23.332418
6308552271,0.011034001,0.07337032,-5.0110226,3.5219128,-1.837312,-0.13634148,23.332418
6308562381,0.011859823,0.07333973,-5.0118027,3.5256758,-1.8111064,-0.13520138,23.332418
6308572534,0.012239385,0.073906116,-5.012507,3.5104804,-1.8065236,-0.13407947,23.332935
6308582422,0.011849216,0.07455769,-5.0119276,3.4793966,-1.8236254,-0.13592306,23.332935
6308592565,0.011485918,0.07458557,-5.0116506,3.471231,-1.8248042,-0.13733992,23.332935
6308602525,0.011850431,0.074227415,-5.011939,3.4838996,-1.8131536,-0.1373515,23.332935
6308612550,0.01179276,0.07438683,-5.0124063,3.485013,-1.8211563,-0.1366486,23.332935
6308622632,0.01113402,0.074384786,-5.0116096,3.4852402,-1.8450191,-0.138023,23.332935
6308632657,0.010975172,0.07345527,-5.01095,3.5112936,-1.8452249,-0.13971199,23.332935
6308642676,0.011336679,0.07268001,-5.0116887,3.545539,-1.8315177,-0.13781787,23.332935
6308652731,0.011305707,0.072706275,-5.0118027,3.552408,-1.8392982,-0.13628852,23.332935
6308662817,0.010896885,0.07265252,-5.011349,3.5482697,-1.8520371,-0.13756582,23.332935
6308672868,0.011203008,0.07218701,-5.01115,3.5599406,-1.8340801,-0.13663962,23.331797
6308682836,0.011859004,0.07195158,-5.011336,3.5709057,-1.8116643,-0.13367267,23.331797
6308692829,0.011924431,0.072482035,-5.012077,3.5606024,-1.8178498,-0.13234878,23.331797
6308702877,0.011664186,0.07280429,-5.0119348,3.5443804,-1.8255962,-0.13363747,23.331797
6308712891,0.012033503,0.072571985,-5.011263,3.544389,-1.8077779,-0.13258676,23.331797
6308722967,0.012596575,0.07260637,-5.0120482,3.5413766,-1.7948686,-0.13142698,23.331797
6308733075,0.012543053,0.07320534,-5.012156,3.5231738,-1.8034698,-0.13165161,23.331797
6308743027,0.012378888,0.07329838,-5.011572,3.5084932,-1.8043803,-0.13222419,23.331797
6308753075,0.01260748,0.07313635,-5.0115175,3.512522,-1.7932154,-0.13163842,23.331797
6308763173,0.012376662,0.07335439,-5.011785,3.512046,-1.8015659,-0.13147987,23.331797
6308773318,0.011642366,0.07373154,-5.0118647,3.5022688,-1.8290509,-0.13431565,23.33343
6308783214,0.011198133,0.073601596,-5.011593,3.5079293,-1.8369558,-0.13646688,23.33343
6308793313,0.01142484,0.073160626,-5.0108557,3.5221744,-1.8317763,-0.13559918,23.33343
6308803353,0.01114001,0.0733469,-5.0111136,3.5230103,-1.848193,-0.13571309,23.33343
6308813404,0.010530639,0.07348378,-5.0110497,3.5167887,-1.8691909,-0.13925286,23.33343
6308823384,0.010533437,0.07315727,-5.011028,3.5256321,-1.8540368,-0.1390122,23.33343
6308833394,0.010984574,0.07314959,-5.011495,3.5316393,-1.8384452,-0.13692887,23.33343
6308843511,0.010807936,0.07385232,-5.0114727,3.5161302,-1.8533533,-0.13742074,23.33343
6308853505,0.010600962,0.07407995,-5.011791,3.503531,-1.8575877,-0.13950463,23.33343
6308863603,0.011372197,0.073218904,-5.0116587,3.5231247,-1.8246408,-0.13712023,23.33343
6308873701,0.011943555,0.07284637,-5.011427,3.5441318,-1.8082262,-0.13337636,23.332737
6308883644,0.011471137,0.07329871,-5.0117087,3.5334613,-1.8301083,-0.13384438,23.332737
6308893653,0.011118259,0.07338994,-5.011758,3.5236802,-1.8344043,-0.13709141,23.332737
6308903741,0.011794928,0.07284705,-5.0119033,3.5374455,-1.8023881,-0.13466525,23.332737
6308913776,0.012143211,0.07292628,-5.0121517,3.5445123,-1.7972293,-0.1317049,23.332737
6308923803,0.011550874,0.0734974,-5.011492,3.5281231,-1.8293431,-0.13371786,23.332737
6308933878,0.011394658,0.07316669,-5.011369,3.5254428,-1.8265134,-0.13618658,23.332737
6308943851,0.012221841,0.0722753,-5.0116544,3.5533295,-1.7955893,-0.13393876,23.332737
6308953954,0.012049101,0.072325304,-5.0112696,3.5606892,-1.8098923,-0.13228613,23.332737
6308964063,0.011034266,0.073393255,-5.0112653,3.531086,-1.8511697,-0.13598782,23.332737
6308974117,0.01106639,0.073414125,-5.011315,3.5153947,-1.8406677,-0.138453,23.333065
6308984057,0.012045994,0.07293675,-5.0117283,3.52718,-1.8058435,-0.1349475,23.333065
6308994093,0.01213793,0.07330102,-5.011707,3.5200338,-1.8170593,-0.13351087,23.333065
6309004107,0.011278047,0.07395261,-5.010572,3.497911,-1.8447747,-0.13813339,23.333065
6309014190,0.011434599,0.073541984,-5.011069,3.4991152,-1.8243414,-0.14044179,23.333065
6309024223,0.012189819,0.07285623,-5.011818,3.5245917,-1.7925534,-0.1378117,23.333065
6309034272,0.011693249,0.07288304,-5.0111566,3.5375774,-1.8204764,-0.13725589,23.333065
6309044298,0.010593125,0.07333379,-5.0109205,3.528393,-1.8604262,-0.14124665,23.333065
6309054294,0.010979462,0.07291851,-5.0113735,3.525795,-1.8310448,-0.14159814,23.333065
6309064474,0.012175255,0.07226158,-5.0114684,3.5416043,-1.7943852,-0.13735206,23.333065
6309074621,0.011751201,0.07253892,-5.0113473,3.5476196,-1.8207225,-0.13682048,23.333366
6309084446,0.010885008,0.07271674,-5.010344,3.5391545,-1.8477288,-0.14031616,23.333366
6309094526,0.011490627,0.07214976,-5.0110188,3.5510805,-1.8109016,-0.13845147,23.333366
6309104525,0.012538231,0.07173547,-5.012172,3.5669787,-1.7832935,-0.1314832,23.333366
6309114716,0.011998829,0.07245878,-5.011461,3.5566258,-1.8196839,-0.13023569,23.333366
6309124757,0.011230587,0.07317025,-5.011234,3.5272415,-1.8379909,-0.13334216,23.333366
6309134727,0.012202593,0.0732481,-5.0121994,3.512389,-1.7909126,-0.13163257,23.333366
6309144732,0.012939215,0.07327204,-5.0127845,3.5113626,-1.7698276,-0.1271997,23.333366
6309154735,0.012003552,0.07373321,-5.0116982,3.5129273,-1.8143473,-0.12943411,23.333366
6309164789,0.011065297,0.073736496,-5.0109873,3.5126383,-1.8361549,-0.13359581,23.333366
6309174882,0.011344612,0.07345095,-5.01202,3.519301,-1.8182892,-0.13305031,23.333166
6309184895,0.01115122,0.0734247,-5.0124784,3.5253675,-1.8298066,-0.13268703,23.333166
6309194896,0.010117064,0.07384881,-5.0117745,3.5169463,-1.8740385,-0.13519636,23.333166
6309204942,0.009724097,0.07389952,-5.0116735,3.5089421,-1.8745304,-0.13990279,23.333166
6309215002,0.010699358,0.07340211,-5.011983,3.5190704,-1.8365831,-0.13789953,23.333166
6309225017,0.010944853,0.07328286,-5.0120373,3.5305674,-1.8398117,-0.13589107,23.333166
6309235127,0.01022838,0.0734895,-5.0112767,3.5242193,-1.8742174,-0.13764149,23.333166
6309245150,0.010423205,0.072973594,-5.010563,3.528517,-1.8564165,-0.13955276,23.333166
6309255198,0.011636346,0.072373055,-5.0121326,3.5489063,-1.8147846,-0.13626161,23.333166
6309265205,0.01185604,0.07288524,-5.012933,3.542123,-1.8198266,-0.1334144,23.333166
6309275399,0.011707022,0.07355738,-5.011918,3.5104406,-1.8262967,-0.13633081,23.333132
6309285290,0.012625529,0.073174514,-5.012326,3.5020182,-1.786291,-0.13579285,23.333132
6309295432,0.013389679,0.07280426,-5.0125012,3.5184805,-1.7583677,-0.13227412,23.333132
6309305495,0.012980813,0.073061176,-5.012171,3.5207326,-1.7849007,-0.13193792,23.333132
6309315407,0.012274248,0.072887994,-5.011723,3.5183575,-1.8038194,-0.13624294,23.333132
6309325625,0.012412754,0.07208068,-5.011467,3.5426798,-1.7907951,-0.13545804,23.333132
6309335550,0.012298334,0.07194061,-5.0122857,3.567717,-1.8007685,-0.13407902,23.333132
6309345579,0.011210282,0.07283669,-5.0121293,3.552266,-1.8443695,-0.1359116,23.333132
6309355588,0.010510669,0.07294931,-5.0108595,3.5286443,-1.8610883,-0.13936317,23.333132
6309365675,0.010976487,0.07239878,-5.011255,3.5435617,-1.841584,-0.13914852,23.333132
6309375876,0.01116906,0.07240708,-5.011831,3.5581887,-1.845859,-0.13651888,23.33408
6309385683,0.010571085,0.07324554,-5.0111427,3.5386944,-1.8684299,-0.13776067,23.33408
6309395716,0.010637285,0.07315364,-5.0110006,3.525771,-1.8546957,-0.1391853,23.33408
6309405725,0.011613095,0.0727441,-5.011507,3.538174,-1.8195059,-0.13546471,23.33408
6309415783,0.011866367,0.07354874,-5.0124617,3.5237937,-1.8224976,-0.1329367,23.33408
6309426115,0.011515315,0.074745834,-5.0122356,3.478091,-1.8415277,-0.13619255,23.33408
6309435899,0.011693187,0.0745177,-5.011384,3.4663022,-1.8209743,-0.13851626,23.33408
6309445953,0.012665412,0.07390123,-5.012596,3.491263,-1.7910118,-0.13632978,23.33408
6309456002,0.012640242,0.0743157,-5.0128083,3.490859,-1.800411,-0.13399193,23.33408
6309466108,0.011941083,0.07446522,-5.011711,3.4761643,-1.821127,-0.13621719,23.33408
6309476225,0.011913751,0.07315484,-5.0111175,3.5096653,-1.809988,-0.13719681,23.333504
6309486155,0.012260463,0.07196269,-5.0117493,3.5598173,-1.7990942,-0.13391668,23.333504
6309496207,0.011684118,0.07254132,-5.01249,3.5570865,-1.8312144,-0.1356648,23.333504
6309506228,0.010600674,0.07290404,-5.011598,3.536671,-1.8653157,-0.14026667,23.333504
6309516205,0.010610567,0.071949475,-5.010612,3.5650504,-1.8525705,-0.14118804,23.333504
6309526258,0.011246025,0.07132472,-5.0115037,3.5995135,-1.8299803,-0.13693151,23.333504
6309536301,0.011168273,0.07219309,-5.011799,3.574697,-1.8462297,-0.13483465,23.333504
6309546340,0.010582258,0.07270499,-5.0105147,3.5390167,-1.8565625,-0.13722876,23.333504
6309556360,0.011241488,0.07210953,-5.0107145,3.5513544,-1.8219049,-0.13699019,23.333504
6309566523,0.012235966,0.072434045,-5.011948,3.553702,-1.793437,-0.1333685,23.333504
6309576608,0.012034573,0.07415832,-5.012843,3.4984608,-1.8117793,-0.13433388,23.332748
6309586507,0.011607864,0.07494612,-5.012066,3.459553,-1.8258489,-0.13813558,23.332748
6309596520,0.012078557,0.07409411,-5.01146,3.4825065,-1.7995253,-0.13514103,23.332748
6309606649,0.012538594,0.07396369,-5.0126185,3.4963324,-1.7885617,-0.13184948,23.332748
6309616576,0.01186543,0.07477463,-5.012355,3.4683838,-1.8204615,-0.13299783,23.332748
6309626752,0.011036021,0.074252106,-5.01101,3.4698362,-1.8369725,-0.1380097,23.332748
6309636705,0.011391737,0.07286047,-5.0112624,3.5234597,-1.8144583,-0.13693227,23.332748
6309646771,0.011510916,0.07263615,-5.012136,3.5497966,-1.8161024,-0.13385372,23.332748
6309656832,0.010385388,0.07329307,-5.011775,3.5324106,-1.8611113,-0.13751471,23.332748
6309666890,0.009620629,0.07250821,-5.0104237,3.5477803,-1.8739178,-0.14075255,23.332748
6309677027,0.010570253,0.07116196,-5.010106,3.5963118,-1.8369178,-0.13793603,23.332342
6309686963,0.01115372,0.07160705,-5.0113807,3.5967119,-1.8293867,-0.13466904,23.332342
6309696986,0.010500966,0.07285546,-5.011036,3.5526617,-1.8606622,-0.13756356,23.332342
6309706974,0.010643197,0.07263746,-5.0101047,3.5469337,-1.8476912,-0.13986434,23.332342
6309716984,0.012168992,0.07200159,-5.011167,3.5686586,-1.7928852,-0.13567747,23.332342
6309727106,0.013022709,0.073018186,-5.0123634,3.54004,-1.7835165,-0.13152546,23.332342
6309737103,0.012371105,0.07429717,-5.012149,3.4889612,-1.8114341,-0.1340874,23.332342
6309747178,0.012412452,0.07380015,-5.0115757,3.49326,-1.7984802,-0.13627487,23.332342
6309757203,0.013444514,0.07307978,-5.0120025,3.5197146,-1.7633862,-0.13168445,23.332342
6309767305,0.013136462,0.07410455,-5.01303,3.498021,-1.7868886,-0.1307624,23.332342
6309777414,0.011619409,0.07490915,-5.012187,3.4649694,-1.839077,-0.13550577,23.33333
6309787395,0.011132786,0.0740105,-5.010958,3.488084,-1.8332136,-0.13713722,23.33333
6309797422,0.01180178,0.07311291,-5.011768,3.5276952,-1.8074397,-0.13490026,23.33333
6309807460,0.01108677,0.07362081,-5.0119863,3.5243592,-1.8420831,-0.13487324,23.33333
6309817464,0.009471679,0.073844925,-5.0114446,3.5149932,-1.891917,-0.13958997,23.33333
6309827547,0.009343812,0.07265788,-5.0105762,3.5489469,-1.8803613,-0.14112392,23.33333
6309837520,0.010294914,0.07201558,-5.0108275,3.5768604,-1.8511788,-0.13653432,23.33333
6309847565,0.010402637,0.07309738,-5.0115056,3.5511115,-1.8647523,-0.13624062,23.33333
6309857654,0.010160371,0.07364957,-5.0107546,3.5235932,-1.871544,-0.13948792,23.33333
6309867679,0.011372527,0.072708994,-5.0106344,3.5372107,-1.8230003,-0.13796386,23.33333
6309877845,0.012764634,0.07256153,-5.0117674,3.5456543,-1.7816769,-0.13352568,23.331585
6309887771,0.012712188,0.07330309,-5.011876,3.5176544,-1.7971967,-0.13308907,23.331585
6309897774,0.012360085,0.07350364,-5.0114703,3.5017757,-1.8063422,-0.13570698,23.331585
6309907815,0.013145736,0.07287904,-5.011594,3.5205352,-1.770918,-0.13443646,23.331585
6309917903,0.013820102,0.072919704,-5.0113425,3.523341,-1.7606909,-0.1307416,23.331585
6309927879,0.012866817,0.07385624,-5.0113993,3.5009158,-1.7994086,-0.13353765,23.331585
6309937909,0.012140541,0.073601946,-5.010763,3.501014,-1.8149052,-0.13746393,23.331585
6309947968,0.012417134,0.07246676,-5.010614,3.5321581,-1.7959607,-0.13561815,23.331585
6309958023,0.012049617,0.07258781,-5.01131,3.5425155,-1.815851,-0.13451852,23.331585
6309968043,0.010563936,0.07316163,-5.0106287,3.5322723,-1.8655622,-0.137358,23.331585
6309978195,0.009919011,0.072575755,-5.0100927,3.545581,-1.8688889,-0.13989373,23.331774
6309988110,0.010574062,0.07202331,-5.010318,3.5715265,-1.8450131,-0.13697498,23.331774
6309998150,0.010483136,0.07267741,-5.010428,3.5589654,-1.85927,-0.13484609,23.331774
6310008195,0.009810935,0.073510505,-5.010426,3.522933,-1.883543,-0.13779111,23.331774
6310018343,0.010115931,0.07343394,-5.010705,3.516532,-1.8601108,-0.14001626,23.331774
6310028485,0.011309425,0.073158026,-5.011788,3.5248404,-1.8207816,-0.13598087,23.331774
6310038361,0.011588525,0.07387099,-5.012298,3.508224,-1.820351,-0.13397087,23.331774
6310048353,0.011353666,0.07443136,-5.0118527,3.4866755,-1.830398,-0.13550548,23.331774
6310058385,0.011796151,0.073987335,-5.011981,3.4962342,-1.8045943,-0.13588578,23.331774
6310068512,0.012602047,0.07371336,-5.0120926,3.508279,-1.784229,-0.13390006,23.331774
6310078675,0.012135359,0.0744227,-5.011853,3.4913704,-1.8139592,-0.13376309,23.331272
6310088571,0.011302036,0.07468358,-5.01214,3.4776113,-1.834618,-0.13821162,23.331272
6310098601,0.011620736,0.07351068,-5.011775,3.5064087,-1.8042642,-0.1372249,23.331272
6310108625,0.012097266,0.07265777,-5.01155,3.5485733,-1.7922401,-0.13417369,23.331272
6310118704,0.011552356,0.07257761,-5.0112176,3.5599966,-1.8202883,-0.13410567,23.331272
6310128704,0.011087192,0.072264686,-5.009911,3.5596912,-1.8336871,-0.13613886,23.331272
6310138738,0.011159574,0.07170713,-5.0106335,3.5804527,-1.8233317,-0.13631807,23.331272
6310148821,0.011125529,0.07173169,-5.011007,3.5862026,-1.8283033,-0.13416214,23.331272
6310158860,0.010900416,0.0723363,-5.010297,3.5606287,-1.8450269,-0.13437302,23.331272
6310168931,0.010933406,0.07263233,-5.010837,3.5420554,-1.8355191,-0.13502465,23.331272
6310179059,0.011634901,0.07241887,-5.011241,3.5459766,-1.8039706,-0.13277006,23.330858
6310188997,0.012096581,0.072519094,-5.011024,3.544152,-1.8003492,-0.12962215,23.330858
6310198983,0.011567915,0.07343867,-5.010853,3.5177634,-1.8274245,-0.13204986,23.330858
6310209064,0.011352696,0.07381617,-5.0106997,3.4922185,-1.8307806,-0.1347393,23.330858
6310219033,0.011992218,0.07369511,-5.0117555,3.491238,-1.8052243,-0.13326998,23.330858
6310229151,0.012054118,0.074013606,-5.0123215,3.48902,-1.802072,-0.13215362,23.330858
6310239076,0.011653193,0.07436251,-5.011232,3.4711385,-1.8229084,-0.13418657,23.330858
6310249232,0.011471219,0.07398741,-5.0109606,3.4805195,-1.8222028,-0.13668045,23.330858
6310259352,0.011663817,0.07310986,-5.011023,3.5159402,-1.8107053,-0.13503852,23.330858
6310269375,0.011152025,0.07331257,-5.0108852,3.5224273,-1.8368548,-0.13416184,23.330858
6310279440,0.010296121,0.073913984,-5.0109634,3.5000367,-1.8729991,-0.13914375,23.33226
6310289382,0.010268129,0.073298216,-5.010888,3.5124588,-1.8605354,-0.14130849,23.33226
6310299521,0.011221116,0.0719769,-5.0114655,3.5561075,-1.8246047,-0.13806506,23.33226
6310309472,0.011429115,0.071650125,-5.0113726,3.5783725,-1.8227077,-0.13538152,23.33226
6310319472,0.010896061,0.071809284,-5.0105634,3.5750186,-1.8469851,-0.13758363,23.33226
6310329534,0.010753955,0.07169204,-5.010208,3.5828562,-1.850472,-0.13869002,23.33226
6310339779,0.010846463,0.071991734,-5.011125,3.5822513,-1.8452772,-0.13715813,23.33226
6310349595,0.010856591,0.07333051,-5.0120955,3.5341928,-1.8491378,-0.13753124,23.33226
6310359662,0.011139752,0.074158035,-5.0121617,3.4866664,-1.8342016,-0.14031304,23.33226
6310369775,0.01219104,0.07351997,-5.011791,3.5014167,-1.7928088,-0.13859582,23.33226
6310379804,0.012940677,0.07305712,-5.0118985,3.527399,-1.7741003,-0.13426693,23.3321
6310389759,0.012463594,0.07389936,-5.0116286,3.5035398,-1.7977853,-0.13517122,23.3321
6310399794,0.011723056,0.0741926,-5.011422,3.4832385,-1.8186587,-0.13843994,23.3321
6310410037,0.01180406,0.07390432,-5.0123672,3.4977982,-1.8124923,-0.13818467,23.3321
6310419926,0.011982808,0.07381146,-5.012174,3.4993622,-1.8056482,-0.13515304,23.3321
6310429937,0.012058861,0.07386092,-5.011819,3.4848425,-1.7990538,-0.13609739,23.3321
6310439970,0.012485537,0.072721094,-5.011144,3.51365,-1.7756149,-0.1350526,23.3321
6310450031,0.012440083,0.07159567,-5.0105076,3.5722396,-1.7892003,-0.13263506,23.3321
6310460049,0.010769593,0.07210142,-5.010804,3.5760012,-1.8560652,-0.13387512,23.3321
6310470139,0.009504462,0.0725412,-5.0105495,3.544815,-1.8909978,-0.13997112,23.3321
6310480199,0.010002753,0.07171195,-5.010422,3.5586948,-1.8558087,-0.13899389,23.330774
6310490174,0.011134351,0.0712869,-5.011152,3.5842886,-1.8265185,-0.13470128,23.330774
6310500409,0.011418831,0.07232047,-5.0106044,3.5535593,-1.833081,-0.13358007,23.330774
6310510449,0.011314736,0.07275892,-5.0099716,3.518459,-1.8258221,-0.13501737,23.330774
6310520313,0.011660943,0.07285502,-5.010744,3.5245922,-1.8140498,-0.13400419,23.330774
6310530314,0.01140279,0.07345801,-5.011845,3.5170763,-1.8350834,-0.13401324,23.330774
6310540423,0.011016232,0.07439655,-5.0122614,3.479695,-1.8498535,-0.1371896,23.330774
6310550443,0.011611174,0.073879875,-5.011356,3.4758122,-1.8130893,-0.13748857,23.330774
6310560526,0.01279687,0.072790116,-5.0107937,3.5159955,-1.773137,-0.13283803,23.330774
6310570587,0.012991151,0.072792664,-5.011718,3.5300176,-1.7767321,-0.12994145,23.330774
6310580633,0.012210889,0.073316984,-5.011289,3.5146325,-1.8057152,-0.13219418,23.330784
6310590629,0.011336062,0.07317596,-5.0110097,3.520566,-1.830786,-0.13419391,23.330784
6310600696,0.010677976,0.073007345,-5.01146,3.5397449,-1.8478315,-0.13488846,23.330784
6310610658,0.01033891,0.07312341,-5.011238,3.538989,-1.8608757,-0.13596705,23.330784
6310620747,0.010131401,0.072903536,-5.0105743,3.5440483,-1.8637791,-0.13802949,23.330784
6310630828,0.01003734,0.07252585,-5.01009,3.5639918,-1.8624644,-0.1372583,23.330784
6310640866,0.010079854,0.072993495,-5.010189,3.5504909,-1.865638,-0.13532649,23.330784
6310650822,0.010496444,0.073818855,-5.011503,3.5119293,-1.8552935,-0.13703904,23.330784
6310660826,0.011179364,0.07362777,-5.0119405,3.505431,-1.8260365,-0.13673365,23.330784
6310670968,0.011992962,0.0731404,-5.011487,3.522432,-1.8033451,-0.13424611,23.330784
6310681052,0.012643802,0.07316175,-5.011732,3.5201643,-1.785184,-0.1330369,23.329868
6310691113,0.013139776,0.073037334,-5.0116496,3.5170743,-1.7631719,-0.13112491,23.329868
6310701047,0.012978889,0.073037066,-5.012161,3.5307767,-1.7715275,-0.13125648,23.329868
6310711103,0.012158712,0.0736221,-5.012113,3.5222197,-1.8131915,-0.13227601,23.329868
6310721104,0.01163861,0.07406857,-5.0121145,3.4904876,-1.8255167,-0.13549426,23.329868
6310731185,0.012067649,0.07330832,-5.012074,3.499662,-1.7987763,-0.13478729,23.329868
6310741231,0.01233559,0.07198388,-5.011082,3.5541408,-1.7931705,-0.1322066,23.329868
6310751274,0.011638185,0.07168846,-5.0101485,3.5825062,-1.8205664,-0.1303333,23.329868
6310761259,0.011137707,0.07207819,-5.010241,3.5701213,-1.8386247,-0.1321272,23.329868
6310771365,0.01070952,0.072305255,-5.0103045,3.5635576,-1.8493935,-0.13216174,23.329868
6310781520,0.009944538,0.07305352,-5.011019,3.552702,-1.8832147,-0.13401389,23.330404
6310791408,0.009583121,0.07387193,-5.011179,3.5157251,-1.8967649,-0.138299,23.330404
6310801531,0.010634748,0.07359174,-5.010735,3.4976032,-1.8532016,-0.13809912,23.330404
6310811523,0.011782689,0.07291214,-5.0111804,3.5205078,-1.810947,-0.13437182,23.330404
6310821532,0.012180406,0.07275922,-5.0111327,3.5349357,-1.8065444,-0.13137652,23.330404
6310831525,0.012460037,0.073267795,-5.011395,3.5163255,-1.8012366,-0.13170813,23.330404
6310841625,0.012718389,0.07352333,-5.0122256,3.5032341,-1.7921537,-0.13228257,23.330404
6310851604,0.012276189,0.07375227,-5.0125165,3.5044687,-1.815839,-0.13218826,23.330404
6310861658,0.01126751,0.07424677,-5.0123715,3.493479,-1.8487308,-0.13513921,23.330404
6310871772,0.011216492,0.074375756,-5.0119305,3.4769742,-1.8461186,-0.13855349,23.330404
6310881981,0.011652134,0.07357534,-5.0109925,3.4966023,-1.8240681,-0.1366066,23.330715
6310891796,0.01156954,0.07304949,-5.0107484,3.5283332,-1.8334572,-0.13399479,23.330715
6310901834,0.011173963,0.07282415,-5.010892,3.5336723,-1.8445385,-0.13400191,23.330715
6310912049,0.011661316,0.07222178,-5.0110464,3.5399342,-1.8191701,-0.13346973,23.330715
6310921960,0.012060275,0.071549095,-5.0113254,3.569763,-1.8072313,-0.13161318,23.330715
6310932019,0.011575245,0.071509026,-5.010593,3.5845647,-1.8320038,-0.13139273,23.330715
6310942023,0.011410147,0.07194865,-5.010844,3.5658476,-1.8320118,-0.13366154,23.330715
6310952035,0.011960958,0.07229428,-5.011479,3.5487812,-1.8053486,-0.13354369,23.330715
6310962039,0.011877721,0.07280838,-5.0113277,3.5410416,-1.8190004,-0.13245924,23.330715
6310972103,0.010992582,0.07347597,-5.011361,3.5270228,-1.8470927,-0.13462882,23.330715
6310982328,0.011437201,0.07352134,-5.0113993,3.5131054,-1.8231622,-0.13572074,23.331175
6310992217,0.012568124,0.073103786,-5.011664,3.5175633,-1.7777017,-0.13154002,23.331175
6311002209,0.012612578,0.07330899,-5.011577,3.5214965,-1.7901711,-0.12971057,23.331175
6311012272,0.011812351,0.073653586,-5.010877,3.5128376,-1.8207061,-0.13279186,23.331175
6311022286,0.011817064,0.07355046,-5.0115757,3.5106661,-1.8099288,-0.13328768,23.331175
6311032358,0.01180967,0.07357487,-5.0122395,3.5173776,-1.813787,-0.13208005,23.331175
6311042606,0.010388043,0.07421395,-5.0114174,3.5083249,-1.8698399,-0.13281329,23.331175
6311052524,0.009947065,0.07430214,-5.0106955,3.4929063,-1.8829793,-0.13894609,23.331175
6311062563,0.011551186,0.073075764,-5.010774,3.510798,-1.8087085,-0.13657737,23.331175
6311072593,0.012996647,0.07224,-5.011423,3.5421925,-1.7704953,-0.13056263,23.331175
6311082691,0.012034856,0.07270868,-5.0113626,3.5422733,-1.8206276,-0.1321335,23.331125
6311092609,0.010839525,0.07271632,-5.0108857,3.5349076,-1.8519987,-0.13708098,23.331125
6311102632,0.011272624,0.07184728,-5.011596,3.5586398,-1.8231227,-0.1361303,23.331125
6311112684,0.011374965,0.07194395,-5.0119567,3.572091,-1.8330823,-0.13363579,23.331125
6311122698,0.010297632,0.07285253,-5.010581,3.544328,-1.8752527,-0.13696432,23.331125
6311132825,0.010647057,0.07278859,-5.0103273,3.5245032,-1.8475505,-0.13928565,23.331125
6311142846,0.01237286,0.07212761,-5.011248,3.5404165,-1.7857717,-0.13543439,23.331125
6311152855,0.012163043,0.072577044,-5.0118103,3.5396428,-1.8075193,-0.13093662,23.331125
6311162950,0.010748374,0.07356727,-5.0111613,3.5081835,-1.8652093,-0.13535662,23.331125
6311173081,0.010875604,0.07308012,-5.0106463,3.5045905,-1.8368759,-0.13881375,23.331125
6311183068,0.012453386,0.0723049,-5.0116973,3.5342987,-1.7834975,-0.13260092,23.33039
6311192989,0.012348718,0.07315618,-5.011868,3.5233724,-1.8161032,-0.13139129,23.33039
6311203128,0.010972877,0.07410173,-5.0105553,3.4782975,-1.8563286,-0.13711616,23.33039
6311213128,0.01155652,0.07338448,-5.010519,3.482891,-1.810301,-0.13822061,23.33039
6311223102,0.012720367,0.072628394,-5.011806,3.517068,-1.7762783,-0.1326811,23.33039
6311233185,0.011767192,0.073632404,-5.0115237,3.5025587,-1.8317599,-0.13253427,23.33039
6311243194,0.010700754,0.073741466,-5.010477,3.4803443,-1.8594983,-0.13929519,23.33039
6311253342,0.011857895,0.07151292,-5.010218,3.5379095,-1.7939068,-0.13841654,23.33039
6311263379,0.012794176,0.070434004,-5.0114837,3.6057487,-1.7698245,-0.13046466,23.33039
6311273374,0.011210747,0.07211772,-5.011466,3.576657,-1.8525623,-0.1310502,23.33039
6311283519,0.009527131,0.07302926,-5.0100923,3.5198107,-1.8937895,-0.14024982,23.329838
6311293595,0.010592527,0.07173018,-5.0105734,3.5469728,-1.8286871,-0.13942558,23.329838
6311303534,0.011940625,0.07133328,-5.011666,3.5898948,-1.7983999,-0.1327024,23.329838
6311313527,0.011290114,0.072843455,-5.011326,3.545365,-1.8442045,-0.13355778,23.329838
6311323747,0.010924025,0.073450215,-5.0105157,3.4977894,-1.8415196,-0.13818839,23.329838
6311333666,0.012145232,0.07220221,-5.0110016,3.534285,-1.7814366,-0.13545898,23.329838
6311343706,0.012518189,0.072286025,-5.0123115,3.5584166,-1.7830884,-0.12967648,23.329838
6311353688,0.011473416,0.07422663,-5.0120034,3.4957657,-1.8345572,-0.13203259,23.329838
6311363721,0.011373179,0.07435882,-5.0106974,3.4546468,-1.8205606,-0.13729265,23.329838
6311373862,0.01285233,0.072741374,-5.0113664,3.5035565,-1.7587295,-0.13281061,23.329838
6311383894,0.013160291,0.07288037,-5.0122995,3.5311635,-1.7653123,-0.12770246,23.331167
6311393861,0.011785878,0.07424715,-5.011466,3.483935,-1.820654,-0.13216785,23.331167
6311403855,0.01113393,0.07370562,-5.0103173,3.478533,-1.8278719,-0.13475709,23.331167
6311413913,0.011264879,0.072217196,-5.0109143,3.5485036,-1.8160456,-0.1323983,23.331167
6311423975,0.010433001,0.07254119,-5.011549,3.5672977,-1.8623235,-0.13181397,23.331167
6311434059,0.009023852,0.07353845,-5.0105257,3.5243266,-1.9154836,-0.13722682,23.331167
6311444208,0.009128775,0.07240172,-5.00921,3.5391736,-1.8931845,-0.13986589,23.331167
6311454084,0.010507647,0.071161285,-5.010361,3.5988047,-1.8465298,-0.13522957,23.331167
6311464188,0.010997057,0.072211176,-5.011249,3.5776713,-1.8504207,-0.13088682,23.331167
6311474294,0.010597789,0.07371163,-5.010704,3.5078967,-1.8692496,-0.13420446,23.331167
6311484325,0.011267946,0.07285921,-5.010419,3.5112476,-1.8310547,-0.13456902,23.330626
6311494230,0.012853243,0.07206847,-5.011432,3.5521271,-1.7839947,-0.12869392,23.330626
6311504273,0.012977987,0.073656954,-5.0125875,3.5188143,-1.7968036,-0.12855977,23.330626
6311514317,0.012475113,0.07493643,-5.0116444,3.454713,-1.8178829,-0.13211304,23.330626
6311524403,0.013065971,0.07387407,-5.011096,3.46721,-1.7782327,-0.1327828,23.330626
6311534421,0.01427165,0.07305586,-5.0124774,3.510174,-1.7380327,-0.12747315,23.330626
6311544439,0.01376766,0.073926374,-5.012259,3.4900963,-1.7718567,-0.12574401,23.330626
6311554592,0.012236399,0.074068874,-5.010927,3.4702396,-1.8153414,-0.13215888,23.330626
6311564574,0.012065289,0.07237473,-5.010811,3.525395,-1.8014195,-0.13367622,23.330626
6311574704,0.012260926,0.071249254,-5.0111475,3.5829074,-1.7931576,-0.13031186,23.330626
6311584723,0.010821831,0.07228202,-5.010652,3.5704343,-1.8569928,-0.13265519,23.331024
6311594667,0.008873726,0.072629124,-5.0094285,3.5551677,-1.9120559,-0.14049052,23.331024
6311604681,0.009162782,0.07142627,-5.00951,3.5859768,-1.886342,-0.14054339,23.331024
6311614729,0.010177163,0.07132057,-5.010922,3.599629,-1.8544745,-0.13784225,23.331024
6311624782,0.010052627,0.07252759,-5.010247,3.5622954,-1.8763614,-0.13833396,23.331024
6311634774,0.010134487,0.07271564,-5.009257,3.5353148,-1.8680371,-0.14180173,23.331024
6311644855,0.011997315,0.072313614,-5.010693,3.5441518,-1.7905321,-0.13800067,23.331024
6311654885,0.01327108,0.07324763,-5.011879,3.522471,-1.7664778,-0.13136458,23.331024
6311664951,0.011992105,0.07504665,-5.011691,3.4690008,-1.8230507,-0.13583802,23.331024
6311675052,0.011448373,0.07487663,-5.0107365,3.4565244,-1.8254895,-0.14062347,23.331024
6311685110,0.01299843,0.073527426,-5.0115232,3.4927423,-1.7535887,-0.13509022,23.328798
6311695130,0.013825452,0.07381596,-5.012551,3.4975715,-1.7487196,-0.12918136,23.328798
6311705119,0.012310777,0.07438332,-5.011087,3.4779265,-1.8051289,-0.13342237,23.328798
6311715148,0.011714295,0.07322417,-5.009559,3.5060236,-1.8085712,-0.135504,23.328798
6311725336,0.012200645,0.071856484,-5.010755,3.563949,-1.7839494,-0.1301288,23.328798
6311735316,0.011183486,0.07231536,-5.011025,3.5757418,-1.8367313,-0.12800874,23.328798
6311745255,0.008901383,0.07294533,-5.009777,3.5573735,-1.9167719,-0.1346514,23.328798
6311755293,0.008490177,0.07228563,-5.008977,3.5724282,-1.9096628,-0.13834484,23.328798
6311765400,0.010032489,0.07141953,-5.009581,3.59318,-1.8591266,-0.13332386,23.328798
6311775630,0.010424428,0.072362795,-5.010906,3.573635,-1.8674719,-0.13137755,23.328798
6311785599,0.009879802,0.073323876,-5.010325,3.5350056,-1.8914248,-0.13633955,23.329908
6311795529,0.010856275,0.07272932,-5.009836,3.5276854,-1.8392527,-0.13625257,23.329908
6311805536,0.01289635,0.07259765,-5.011231,3.5305123,-1.773938,-0.12967944,23.329908
6311815643,0.013133808,0.07361617,-5.011952,3.5021794,-1.7790344,-0.12805387,23.329908
6311825699,0.012580425,0.074315526,-5.0118995,3.470041,-1.7970607,-0.13315557,23.329908
6311835712,0.013129989,0.07376881,-5.0117197,3.4797535,-1.7676138,-0.13278328,23.329908
6311845665,0.013719372,0.073537886,-5.0119267,3.4958522,-1.7571794,-0.12978826,23.329908
6311855708,0.012865079,0.074104846,-5.012133,3.4822254,-1.7981764,-0.13144124,23.329908
6311865815,0.011838974,0.07407921,-5.0112815,3.481507,-1.8219459,-0.13466729,23.329908
6311875922,0.01173298,0.07303079,-5.0104265,3.5112278,-1.8131112,-0.13415141,23.329908
6311886024,0.01162095,0.07231736,-5.0105796,3.5449805,-1.8216348,-0.13134181,23.329
6311895920,0.010738714,0.07220699,-5.0103908,3.5617685,-1.8550148,-0.13159767,23.329
6311905907,0.009917046,0.07208406,-5.0106726,3.570265,-1.879805,-0.13549292,23.329
6311915945,0.009906744,0.07187727,-5.011006,3.5786314,-1.8732638,-0.13432065,23.329
6311926035,0.010397939,0.07201915,-5.010364,3.5741248,-1.8604224,-0.13254517,23.329
6311936036,0.010556451,0.0726384,-5.010725,3.5521886,-1.855763,-0.1335486,23.329
6311946092,0.011183007,0.072896205,-5.0108542,3.5306313,-1.8307263,-0.1333529,23.329
6311956131,0.012252646,0.07278387,-5.0111766,3.5260477,-1.7875024,-0.13129611,23.329
6311966220,0.012834862,0.07313626,-5.011433,3.520277,-1.7764044,-0.1288585,23.329
6311976297,0.012497572,0.07377081,-5.011633,3.50467,-1.7895788,-0.12968801,23.329
6311986336,0.012383709,0.07407395,-5.012152,3.4876912,-1.7888689,-0.13158639,23.329609
6311996328,0.012337305,0.07399213,-5.012128,3.483479,-1.7865002,-0.13178828,23.329609
6312006318,0.011847626,0.07390458,-5.011096,3.4917471,-1.8072631,-0.1313276,23.329609
6312016354,0.011253243,0.07365366,-5.0108833,3.5027535,-1.8266562,-0.13346446,23.329609
6312026367,0.011291575,0.0730027,-5.0108685,3.5216558,-1.819008,-0.13390641,23.329609
6312036515,0.011348779,0.072404556,-5.0108204,3.545537,-1.812859,-0.13177496,23.329609
6312046511,0.010687411,0.072320856,-5.0109053,3.5635138,-1.840002,-0.132688,23.329609
6312056593,0.009849364,0.072138675,-5.010505,3.569547,-1.8656011,-0.13436179,23.329609
6312066666,0.009938568,0.07205117,-5.0112863,3.5738041,-1.8553966,-0.13550942,23.329609
6312076954,0.010360507,0.07216168,-5.011607,3.569868,-1.8469248,-0.13391988,23.329609
6312086848,0.010211772,0.072800405,-5.010776,3.5514295,-1.8588179,-0.13509054,23.330395
6312096728,0.010475631,0.07323818,-5.011222,3.5329123,-1.8451871,-0.13692737,23.330395
6312106822,0.011587152,0.07322308,-5.0117674,3.5241258,-1.803176,-0.13496864,23.330395
6312116826,0.012134743,0.07368866,-5.0116973,3.5101018,-1.796395,-0.13367365,23.330395
6312126854,0.011490864,0.07439793,-5.011703,3.4889126,-1.8192179,-0.13529891,23.330395
6312137034,0.01150585,0.07417503,-5.0113387,3.4801097,-1.8095217,-0.13708316,23.330395
6312146911,0.01220187,0.0736809,-5.011949,3.4931936,-1.780205,-0.1356223,23.330395
6312156993,0.012169314,0.073646344,-5.0119605,3.502247,-1.7965622,-0.1338314,23.330395
6312166976,0.011213461,0.07348412,-5.0103426,3.5025673,-1.8305198,-0.13568324,23.330395
6312177050,0.011023129,0.07284958,-5.010205,3.5203443,-1.8228205,-0.13747871,23.330395
6312187189,0.011368007,0.07199997,-5.0108285,3.551556,-1.8098077,-0.13478546,23.329271
6312197109,0.010783366,0.07205494,-5.010529,3.5616598,-1.839462,-0.13396622,23.329271
6312207161,0.010008908,0.07231822,-5.010066,3.555185,-1.8640156,-0.1370128,23.329271
6312217169,0.010424197,0.07182192,-5.0099587,3.5638075,-1.838817,-0.13645352,23.329271
6312227288,0.010900059,0.07181243,-5.0110917,3.5737257,-1.8254515,-0.13345735,23.329271
6312237368,0.010462541,0.072702624,-5.0112453,3.5498815,-1.8529998,-0.13547415,23.329271
6312247605,0.01029742,0.072786696,-5.01029,3.5269651,-1.8528578,-0.13726646,23.329271
6312258617,0.011513284,0.07248967,-5.010827,3.5364857,-1.8079454,-0.13512722,23.329271
6312267375,0.012249406,0.072799005,-5.011715,3.5336347,-1.7921736,-0.13301419,23.329271
6312277531,0.012172144,0.07357985,-5.011464,3.5010464,-1.806738,-0.13275784,23.329271
6312287675,0.01219422,0.073824205,-5.010919,3.4812615,-1.7982498,-0.13470133,23.330282
6312297722,0.012484172,0.07352824,-5.0110884,3.494675,-1.7869072,-0.13365367,23.330282
6312307552,0.011981452,0.07388193,-5.011932,3.4941711,-1.8138449,-0.13408743,23.330282
6312317617,0.011054789,0.074529186,-5.0119457,3.4723742,-1.8446662,-0.13691765,23.330282
6312327673,0.011112858,0.07388507,-5.010679,3.4791064,-1.8360201,-0.13770002,23.330282
6312337701,0.011529329,0.07260397,-5.010811,3.5281029,-1.8156445,-0.13441013,23.330282
6312347759,0.011456959,0.072372064,-5.0108037,3.5543754,-1.8334161,-0.13338813,23.330282
6312357723,0.010602756,0.07261232,-5.0105205,3.5405898,-1.8541558,-0.13612582,23.330282
6312367795,0.010837877,0.071952954,-5.0106025,3.5532022,-1.8386718,-0.13627566,23.330282
6312378005,0.011214376,0.071338415,-5.0108814,3.5925364,-1.8220868,-0.13442995,23.330282
6312388049,0.011052871,0.071878284,-5.0118732,3.585692,-1.8336787,-0.13337944,23.329706
6312397964,0.011088081,0.072638616,-5.01134,3.5435417,-1.8308972,-0.13490635,23.329706
6312408036,0.011886183,0.07229464,-5.010565,3.5426629,-1.8002921,-0.1331671,23.329706
6312417979,0.012428686,0.07188684,-5.010949,3.5659413,-1.7855697,-0.13090119,23.329706
6312428057,0.012301846,0.07268259,-5.0113373,3.543946,-1.8011053,-0.13130029,23.329706
6312438126,0.012003263,0.07376463,-5.011208,3.4950836,-1.8138342,-0.1331567,23.329706
6312448150,0.012015753,0.07388897,-5.0114164,3.4843266,-1.8028175,-0.13334517,23.329706
6312458243,0.012258238,0.073684365,-5.011472,3.501798,-1.7988125,-0.13235407,23.329706
6312468464,0.011844775,0.07432252,-5.0117755,3.4896991,-1.8162661,-0.13242918,23.329706
6312478289,0.011409589,0.07442746,-5.010866,3.469488,-1.8339698,-0.13461246,23.329706
6312488425,0.011328129,0.07339014,-5.009871,3.5018842,-1.8326597,-0.13475107,23.329897
6312498344,0.011369525,0.07271634,-5.0107336,3.5447705,-1.8319079,-0.1331253,23.329897
6312508602,0.01094363,0.072948545,-5.010879,3.5393133,-1.8481938,-0.13306145,23.329897
6312518429,0.010420299,0.07292944,-5.0102096,3.527284,-1.860753,-0.13424087,23.329897
6312528443,0.010498416,0.072092555,-5.010498,3.5563235,-1.8465185,-0.13521773,23.329897
6312538513,0.01089491,0.072006784,-5.011286,3.5727615,-1.8344928,-0.13318217,23.329897
6312548661,0.010528161,0.073227696,-5.011649,3.538477,-1.8537239,-0.13471371,23.329897
6312558650,0.009981406,0.07365731,-5.0107946,3.5104105,-1.8644513,-0.13759215,23.329897
6312568623,0.010682881,0.0727948,-5.0101295,3.5269547,-1.8378916,-0.1369348,23.329897
6312578730,0.011535631,0.072714,-5.01158,3.5348783,-1.8098907,-0.1336397,23.329897
6312588804,0.011746355,0.0736095,-5.0117345,3.5009892,-1.8135105,-0.1340716,23.330578
6312598794,0.011666601,0.07357439,-5.0108666,3.486832,-1.813443,-0.13558766,23.330578
6312608777,0.012462567,0.07263328,-5.011023,3.5158489,-1.7826881,-0.134927,23.330578
6312618833,0.013232384,0.07248801,-5.011602,3.5265043,-1.7656821,-0.13195685,23.330578
6312628927,0.012714483,0.07343805,-5.0115323,3.5006845,-1.7969221,-0.13296278,23.330578
6312638915,0.011641739,0.073173165,-5.0101595,3.5027158,-1.8257843,-0.13664187,23.330578
6312648971,0.01186817,0.07169822,-5.0095305,3.547433,-1.8093698,-0.135446,23.330578
6312658988,0.012227579,0.071427464,-5.0107913,3.5684104,-1.8017374,-0.13269946,23.330578
6312669030,0.011168463,0.07233234,-5.011034,3.5475414,-1.839603,-0.1336026,23.330578
6312679168,0.010245619,0.072556406,-5.0100937,3.5399802,-1.8655617,-0.1380076,23.330578
6312689213,0.010525495,0.07210968,-5.010574,3.5612972,-1.8452244,-0.13805166,23.32971
6312699121,0.010871054,0.07252727,-5.011074,3.556853,-1.8391356,-0.13614626,23.32971
6312709186,0.010216111,0.07350397,-5.0111327,3.5219324,-1.8671523,-0.1385838,23.32971
6312719229,0.010076455,0.07344152,-5.010503,3.5130064,-1.862214,-0.14072578,23.32971
6312729271,0.011226249,0.07282914,-5.0107026,3.5287912,-1.8179686,-0.13680992,23.32971
6312739296,0.012030593,0.07325299,-5.011947,3.517481,-1.8010906,-0.13384014,23.32971
6312749360,0.011673274,0.074183084,-5.0121455,3.4853053,-1.8210295,-0.13532995,23.32971
6312759593,0.011737895,0.07418724,-5.011579,3.4786296,-1.8138112,-0.13646866,23.32971
6312769458,0.012571028,0.073631726,-5.0118246,3.4951742,-1.78275,-0.13425939,23.32971
6312779571,0.012683095,0.07361757,-5.0116415,3.4970133,-1.786793,-0.13142562,23.32971
6312789702,0.011864735,0.07369503,-5.0112333,3.4934447,-1.8130068,-0.13308251,23.330503
6312799674,0.011662806,0.072890334,-5.0106473,3.5186439,-1.8073393,-0.13268474,23.330503
6312809594,0.011953463,0.07218989,-5.010589,3.552301,-1.7976623,-0.12963612,23.330503
6312819638,0.011196273,0.072615,-5.011526,3.5557978,-1.8318596,-0.13180071,23.330503
6312829854,0.010108884,0.07271919,-5.0108767,3.5481355,-1.8628626,-0.13522837,23.330503
6312839699,0.01043779,0.07188695,-5.010278,3.570887,-1.8408117,-0.13595745,23.330503
6312849761,0.011231191,0.07142607,-5.0104537,3.5908432,-1.815887,-0.13233472,23.330503
6312859830,0.010851034,0.07205698,-5.010386,3.5738468,-1.8423309,-0.13300197,23.330503
6312869826,0.010206766,0.07263877,-5.010457,3.549134,-1.8646094,-0.13749515,23.330503
6312879937,0.010661009,0.072417475,-5.010772,3.5511642,-1.8381594,-0.13791373,23.330503
6312890024,0.011550355,0.07239236,-5.011038,3.5503507,-1.8156163,-0.1350676,23.328972
6312899996,0.011557229,0.0734338,-5.0116587,3.517425,-1.8289084,-0.13632421,23.328972
6312910033,0.011505867,0.07399703,-5.011674,3.4872768,-1.8212109,-0.13834615,23.328972
6312920105,0.012457075,0.07364209,-5.0112715,3.4916415,-1.7854849,-0.13592674,23.328972
6312930079,0.012878667,0.07367545,-5.0116014,3.5016754,-1.7820781,-0.13517353,23.328972
6312940142,0.012179684,0.074177556,-5.0112453,3.4875023,-1.8120016,-0.13558222,23.328972
6312950168,0.011808961,0.074122235,-5.0114446,3.4856308,-1.8149049,-0.13825013,23.328972
6312960257,0.012353052,0.07306593,-5.011399,3.5161943,-1.7860234,-0.1353969,23.328972
6312970266,0.012577596,0.07241885,-5.0110545,3.5458465,-1.781809,-0.13181393,23.328972
6312980358,0.011926898,0.072541,-5.011236,3.5518463,-1.8052443,-0.13343608,23.328972
6312990543,0.011477098,0.07232804,-5.010971,3.55684,-1.811801,-0.13495891,23.330353
6313000374,0.011469564,0.0719757,-5.0108066,3.5699878,-1.811314,-0.13363081,23.330353
6313010404,0.011123503,0.0723658,-5.0109344,3.564523,-1.8377787,-0.13407557,23.330353
6313020536,0.010351046,0.07302158,-5.0105124,3.5370893,-1.862709,-0.13687845,23.330353
6313030751,0.010536199,0.072958134,-5.0105414,3.5281668,-1.8479588,-0.13741489,23.330353
6313040562,0.011176702,0.07289721,-5.0108886,3.5379336,-1.8291099,-0.13588281,23.330353
6313050617,0.011134771,0.073411256,-5.010735,3.5235832,-1.841095,-0.13447309,23.330353
6313060592,0.010744019,0.07430246,-5.0111003,3.495144,-1.8528208,-0.13923493,23.330353
6313070672,0.011006965,0.074189186,-5.011183,3.4882295,-1.8402351,-0.13989429,23.330353
6313080719,0.011319625,0.074228324,-5.011027,3.4915385,-1.8372339,-0.13814133,23.330353
6313090882,0.010803144,0.07492815,-5.0110273,3.476292,-1.8612479,-0.13831216,23.330189
6313100767,0.010002952,0.075268604,-5.01042,3.4640255,-1.8812547,-0.14121397,23.330189
6313110851,0.009492211,0.074815124,-5.010491,3.4839137,-1.8881876,-0.1423475,23.330189
6313120953,0.009399855,0.0744582,-5.010477,3.5078244,-1.8918055,-0.14233804,23.330189
6313130893,0.009174663,0.07463438,-5.0101347,3.5035205,-1.9004956,-0.1416787,23.330189
6313140958,0.008788009,0.07435695,-5.010251,3.5000236,-1.9070133,-0.1417621,23.330189
6313151161,0.00870588,0.07369195,-5.010009,3.5243037,-1.9069873,-0.14171073,23.330189
6313160992,0.008929377,0.07366383,-5.010274,3.5311072,-1.9007946,-0.13860473,23.330189
6313171090,0.009366995,0.07450852,-5.010602,3.4984574,-1.8872461,-0.13764837,23.330189
6313181183,0.009983051,0.07426012,-5.0100236,3.4874573,-1.8619155,-0.13740484,23.330189
6313191452,0.010846604,0.07364836,-5.010833,3.5145276,-1.8364888,-0.13514465,23.33069
6313201184,0.011664803,0.07399775,-5.0119314,3.5060923,-1.8206993,-0.13270105,23.33069
6313211342,0.012303003,0.0746003,-5.011407,3.4619288,-1.8009423,-0.13255441,23.33069
6313221224,0.012649605,0.0741708,-5.0116277,3.467514,-1.781701,-0.13313788,23.33069
6313231305,0.012860214,0.07351703,-5.0119095,3.4997382,-1.7783537,-0.13066217,23.33069
6313241419,0.012986803,0.074151605,-5.011871,3.4808023,-1.7839946,-0.1306777,23.33069
6313251367,0.012991603,0.074636824,-5.011907,3.450198,-1.7854072,-0.13294926,23.33069
6313261522,0.012533576,0.07359546,-5.0109177,3.486444,-1.7984881,-0.13399777,23.33069
6313271525,0.011514219,0.072599806,-5.0107346,3.547706,-1.8358192,-0.13407378,23.33069
6313281737,0.010593711,0.07286535,-5.0111136,3.5492196,-1.8669599,-0.13427344,23.33069
6313291784,0.010111376,0.07312064,-5.010256,3.5256784,-1.87694,-0.13742779,23.330778
6313301808,0.009761767,0.07209824,-5.009984,3.5568905,-1.8754052,-0.13836128,23.330778
6313311697,0.009988438,0.07151413,-5.0103145,3.5973527,-1.8723078,-0.13657261,23.330778
6313321779,0.010274671,0.07246152,-5.010459,3.563961,-1.8721437,-0.1349021,23.330778
6313331730,0.01009057,0.07350457,-5.0103683,3.5158262,-1.8781507,-0.13708654,23.330778
6313341789,0.010097594,0.07329784,-5.010364,3.5244353,-1.8743892,-0.13773544,23.330778
6313351849,0.010653382,0.073304385,-5.011114,3.5298545,-1.8514674,-0.13638504,23.330778
6313361940,0.011529814,0.07424922,-5.011767,3.4862845,-1.827034,-0.13517097,23.330778
6313371864,0.011894542,0.07470549,-5.0114837,3.453953,-1.8155632,-0.13575722,23.330778
6313381935,0.011805099,0.074795134,-5.0119395,3.4607794,-1.8205962,-0.13666692,23.330778
6313392084,0.011774424,0.07496507,-5.0122824,3.457643,-1.820795,-0.13601518,23.330267
6313402126,0.012058641,0.07505177,-5.0119457,3.443001,-1.8087344,-0.1358576,23.330267
6313412049,0.012006742,0.07438926,-5.011684,3.4632256,-1.8074116,-0.1353429,23.330267
6313422106,0.011532767,0.07339293,-5.011244,3.506603,-1.8215357,-0.1349143,23.330267
6313432161,0.011244665,0.07288956,-5.011534,3.5305564,-1.8253256,-0.13563615,23.330267
6313442185,0.011108705,0.07245996,-5.0112333,3.542563,-1.8258923,-0.13538453,23.330267
6313452247,0.010669887,0.07204757,-5.010445,3.5687473,-1.8431946,-0.13528849,23.330267
6313462260,0.010208624,0.071827486,-5.0106854,3.584502,-1.8556533,-0.13673088,23.330267
6313472306,0.010465372,0.07221323,-5.010874,3.5701303,-1.8452262,-0.13723353,23.330267
6313482366,0.010807042,0.07246976,-5.0105834,3.5545137,-1.8344014,-0.13596319,23.330267
6313492536,0.010648226,0.072653495,-5.010426,3.5540183,-1.8429846,-0.13725623,23.331459
6313502445,0.010484272,0.07321945,-5.010687,3.5426922,-1.8511171,-0.13727492,23.331459
6313512524,0.010667188,0.073904246,-5.011446,3.5120788,-1.8403797,-0.13767257,23.331459
6313522631,0.011033649,0.07427466,-5.0118074,3.493869,-1.8266177,-0.13768679,23.331459
6313532529,0.011398907,0.07437853,-5.0114036,3.4850676,-1.8248848,-0.13642733,23.331459
6313542604,0.011565725,0.07492443,-5.011791,3.4654565,-1.8212533,-0.13701694,23.331459
6313552630,0.01171454,0.074929394,-5.0117407,3.4513152,-1.8122213,-0.13727936,23.331459
6313562653,0.011519695,0.07458941,-5.0114074,3.468234,-1.819851,-0.13621567,23.331459
6313572702,0.010943434,0.07447654,-5.0116467,3.487405,-1.8424253,-0.1363329,23.331459
6313582776,0.010635224,0.074246846,-5.011526,3.4878156,-1.8491938,-0.13781406,23.331459
6313592850,0.010717993,0.073810935,-5.011651,3.5019026,-1.8386279,-0.13677116,23.32928
6313602817,0.01073356,0.073114805,-5.011178,3.5311415,-1.8426214,-0.13585424,23.32928
6313612862,0.010430902,0.073039204,-5.0102983,3.5418184,-1.8568481,-0.13530421,23.32928
6313622929,0.010456856,0.0731063,-5.010327,3.5320983,-1.8573146,-0.1360085,23.32928
6313632995,0.010581078,0.072749875,-5.0103583,3.5408022,-1.8460671,-0.1350549,23.32928
6313642979,0.010587176,0.072300635,-5.0103493,3.55943,-1.8430445,-0.13341163,23.32928
6313653022,0.010774177,0.07265247,-5.0108933,3.550482,-1.8414646,-0.13170844,23.32928
6313663095,0.011024032,0.07311408,-5.010935,3.5252903,-1.8325201,-0.13330394,23.32928
6313673228,0.01127905,0.0729359,-5.0110855,3.5202823,-1.8255153,-0.13317898,23.32928
6313683194,0.011435024,0.072894864,-5.010928,3.5278237,-1.8209808,-0.13199718,23.32928
6313693344,0.011798654,0.073186696,-5.010731,3.5133305,-1.8150514,-0.1306078,23.330673
6313703204,0.011903677,0.07357259,-5.011068,3.4933612,-1.8085461,-0.1315208,23.330673
6313713303,0.011760447,0.07355445,-5.0111847,3.4969876,-1.813456,-0.13226344,23.330673
6313723326,0.011442368,0.07350328,-5.0111675,3.506766,-1.8240062,-0.13161613,23.330673
6313733416,0.011231925,0.073846675,-5.0113015,3.4985611,-1.8316476,-0.13264896,23.330673
6313743489,0.011017432,0.07400179,-5.0109754,3.4952455,-1.8408889,-0.13343933,23.330673
6313753509,0.010618368,0.07373435,-5.01098,3.5106456,-1.854455,-0.1349124,23.330673
6313763507,0.010670618,0.07341161,-5.0108137,3.5205317,-1.8568268,-0.13382249,23.330673
6313773559,0.010831603,0.07340852,-5.010577,3.5186539,-1.848667,-0.13405837,23.330673
6313783685,0.010640432,0.073421076,-5.010913,3.5224233,-1.8542436,-0.13383387,23.330673
6313793739,0.01021483,0.07320398,-5.0107245,3.5321605,-1.8678087,-0.13459529,23.331041
6313803713,0.010482454,0.073341236,-5.0107374,3.5294273,-1.8603259,-0.1345592,23.331041
6313813695,0.011089984,0.07345704,-5.011339,3.512486,-1.8403518,-0.13332152,23.331041
6313823735,0.011305924,0.0736964,-5.011357,3.5037255,-1.833561,-0.13377272,23.331041
6313833817,0.0112904,0.07352889,-5.011758,3.5077045,-1.8287517,-0.13420019,23.331041
6313843883,0.011716605,0.0733565,-5.0117955,3.507099,-1.8121731,-0.13377738,23.331041
6313853856,0.011926239,0.07348729,-5.0116057,3.5030599,-1.805318,-0.13363793,23.331041
6313863913,0.011507465,0.07371216,-5.011851,3.5030625,-1.8199794,-0.1345679,23.331041
6313873981,0.011365051,0.0736345,-5.011525,3.505864,-1.8236613,-0.13562268,23.331041
6313884014,0.01190278,0.07340822,-5.011351,3.5095377,-1.8064986,-0.13609616,23.331041
6313894203,0.012112638,0.073237285,-5.011604,3.5161042,-1.8056362,-0.1351364,23.33161
6313904056,0.011421493,0.07309007,-5.011435,3.5292928,-1.828506,-0.1360449,23.33161
6313914186,0.010906353,0.07283665,-5.0115075,3.5419352,-1.8387141,-0.13743424,23.33161
6313924157,0.010896951,0.07250784,-5.0114594,3.551388,-1.8344762,-0.13689859,23.33161
6313934236,0.010819217,0.07276458,-5.011002,3.5484614,-1.8476562,-0.13672405,23.33161
6313944229,0.010288577,0.07350471,-5.0113907,3.5310876,-1.871143,-0.13852249,23.33161
6313954251,0.010053564,0.07395847,-5.01117,3.5106363,-1.8736848,-0.13922966,23.33161
6313964361,0.01025716,0.07406906,-5.010979,3.5026886,-1.8658222,-0.1391271,23.33161
6313974340,0.01021931,0.074177794,-5.011055,3.4995444,-1.8694077,-0.1375437,23.33161
6313984480,0.010158886,0.07426003,-5.0108933,3.4896116,-1.8715333,-0.1376055,23.33161
6313994564,0.010516059,0.07426153,-5.0114827,3.4837303,-1.8521483,-0.13825771,23.331793
6314005234,0.011201013,0.07392579,-5.011724,3.4891026,-1.8290339,-0.13611864,23.331793
6314014582,0.011546902,0.07381306,-5.0113697,3.4961858,-1.8253392,-0.1354787,23.331793
6314024624,0.011608252,0.07399374,-5.0116863,3.490097,-1.8278655,-0.13652456,23.331793
6314034672,0.011836392,0.07390625,-5.0116754,3.4879367,-1.819478,-0.13715447,23.331793
6314044632,0.012011902,0.07331148,-5.0112553,3.5039523,-1.813249,-0.13591425,23.331793
6314054702,0.011916061,0.072969295,-5.0112987,3.5240855,-1.8218877,-0.13540278,23.331793
6314064739,0.011609797,0.07275738,-5.0109515,3.5319567,-1.8306271,-0.13581753,23.331793
6314074948,0.011523817,0.07238196,-5.011173,3.545612,-1.8271744,-0.13725147,23.331793
6314084869,0.011560787,0.072007746,-5.0112214,3.563317,-1.8257426,-0.13601162,23.331793
6314095047,0.011391427,0.07232655,-5.0108585,3.5595922,-1.8354776,-0.13480785,23.331957
6314104915,0.011272103,0.07290399,-5.011051,3.536002,-1.8432857,-0.13665001,23.331957
6314114910,0.01134527,0.073053196,-5.011031,3.525793,-1.8359634,-0.13669068,23.331957
6314124971,0.01153074,0.07299261,-5.010878,3.529171,-1.8302833,-0.13489896,23.331957
6314135034,0.011248451,0.073354535,-5.0111156,3.5209186,-1.8385504,-0.13463295,23.331957
6314145054,0.011039164,0.07387594,-5.011109,3.50342,-1.8446791,-0.136416,23.331957
6314155111,0.011119905,0.07392286,-5.0113153,3.5023015,-1.836989,-0.13665664,23.331957
6314165132,0.011434428,0.07377613,-5.011545,3.5077102,-1.8257985,-0.13470685,23.331957
6314175179,0.011465251,0.07419216,-5.0113153,3.4943624,-1.8300204,-0.13391797,23.331957
6314185275,0.011163982,0.07464845,-5.011589,3.476602,-1.8407366,-0.13586392,23.331957
6314195386,0.011142976,0.074306995,-5.0113993,3.4844918,-1.8428774,-0.13702483,23.33074
6314205489,0.011163332,0.073887035,-5.0109754,3.5042708,-1.8416748,-0.13529876,23.33074
6314215435,0.010900424,0.07391789,-5.010929,3.5045278,-1.8531237,-0.13633388,23.33074
6314225424,0.010458296,0.07394332,-5.0107527,3.5026221,-1.8630735,-0.1372713,23.33074
6314235475,0.010498449,0.0733348,-5.0110416,3.520584,-1.8572029,-0.13700467,23.33074
6314245545,0.0106048,0.07299637,-5.0110474,3.5393722,-1.8518977,-0.13544272,23.33074
6314255523,0.010692477,0.073020324,-5.010602,3.5337105,-1.8552667,-0.13577493,23.33074
6314265522,0.010652723,0.07306433,-5.010873,3.5273087,-1.8485684,-0.13600652,23.33074
6314275623,0.010986588,0.07274994,-5.0109878,3.538422,-1.8326356,-0.13498788,23.33074
6314285648,0.011346201,0.072636135,-5.010852,3.5439916,-1.8248465,-0.13338113,23.33074
6314295850,0.011342064,0.07289551,-5.01105,3.5348077,-1.8242307,-0.13317332,23.331379
6314305729,0.011333578,0.07298389,-5.0111766,3.5317276,-1.8197789,-0.13356933,23.331379
6314315786,0.011509334,0.07312916,-5.011844,3.5312276,-1.8157066,-0.13240148,23.331379
6314325831,0.011544985,0.07359159,-5.011742,3.5158648,-1.8172195,-0.13150427,23.331379
6314336007,0.011452667,0.07392678,-5.010882,3.498587,-1.8195571,-0.1319902,23.331379
6314346000,0.01162846,0.07383976,-5.011183,3.5008934,-1.8139998,-0.13263264,23.331379
6314355927,0.011643582,0.07350289,-5.0113006,3.5142415,-1.8138454,-0.13133141,23.331379
6314365909,0.011446086,0.07364994,-5.0111027,3.514082,-1.8285539,-0.13224748,23.331379
6314375951,0.011095042,0.073834695,-5.011162,3.5099368,-1.84145,-0.1346818,23.331379
6314386075,0.010988047,0.07350467,-5.0111427,3.520321,-1.8386984,-0.13478649,23.331379
6314396181,0.011022597,0.07353708,-5.011619,3.5279472,-1.8385805,-0.13473777,23.33178
6314406159,0.010750334,0.07388853,-5.011764,3.5160623,-1.8495507,-0.13588038,23.33178
6314416140,0.010578128,0.07392002,-5.011048,3.5069613,-1.8543948,-0.13754699,23.33178
6314426166,0.010702367,0.07353548,-5.0114985,3.5219305,-1.8457594,-0.13850325,23.33178
6314436265,0.011005637,0.07339137,-5.0115323,3.532675,-1.8401257,-0.13701084,23.33178
6314446296,0.011170638,0.07343571,-5.0111685,3.5246356,-1.8401972,-0.13625668,23.33178
6314456293,0.011282618,0.073489755,-5.0112453,3.5220141,-1.8295742,-0.13749096,23.33178
6314466343,0.011598617,0.073358774,-5.011421,3.526186,-1.8190361,-0.13726337,23.33178
6314476398,0.011642099,0.07352547,-5.01209,3.5195146,-1.8173165,-0.13648082,23.33178
6314486525,0.011627542,0.07390994,-5.0119333,3.5049887,-1.81978,-0.13705526,23.33178
6314496653,0.01164588,0.073841505,-5.0112896,3.497368,-1.8196206,-0.13642938,23.331886
6314506571,0.011553859,0.073945254,-5.0112386,3.5003955,-1.8208606,-0.1364137,23.331886
6314516612,0.011493536,0.073777854,-5.0111547,3.5087538,-1.8223425,-0.13568264,23.331886
6314526654,0.011517343,0.073507145,-5.0105147,3.5169177,-1.8253353,-0.13545439,23.331886
6314536745,0.011253498,0.07339839,-5.010989,3.5260952,-1.8348417,-0.13572054,23.331886
6314546666,0.010829287,0.07343233,-5.011366,3.530417,-1.8458136,-0.13623257,23.331886
6314556732,0.010734097,0.07352388,-5.011971,3.525685,-1.8503795,-0.13598087,23.331886
6314566778,0.010738628,0.07364638,-5.0119443,3.522637,-1.8504795,-0.13512662,23.331886
6314576780,0.010754787,0.073728904,-5.011151,3.5218093,-1.8551675,-0.13433121,23.331886
6314586941,0.010613651,0.07390948,-5.0113063,3.5186586,-1.8593637,-0.13456205,23.331886
6314597005,0.010889571,0.07368906,-5.0112367,3.5218434,-1.8470159,-0.13450876,23.329947
6314606933,0.011482445,0.073273554,-5.011126,3.5298905,-1.830686,-0.13184844,23.329947
6314616973,0.011576594,0.07352428,-5.0115724,3.5252178,-1.8289965,-0.13090643,23.329947
6314627024,0.011521056,0.07383598,-5.011628,3.5078938,-1.8302187,-0.13247964,23.329947
6314637052,0.011876324,0.07379661,-5.0119195,3.5032136,-1.8140895,-0.13327551,23.329947
6314647102,0.012291473,0.07367039,-5.012004,3.510011,-1.8036991,-0.13174082,23.329947
6314657172,0.01205671,0.073862635,-5.011265,3.506446,-1.8180172,-0.13209927,23.329947
6314667235,0.011598253,0.0739355,-5.0110483,3.50191,-1.8281429,-0.13448873,23.329947
6314677405,0.011660063,0.07322853,-5.010641,3.5181878,-1.8181956,-0.13483118,23.329947
6314687310,0.011730731,0.07280639,-5.0104938,3.5414996,-1.8131756,-0.13368577,23.329947
6314697429,0.011232823,0.07301792,-5.010678,3.5410912,-1.8363577,-0.1336622,23.330019
6314707486,0.010560904,0.073238246,-5.0103993,3.5329115,-1.8548851,-0.1367113,23.330019
6314717400,0.010561412,0.07292725,-5.010477,3.5452352,-1.8480684,-0.1386096,23.330019
6314727439,0.010821552,0.0725803,-5.0106854,3.5620923,-1.8387102,-0.1356155,23.330019
6314737440,0.010736345,0.07315168,-5.0102935,3.5477574,-1.8493568,-0.13429442,23.330019
6314747525,0.01042201,0.07364661,-5.01031,3.5225768,-1.8589071,-0.13642247,23.330019
6314757596,0.010624669,0.073482215,-5.0103564,3.5237489,-1.8474941,-0.13616776,23.330019
6314767576,0.011115461,0.073501386,-5.0107136,3.5299037,-1.8321366,-0.13406202,23.330019
6314777624,0.011158397,0.07418457,-5.011278,3.5051146,-1.8340263,-0.13355507,23.330019
6314787729,0.011067461,0.07468432,-5.0111146,3.476822,-1.839593,-0.1349308,23.330019
6314797769,0.011195295,0.07447499,-5.011269,3.4791563,-1.824006,-0.13635801,23.330856
